# Blender 4.1.0
# www.blender.org
mtllib ball cap.mtl
o liquid
v 5.694892 4.960278 -4.291519
v 5.888614 4.863165 -4.296191
v 5.801566 4.949365 -4.294091
v 5.865757 4.917564 -4.295640
v 5.671100 4.960278 -3.970864
v 5.862011 4.863165 -3.937653
v 5.776226 4.949365 -3.952576
v 5.839486 4.917564 -3.941571
v 5.585208 4.960278 -3.661012
v 5.765972 4.863165 -3.591194
v 5.684746 4.949365 -3.622566
v 5.744644 4.917564 -3.599431
v 5.440517 4.960278 -3.373870
v 5.604187 4.863165 -3.270128
v 5.530643 4.949365 -3.316744
v 5.584876 4.917564 -3.282368
v 5.242589 4.960278 -3.120474
v 5.382874 4.863165 -2.986795
v 5.319838 4.949365 -3.046863
v 5.366323 4.917564 -3.002567
v 4.999028 4.960278 -2.910560
v 5.110538 4.863165 -2.752082
v 5.060431 4.949365 -2.823293
v 5.097382 4.917564 -2.770780
v 4.719195 4.960278 -2.752196
v 4.797645 4.863165 -2.575008
v 4.762394 4.949365 -2.654627
v 4.788389 4.917564 -2.595914
v 4.413843 4.960278 -2.651468
v 4.456219 4.863165 -2.462380
v 4.437177 4.949365 -2.547345
v 4.451219 4.917564 -2.484690
v 4.094708 4.960278 -2.612247
v 4.099380 4.863165 -2.418525
v 4.097281 4.949365 -2.505572
v 4.098829 4.917564 -2.441381
v 3.774053 4.960278 -2.636039
v 3.740842 4.863165 -2.445127
v 3.755765 4.949365 -2.530912
v 3.744760 4.917564 -2.467652
v 3.464201 4.960278 -2.721931
v 3.394383 4.863165 -2.541167
v 3.425755 4.949365 -2.622392
v 3.402621 4.917564 -2.562494
v 3.177059 4.960278 -2.866621
v 3.073318 4.863165 -2.702951
v 3.119934 4.949365 -2.776496
v 3.085558 4.917564 -2.722262
v 2.923663 4.960278 -3.064550
v 2.789984 4.863165 -2.924264
v 2.850052 4.949365 -2.987301
v 2.805756 4.917564 -2.940815
v 2.713749 4.960278 -3.308111
v 2.555271 4.863165 -3.196600
v 2.626482 4.949365 -3.246707
v 2.573969 4.917564 -3.209756
v 2.555386 4.960278 -3.587944
v 2.378198 4.863165 -3.509493
v 2.457816 4.949365 -3.544744
v 2.399103 4.917564 -3.518749
v 2.454658 4.960278 -3.893296
v 2.265569 4.863165 -3.850920
v 2.350535 4.949365 -3.869961
v 2.287879 4.917564 -3.855920
v 2.415436 4.960278 -4.212430
v 2.221714 4.863165 -4.207758
v 2.308762 4.949365 -4.209858
v 2.244570 4.917564 -4.208310
v 2.439228 4.960278 -4.533085
v 2.248317 4.863165 -4.566297
v 2.334102 4.949365 -4.551373
v 2.270842 4.917564 -4.562378
v 2.525120 4.960278 -4.842937
v 2.344356 4.863165 -4.912755
v 2.425581 4.949365 -4.881383
v 2.365684 4.917564 -4.904518
v 2.669811 4.960278 -5.130080
v 2.506141 4.863165 -5.233821
v 2.579685 4.949365 -5.187205
v 2.525451 4.917564 -5.221581
v 2.867739 4.960278 -5.383476
v 2.727454 4.863165 -5.517154
v 2.790490 4.949365 -5.457087
v 2.744005 4.917564 -5.501382
v 3.111300 4.960278 -5.593389
v 2.999789 4.863165 -5.751867
v 3.049896 4.949365 -5.680656
v 3.012946 4.917564 -5.733170
v 3.391133 4.960278 -5.751753
v 3.312683 4.863165 -5.928941
v 3.347934 4.949365 -5.849322
v 3.321939 4.917564 -5.908035
v 3.696485 4.960278 -5.852481
v 3.654109 4.863165 -6.041569
v 3.673150 4.949365 -5.956604
v 3.659109 4.917564 -6.019259
v 4.015620 4.960278 -5.891703
v 4.010948 4.863165 -6.085424
v 4.013047 4.949365 -5.998377
v 4.011499 4.917564 -6.062568
v 4.336275 4.960278 -5.867910
v 4.369486 4.863165 -6.058822
v 4.354563 4.949365 -5.973037
v 4.365567 4.917564 -6.036297
v 4.646127 4.960278 -5.782019
v 4.715945 4.863165 -5.962782
v 4.684572 4.949365 -5.881557
v 4.707707 4.917564 -5.941455
v 4.933269 4.960278 -5.637328
v 5.037010 4.863165 -5.800998
v 4.990395 4.949365 -5.727453
v 5.024770 4.917564 -5.781687
v 5.186665 4.960278 -5.439399
v 5.320343 4.863165 -5.579685
v 5.260276 4.949365 -5.516648
v 5.304571 4.917564 -5.563133
v 5.396578 4.960278 -5.195839
v 5.555057 4.863165 -5.307349
v 5.483845 4.949365 -5.257243
v 5.536359 4.917564 -5.294193
v 5.554942 4.960278 -4.916006
v 5.732130 4.863165 -4.994456
v 5.652512 4.949365 -4.959205
v 5.711225 4.917564 -4.985200
v 5.655670 4.960278 -4.610654
v 5.844759 4.863165 -4.653029
v 5.759793 4.949365 -4.633988
v 5.822449 4.917564 -4.648030
v 5.919449 1.539278 -4.296934
v 4.696380 0.918669 -4.267438
v 5.867269 1.345617 -4.295676
v 5.699518 1.169748 -4.291630
v 5.426986 1.031460 -4.285058
v 5.079563 0.945920 -4.276679
v 4.687076 0.918669 -4.142045
v 5.892398 1.539278 -3.932366
v 5.064699 0.945920 -4.076354
v 5.407081 1.031460 -4.016793
v 5.675658 1.169748 -3.970071
v 5.840975 1.345617 -3.941312
v 4.653488 0.918669 -4.020879
v 5.794744 1.539278 -3.580081
v 5.011039 0.945920 -3.882778
v 5.335223 1.031460 -3.757566
v 5.589525 1.169748 -3.659345
v 5.746054 1.345617 -3.598887
v 4.596907 0.918669 -3.908592
v 5.630239 1.539278 -3.253616
v 4.920646 0.945920 -3.703390
v 5.214172 1.031460 -3.517339
v 5.444426 1.169748 -3.371393
v 5.586153 1.345617 -3.281559
v 4.519506 0.918669 -3.809500
v 5.405204 1.539278 -2.965517
v 4.796992 0.945920 -3.545084
v 5.048582 1.031460 -3.305343
v 5.245938 1.169748 -3.117281
v 5.367416 1.345617 -3.001524
v 4.424263 0.918669 -3.727414
v 5.128288 1.539278 -2.726856
v 4.644831 0.945920 -3.413943
v 4.844815 1.031460 -3.129726
v 5.001690 1.169748 -2.906776
v 5.098251 1.345617 -2.769544
v 4.314833 0.918669 -3.665485
v 4.810132 1.539278 -2.546805
v 4.470008 0.945920 -3.315007
v 4.610703 1.031460 -2.997236
v 4.721068 1.169748 -2.747965
v 4.789001 1.345617 -2.594532
v 4.195426 0.918669 -3.626096
v 4.462964 1.539278 -2.432282
v 4.279245 0.945920 -3.252079
v 4.355241 1.031460 -2.912966
v 4.414855 1.169748 -2.646953
v 4.451550 1.345617 -2.483215
v 4.070628 0.918669 -3.610758
v 4.100123 1.539278 -2.387689
v 4.079868 0.945920 -3.227576
v 4.088247 1.031460 -2.880152
v 4.094820 1.169748 -2.607620
v 4.098865 1.345617 -2.439870
v 3.945234 0.918669 -3.620062
v 3.735556 1.539278 -2.414740
v 3.879543 0.945920 -3.242440
v 3.819982 1.031460 -2.900058
v 3.773260 1.169748 -2.631480
v 3.744501 1.345617 -2.466164
v 3.824068 0.918669 -3.653650
v 3.383270 1.539278 -2.512394
v 3.685967 0.945920 -3.296099
v 3.560755 1.031460 -2.971916
v 3.462534 1.169748 -2.717614
v 3.402076 1.345617 -2.561084
v 3.711781 0.918669 -3.710232
v 3.056805 1.539278 -2.676900
v 3.506579 0.945920 -3.386493
v 3.320528 1.031460 -3.092966
v 3.174582 1.169748 -2.862713
v 3.084749 1.345617 -2.720985
v 3.612690 0.918669 -3.787631
v 2.768706 1.539278 -2.901935
v 3.348274 0.945920 -3.510146
v 3.108533 1.031460 -3.258556
v 2.920471 1.169748 -3.061200
v 2.804714 1.345617 -2.939722
v 3.530603 0.918669 -3.882876
v 2.530046 1.539278 -3.178851
v 3.217132 0.945920 -3.662308
v 2.932915 1.031460 -3.462323
v 2.709965 1.169748 -3.305448
v 2.572733 1.345617 -3.208887
v 3.468675 0.918669 -3.992306
v 2.349994 1.539278 -3.497006
v 3.118196 0.945920 -3.837130
v 2.800426 1.031460 -3.696436
v 2.551154 1.169748 -3.586071
v 2.397721 1.345617 -3.518137
v 3.429286 0.918669 -4.111712
v 2.235472 1.539278 -3.844175
v 3.055268 0.945920 -4.027894
v 2.716155 1.031460 -3.951897
v 2.450142 1.169748 -3.892283
v 2.286404 1.345617 -3.855589
v 3.413948 0.918669 -4.236511
v 2.190878 1.539278 -4.207015
v 3.030765 0.945920 -4.227270
v 2.683342 1.031460 -4.218892
v 2.410810 1.169748 -4.212319
v 2.243059 1.345617 -4.208273
v 3.423252 0.918669 -4.361904
v 2.217929 1.539278 -4.571583
v 3.045629 0.945920 -4.427595
v 2.703247 1.031460 -4.487156
v 2.434669 1.169748 -4.533878
v 2.269353 1.345617 -4.562637
v 3.456839 0.918669 -4.483070
v 2.315584 1.539278 -4.923869
v 3.099288 0.945920 -4.621171
v 2.775105 1.031460 -4.746383
v 2.520803 1.169748 -4.844604
v 2.364274 1.345617 -4.905063
v 3.513421 0.918669 -4.595357
v 2.480089 1.539278 -5.250333
v 3.189682 0.945920 -4.800559
v 2.896155 1.031460 -4.986610
v 2.665902 1.169748 -5.132556
v 2.524175 1.345617 -5.222390
v 3.590822 0.918669 -4.694449
v 2.705124 1.539278 -5.538432
v 3.313336 0.945920 -4.958866
v 3.061746 1.031460 -5.198606
v 2.864389 1.169748 -5.386668
v 2.742911 1.345617 -5.502425
v 3.686065 0.918669 -4.776535
v 2.982040 1.539278 -5.777093
v 3.465497 0.945920 -5.090006
v 3.265513 1.031460 -5.374223
v 3.108637 1.169748 -5.597173
v 3.012076 1.345617 -5.734405
v 3.795495 0.918669 -4.838464
v 3.300195 1.539278 -5.957144
v 3.640319 0.945920 -5.188942
v 3.499625 1.031460 -5.506713
v 3.389260 1.169748 -5.755984
v 3.321327 1.345617 -5.909417
v 3.914901 0.918669 -4.877853
v 3.647364 1.539278 -6.071667
v 3.831083 0.945920 -5.251870
v 3.755087 1.031460 -5.590983
v 3.695472 1.169748 -5.856996
v 3.658778 1.345617 -6.020734
v 4.039700 0.918669 -4.893191
v 4.010204 1.539278 -6.116260
v 4.030459 0.945920 -5.276374
v 4.022080 1.031460 -5.623797
v 4.015508 1.169748 -5.896329
v 4.011463 1.345617 -6.064079
v 4.165093 0.918669 -4.883887
v 4.374772 1.539278 -6.089209
v 4.230785 0.945920 -5.261509
v 4.290346 1.031460 -5.603891
v 4.337068 1.169748 -5.872469
v 4.365827 1.345617 -6.037786
v 4.286260 0.918669 -4.850299
v 4.727058 1.539278 -5.991555
v 4.424360 0.945920 -5.207850
v 4.549572 1.031460 -5.532033
v 4.647794 1.169748 -5.786335
v 4.708252 1.345617 -5.942865
v 4.398547 0.918669 -4.793717
v 5.053523 1.539278 -5.827049
v 4.603748 0.945920 -5.117456
v 4.789800 1.031460 -5.410983
v 4.935746 1.169748 -5.641236
v 5.025579 1.345617 -5.782964
v 4.497637 0.918669 -4.716318
v 5.341621 1.539278 -5.602015
v 4.762054 0.945920 -4.993804
v 5.001795 1.031460 -5.245393
v 5.189857 1.169748 -5.442750
v 5.305614 1.345617 -5.564228
v 4.579725 0.918669 -4.621073
v 5.580282 1.539278 -5.325099
v 4.893196 0.945920 -4.841641
v 5.177413 1.031460 -5.041626
v 5.400363 1.169748 -5.198501
v 5.537595 1.345617 -5.295062
v 4.641653 0.918669 -4.511644
v 5.760334 1.539278 -5.006943
v 4.992131 0.945920 -4.666819
v 5.309902 1.031460 -4.807513
v 5.559174 1.169748 -4.917879
v 5.712606 1.345617 -4.985812
v 4.681042 0.918669 -4.392237
v 5.874856 1.539278 -4.659774
v 5.055059 0.945920 -4.476056
v 5.394173 1.031460 -4.552052
v 5.660185 1.169748 -4.611666
v 5.823924 1.345617 -4.648360
vn -0.0537 -0.9986 0.0013
vn -0.9781 -0.2066 0.0236
vn -0.2679 -0.9634 0.0065
vn -0.6844 -0.7289 0.0165
vn -0.0529 -0.9986 -0.0092
vn -0.9640 -0.2066 -0.1677
vn -0.2641 -0.9634 -0.0459
vn -0.6745 -0.7289 -0.1173
vn -0.0501 -0.9986 -0.0194
vn -0.9127 -0.2066 -0.3525
vn -0.2500 -0.9634 -0.0966
vn -0.6386 -0.7289 -0.2467
vn -0.0454 -0.9986 -0.0288
vn -0.8264 -0.2066 -0.5238
vn -0.2264 -0.9634 -0.1435
vn -0.5783 -0.7289 -0.3665
vn -0.0389 -0.9986 -0.0371
vn -0.7083 -0.2066 -0.6750
vn -0.1940 -0.9634 -0.1849
vn -0.4956 -0.7289 -0.4723
vn -0.0309 -0.9986 -0.0439
vn -0.5630 -0.2066 -0.8002
vn -0.1542 -0.9634 -0.2192
vn -0.3940 -0.7289 -0.5599
vn -0.0217 -0.9986 -0.0491
vn -0.3961 -0.2066 -0.8947
vn -0.1085 -0.9634 -0.2451
vn -0.2772 -0.7289 -0.6260
vn -0.0117 -0.9986 -0.0524
vn -0.2140 -0.2066 -0.9547
vn -0.0586 -0.9634 -0.2615
vn -0.1497 -0.7289 -0.6681
vn -0.0013 -0.9986 -0.0537
vn -0.0236 -0.2066 -0.9781
vn -0.0065 -0.9634 -0.2679
vn -0.0165 -0.7289 -0.6844
vn 0.0092 -0.9986 -0.0529
vn 0.1677 -0.2066 -0.9640
vn 0.0459 -0.9634 -0.2641
vn 0.1173 -0.7289 -0.6745
vn 0.0194 -0.9986 -0.0501
vn 0.3525 -0.2066 -0.9127
vn 0.0966 -0.9634 -0.2500
vn 0.2467 -0.7289 -0.6386
vn 0.0288 -0.9986 -0.0454
vn 0.5238 -0.2066 -0.8264
vn 0.1435 -0.9634 -0.2264
vn 0.3665 -0.7289 -0.5783
vn 0.0371 -0.9986 -0.0389
vn 0.6750 -0.2066 -0.7083
vn 0.1849 -0.9634 -0.1940
vn 0.4723 -0.7289 -0.4956
vn 0.0439 -0.9986 -0.0309
vn 0.8002 -0.2066 -0.5630
vn 0.2192 -0.9634 -0.1542
vn 0.5599 -0.7289 -0.3940
vn 0.0491 -0.9986 -0.0217
vn 0.8947 -0.2066 -0.3961
vn 0.2451 -0.9634 -0.1085
vn 0.6260 -0.7289 -0.2772
vn 0.0524 -0.9986 -0.0117
vn 0.9547 -0.2066 -0.2140
vn 0.2615 -0.9634 -0.0586
vn 0.6681 -0.7289 -0.1497
vn 0.0537 -0.9986 -0.0013
vn 0.9781 -0.2066 -0.0236
vn 0.2679 -0.9634 -0.0065
vn 0.6844 -0.7289 -0.0165
vn 0.0529 -0.9986 0.0092
vn 0.9640 -0.2066 0.1677
vn 0.2641 -0.9634 0.0459
vn 0.6745 -0.7289 0.1173
vn 0.0501 -0.9986 0.0194
vn 0.9127 -0.2066 0.3525
vn 0.2500 -0.9634 0.0966
vn 0.6386 -0.7289 0.2467
vn 0.0454 -0.9986 0.0288
vn 0.8264 -0.2066 0.5238
vn 0.2264 -0.9634 0.1435
vn 0.5783 -0.7289 0.3665
vn 0.0389 -0.9986 0.0371
vn 0.7083 -0.2066 0.6750
vn 0.1940 -0.9634 0.1849
vn 0.4956 -0.7289 0.4723
vn 0.0309 -0.9986 0.0439
vn 0.5630 -0.2066 0.8002
vn 0.1542 -0.9634 0.2192
vn 0.3940 -0.7289 0.5599
vn 0.0217 -0.9986 0.0491
vn 0.3961 -0.2066 0.8947
vn 0.1085 -0.9634 0.2451
vn 0.2772 -0.7289 0.6260
vn 0.0117 -0.9986 0.0524
vn 0.2140 -0.2066 0.9547
vn 0.0586 -0.9634 0.2615
vn 0.1497 -0.7289 0.6681
vn 0.0013 -0.9986 0.0537
vn 0.0236 -0.2066 0.9781
vn 0.0065 -0.9634 0.2679
vn 0.0165 -0.7289 0.6844
vn -0.0092 -0.9986 0.0529
vn -0.1677 -0.2066 0.9640
vn -0.0459 -0.9634 0.2641
vn -0.1173 -0.7289 0.6745
vn -0.0194 -0.9986 0.0501
vn -0.3525 -0.2066 0.9127
vn -0.0966 -0.9634 0.2500
vn -0.2467 -0.7289 0.6386
vn -0.0288 -0.9986 0.0454
vn -0.5238 -0.2066 0.8264
vn -0.1435 -0.9634 0.2264
vn -0.3665 -0.7289 0.5783
vn -0.0371 -0.9986 0.0389
vn -0.6750 -0.2066 0.7083
vn -0.1849 -0.9634 0.1940
vn -0.4723 -0.7289 0.4956
vn -0.0439 -0.9986 0.0309
vn -0.8002 -0.2066 0.5630
vn -0.2192 -0.9634 0.1542
vn -0.5599 -0.7289 0.3940
vn -0.0491 -0.9986 0.0217
vn -0.8947 -0.2066 0.3961
vn -0.2451 -0.9634 0.1085
vn -0.6260 -0.7289 0.2772
vn -0.0524 -0.9986 0.0117
vn -0.9547 -0.2066 0.2140
vn -0.2615 -0.9634 0.0586
vn -0.6681 -0.7289 0.1497
vn -0.9915 0.1279 0.0239
vn -0.0375 0.9993 0.0009
vn -0.8612 0.5078 0.0208
vn -0.5855 0.8106 0.0141
vn -0.3448 0.9386 0.0083
vn -0.1575 0.9875 0.0038
vn -0.0370 0.9993 -0.0064
vn -0.9771 0.1279 -0.1700
vn -0.1552 0.9875 -0.0270
vn -0.3398 0.9386 -0.0591
vn -0.5770 0.8106 -0.1004
vn -0.8487 0.5078 -0.1476
vn -0.0350 0.9993 -0.0135
vn -0.9252 0.1279 -0.3573
vn -0.1470 0.9875 -0.0568
vn -0.3218 0.9386 -0.1243
vn -0.5463 0.8106 -0.2110
vn -0.8036 0.5078 -0.3104
vn -0.0317 0.9993 -0.0201
vn -0.8377 0.1279 -0.5310
vn -0.1331 0.9875 -0.0844
vn -0.2913 0.9386 -0.1847
vn -0.4947 0.8106 -0.3135
vn -0.7276 0.5078 -0.4612
vn -0.0272 0.9993 -0.0259
vn -0.7180 0.1279 -0.6842
vn -0.1141 0.9875 -0.1087
vn -0.2497 0.9386 -0.2380
vn -0.4240 0.8106 -0.4040
vn -0.6237 0.5078 -0.5943
vn -0.0216 0.9993 -0.0307
vn -0.5707 0.1279 -0.8111
vn -0.0907 0.9875 -0.1289
vn -0.1985 0.9386 -0.2821
vn -0.3370 0.8106 -0.4790
vn -0.4958 0.5078 -0.7046
vn -0.0152 0.9993 -0.0343
vn -0.4015 0.1279 -0.9069
vn -0.0638 0.9875 -0.1441
vn -0.1396 0.9386 -0.3154
vn -0.2371 0.8106 -0.5355
vn -0.3488 0.5078 -0.7877
vn -0.0082 0.9993 -0.0367
vn -0.2169 0.1279 -0.9678
vn -0.0345 0.9875 -0.1538
vn -0.0754 0.9386 -0.3366
vn -0.1281 0.8106 -0.5715
vn -0.1884 0.5078 -0.8406
vn -0.0009 0.9993 -0.0375
vn -0.0239 0.1279 -0.9915
vn -0.0038 0.9875 -0.1575
vn -0.0083 0.9386 -0.3448
vn -0.0141 0.8106 -0.5855
vn -0.0208 0.5078 -0.8612
vn 0.0064 0.9993 -0.0370
vn 0.1700 0.1279 -0.9771
vn 0.0270 0.9875 -0.1552
vn 0.0591 0.9386 -0.3398
vn 0.1004 0.8106 -0.5770
vn 0.1476 0.5078 -0.8487
vn 0.0135 0.9993 -0.0350
vn 0.3573 0.1279 -0.9252
vn 0.0568 0.9875 -0.1470
vn 0.1243 0.9386 -0.3218
vn 0.2110 0.8106 -0.5463
vn 0.3104 0.5078 -0.8036
vn 0.0201 0.9993 -0.0317
vn 0.5310 0.1279 -0.8377
vn 0.0844 0.9875 -0.1331
vn 0.1847 0.9386 -0.2913
vn 0.3135 0.8106 -0.4947
vn 0.4612 0.5078 -0.7276
vn 0.0259 0.9993 -0.0272
vn 0.6842 0.1279 -0.7180
vn 0.1087 0.9875 -0.1141
vn 0.2380 0.9386 -0.2497
vn 0.4040 0.8106 -0.4240
vn 0.5943 0.5078 -0.6237
vn 0.0307 0.9993 -0.0216
vn 0.8111 0.1279 -0.5707
vn 0.1289 0.9875 -0.0907
vn 0.2821 0.9386 -0.1985
vn 0.4790 0.8106 -0.3370
vn 0.7046 0.5078 -0.4958
vn 0.0343 0.9993 -0.0152
vn 0.9069 0.1279 -0.4015
vn 0.1441 0.9875 -0.0638
vn 0.3154 0.9386 -0.1396
vn 0.5355 0.8106 -0.2371
vn 0.7877 0.5078 -0.3488
vn 0.0367 0.9993 -0.0082
vn 0.9678 0.1279 -0.2169
vn 0.1538 0.9875 -0.0345
vn 0.3366 0.9386 -0.0754
vn 0.5715 0.8106 -0.1281
vn 0.8406 0.5078 -0.1884
vn 0.0375 0.9993 -0.0009
vn 0.9915 0.1279 -0.0239
vn 0.1575 0.9875 -0.0038
vn 0.3448 0.9386 -0.0083
vn 0.5855 0.8106 -0.0141
vn 0.8612 0.5078 -0.0208
vn 0.0370 0.9993 0.0064
vn 0.9771 0.1279 0.1700
vn 0.1552 0.9875 0.0270
vn 0.3398 0.9386 0.0591
vn 0.5770 0.8106 0.1004
vn 0.8487 0.5078 0.1476
vn 0.0350 0.9993 0.0135
vn 0.9252 0.1279 0.3573
vn 0.1470 0.9875 0.0568
vn 0.3218 0.9386 0.1243
vn 0.5463 0.8106 0.2110
vn 0.8036 0.5078 0.3104
vn 0.0317 0.9993 0.0201
vn 0.8377 0.1279 0.5310
vn 0.1331 0.9875 0.0844
vn 0.2913 0.9386 0.1847
vn 0.4947 0.8106 0.3135
vn 0.7276 0.5078 0.4612
vn 0.0272 0.9993 0.0259
vn 0.7180 0.1279 0.6842
vn 0.1141 0.9875 0.1087
vn 0.2497 0.9386 0.2380
vn 0.4240 0.8106 0.4040
vn 0.6237 0.5078 0.5943
vn 0.0216 0.9993 0.0307
vn 0.5707 0.1279 0.8111
vn 0.0907 0.9875 0.1289
vn 0.1985 0.9386 0.2821
vn 0.3370 0.8106 0.4790
vn 0.4958 0.5078 0.7046
vn 0.0152 0.9993 0.0343
vn 0.4015 0.1279 0.9069
vn 0.0638 0.9875 0.1441
vn 0.1396 0.9386 0.3154
vn 0.2371 0.8106 0.5355
vn 0.3488 0.5078 0.7877
vn 0.0082 0.9993 0.0367
vn 0.2169 0.1279 0.9678
vn 0.0345 0.9875 0.1538
vn 0.0754 0.9386 0.3366
vn 0.1281 0.8106 0.5715
vn 0.1884 0.5078 0.8406
vn 0.0009 0.9993 0.0375
vn 0.0239 0.1279 0.9915
vn 0.0038 0.9875 0.1575
vn 0.0083 0.9386 0.3448
vn 0.0141 0.8106 0.5855
vn 0.0208 0.5078 0.8612
vn -0.0064 0.9993 0.0370
vn -0.1700 0.1279 0.9771
vn -0.0270 0.9875 0.1552
vn -0.0591 0.9386 0.3398
vn -0.1004 0.8106 0.5770
vn -0.1476 0.5078 0.8487
vn -0.0135 0.9993 0.0350
vn -0.3573 0.1279 0.9252
vn -0.0568 0.9875 0.1470
vn -0.1243 0.9386 0.3218
vn -0.2110 0.8106 0.5463
vn -0.3104 0.5078 0.8036
vn -0.0201 0.9993 0.0317
vn -0.5310 0.1279 0.8377
vn -0.0844 0.9875 0.1331
vn -0.1847 0.9386 0.2913
vn -0.3135 0.8106 0.4947
vn -0.4612 0.5078 0.7276
vn -0.0259 0.9993 0.0272
vn -0.6842 0.1279 0.7180
vn -0.1087 0.9875 0.1141
vn -0.2380 0.9386 0.2497
vn -0.4040 0.8106 0.4240
vn -0.5943 0.5078 0.6237
vn -0.0307 0.9993 0.0216
vn -0.8111 0.1279 0.5707
vn -0.1289 0.9875 0.0907
vn -0.2821 0.9386 0.1985
vn -0.4790 0.8106 0.3370
vn -0.7046 0.5078 0.4958
vn -0.0343 0.9993 0.0152
vn -0.9069 0.1279 0.4015
vn -0.1441 0.9875 0.0638
vn -0.3154 0.9386 0.1396
vn -0.5355 0.8106 0.2371
vn -0.7877 0.5078 0.3488
vn -0.0367 0.9993 0.0082
vn -0.9678 0.1279 0.2169
vn -0.1538 0.9875 0.0345
vn -0.3366 0.9386 0.0754
vn -0.5715 0.8106 0.1281
vn -0.8406 0.5078 0.1884
vt 1.000000 0.575386
vt 0.968750 0.575386
vt 0.968750 0.984212
vt 1.000000 0.984212
vt 0.906250 0.575386
vt 0.875000 0.575386
vt 0.875000 0.984212
vt 0.906250 0.984212
vt 0.843750 0.575386
vt 0.843750 0.984212
vt 0.812500 0.575386
vt 0.812500 0.984212
vt 0.781250 0.575386
vt 0.781250 0.984212
vt 0.750000 0.575386
vt 0.750000 0.984212
vt 0.718750 0.575386
vt 0.718750 0.984212
vt 0.687500 0.575386
vt 0.687500 0.984212
vt 0.656250 0.575386
vt 0.656250 0.984212
vt 0.625000 0.575386
vt 0.625000 0.984212
vt 0.593750 0.575386
vt 0.593750 0.984212
vt 0.593750 0.575386
vt 0.562500 0.575386
vt 0.562500 0.984212
vt 0.531250 0.575386
vt 0.531250 0.984212
vt 0.500000 0.575386
vt 0.500000 0.984212
vt 0.468750 0.575386
vt 0.468750 0.984212
vt 0.437500 0.575386
vt 0.437500 0.984212
vt 0.406250 0.575386
vt 0.406250 0.984212
vt 0.375000 0.575386
vt 0.375000 0.984212
vt 0.343750 0.575386
vt 0.343750 0.984212
vt 0.312500 0.575386
vt 0.312500 0.984212
vt 0.281250 0.575386
vt 0.281250 0.984212
vt 0.250000 0.575386
vt 0.250000 0.984212
vt 0.218750 0.575386
vt 0.218750 0.984212
vt 0.187500 0.575386
vt 0.187500 0.984212
vt 0.156250 0.575386
vt 0.156250 0.984212
vt 0.125000 0.575386
vt 0.125000 0.984212
vt 0.093750 0.575386
vt 0.093750 0.984212
vt 0.062500 0.575386
vt 0.062500 0.984212
vt 0.031250 0.575386
vt 0.031250 0.984212
vt 0.937500 0.575386
vt 0.937500 0.984212
vt 0.000000 0.575386
vt 0.000000 0.984212
vt 0.969061 1.000000
vt 0.999689 1.000000
vt 0.296355 0.485434
vt 0.293148 0.466917
vt 0.250000 0.471167
vt 0.250466 0.489954
vt 0.289385 0.447999
vt 0.250000 0.451878
vt 0.937811 1.000000
vt 0.968439 1.000000
vt 0.341396 0.471867
vt 0.334637 0.454331
vt 0.297270 0.485252
vt 0.327255 0.436511
vt 0.906561 1.000000
vt 0.937189 1.000000
vt 0.382924 0.449774
vt 0.372874 0.433893
vt 0.342257 0.471510
vt 0.362157 0.417855
vt 0.875311 1.000000
vt 0.905939 1.000000
vt 0.419343 0.420003
vt 0.406388 0.406389
vt 0.383699 0.449255
vt 0.392749 0.392749
vt 0.844061 1.000000
vt 0.874689 1.000000
vt 0.449255 0.383699
vt 0.433893 0.372874
vt 0.420003 0.419343
vt 0.417855 0.362158
vt 0.812811 1.000000
vt 0.843439 1.000000
vt 0.471510 0.342257
vt 0.454331 0.334637
vt 0.449774 0.382924
vt 0.436511 0.327255
vt 0.781561 1.000000
vt 0.812189 1.000000
vt 0.485252 0.297270
vt 0.466917 0.293147
vt 0.471867 0.341396
vt 0.447999 0.289384
vt 0.750311 1.000000
vt 0.780939 1.000000
vt 0.489954 0.250466
vt 0.471167 0.250000
vt 0.485434 0.296355
vt 0.451878 0.250000
vt 0.719061 1.000000
vt 0.749689 1.000000
vt 0.485434 0.203645
vt 0.466917 0.206853
vt 0.489954 0.249534
vt 0.447999 0.210616
vt 0.687811 1.000000
vt 0.718439 1.000000
vt 0.471867 0.158604
vt 0.454331 0.165363
vt 0.485252 0.202730
vt 0.436511 0.172745
vt 0.656561 1.000000
vt 0.687189 1.000000
vt 0.449774 0.117076
vt 0.433893 0.127126
vt 0.471510 0.157743
vt 0.417856 0.137843
vt 0.625311 1.000000
vt 0.655939 1.000000
vt 0.420003 0.080657
vt 0.406388 0.093612
vt 0.449255 0.116301
vt 0.392749 0.107251
vt 0.594061 1.000000
vt 0.624689 1.000000
vt 0.383699 0.050745
vt 0.372874 0.066107
vt 0.419343 0.079997
vt 0.362158 0.082145
vt 0.562811 1.000000
vt 0.593439 1.000000
vt 0.342257 0.028490
vt 0.334637 0.045669
vt 0.382924 0.050226
vt 0.327255 0.063489
vt 0.531561 1.000000
vt 0.562189 1.000000
vt 0.297270 0.014748
vt 0.293147 0.033083
vt 0.341396 0.028133
vt 0.289384 0.052001
vt 0.500311 1.000000
vt 0.530939 1.000000
vt 0.250466 0.010046
vt 0.250000 0.028833
vt 0.296355 0.014566
vt 0.250000 0.048122
vt 0.469061 1.000000
vt 0.499689 1.000000
vt 0.203645 0.014566
vt 0.206853 0.033083
vt 0.249534 0.010046
vt 0.210616 0.052001
vt 0.437811 1.000000
vt 0.468439 1.000000
vt 0.158604 0.028133
vt 0.165363 0.045669
vt 0.202730 0.014748
vt 0.172745 0.063489
vt 0.406561 1.000000
vt 0.437189 1.000000
vt 0.117076 0.050226
vt 0.127126 0.066107
vt 0.157743 0.028490
vt 0.137842 0.082145
vt 0.375311 1.000000
vt 0.405939 1.000000
vt 0.080657 0.079997
vt 0.093612 0.093612
vt 0.116301 0.050745
vt 0.107251 0.107251
vt 0.344061 1.000000
vt 0.374689 1.000000
vt 0.050745 0.116301
vt 0.066107 0.127126
vt 0.079997 0.080657
vt 0.082145 0.137843
vt 0.312811 1.000000
vt 0.343439 1.000000
vt 0.028490 0.157743
vt 0.045669 0.165363
vt 0.050226 0.117076
vt 0.063489 0.172745
vt 0.281561 1.000000
vt 0.312189 1.000000
vt 0.014748 0.202730
vt 0.033083 0.206853
vt 0.028133 0.158604
vt 0.052001 0.210616
vt 0.250311 1.000000
vt 0.280939 1.000000
vt 0.010046 0.249534
vt 0.028833 0.250000
vt 0.014566 0.203645
vt 0.048122 0.250000
vt 0.219061 1.000000
vt 0.249689 1.000000
vt 0.014566 0.296355
vt 0.033083 0.293148
vt 0.010046 0.250466
vt 0.052001 0.289384
vt 0.187811 1.000000
vt 0.218439 1.000000
vt 0.028133 0.341396
vt 0.045669 0.334637
vt 0.014748 0.297270
vt 0.063489 0.327255
vt 0.156561 1.000000
vt 0.187189 1.000000
vt 0.050226 0.382924
vt 0.066107 0.372874
vt 0.028490 0.342257
vt 0.082145 0.362158
vt 0.125311 1.000000
vt 0.155939 1.000000
vt 0.079997 0.419343
vt 0.093612 0.406388
vt 0.050745 0.383699
vt 0.107251 0.392749
vt 0.094061 1.000000
vt 0.124689 1.000000
vt 0.116301 0.449255
vt 0.127126 0.433893
vt 0.080657 0.420003
vt 0.137843 0.417855
vt 0.062811 1.000000
vt 0.093439 1.000000
vt 0.157743 0.471510
vt 0.165363 0.454331
vt 0.117076 0.449774
vt 0.172745 0.436511
vt 0.031561 1.000000
vt 0.062189 1.000000
vt 0.202730 0.485252
vt 0.206853 0.466917
vt 0.158604 0.471867
vt 0.210616 0.447999
vt 0.000311 1.000000
vt 0.030939 1.000000
vt 0.249534 0.489954
vt 0.203645 0.485434
vt 0.750000 0.332296
vt 0.766055 0.330715
vt 0.775650 0.378949
vt 0.750000 0.381476
vt 0.790585 0.486003
vt 0.756236 0.489386
vt 0.995838 0.500000
vt 0.972912 0.500000
vt 0.970618 0.530562
vt 0.998132 0.530562
vt 0.969202 0.551877
vt 0.999548 0.551877
vt 0.781493 0.326032
vt 0.800314 0.371468
vt 0.835847 0.473550
vt 0.802819 0.483569
vt 0.964588 0.500000
vt 0.941662 0.500000
vt 0.939368 0.530562
vt 0.966882 0.530562
vt 0.937952 0.551877
vt 0.968298 0.551877
vt 0.795721 0.318427
vt 0.823044 0.359318
vt 0.877810 0.452507
vt 0.847371 0.468777
vt 0.933338 0.500000
vt 0.910412 0.500000
vt 0.908118 0.530562
vt 0.935632 0.530562
vt 0.906702 0.551877
vt 0.937048 0.551877
vt 0.808192 0.308192
vt 0.842967 0.342967
vt 0.914861 0.423681
vt 0.888181 0.445577
vt 0.902088 0.500000
vt 0.879162 0.500000
vt 0.876868 0.530562
vt 0.904382 0.530562
vt 0.875452 0.551877
vt 0.905798 0.551877
vt 0.818427 0.295721
vt 0.859318 0.323044
vt 0.945577 0.388181
vt 0.923681 0.414861
vt 0.870838 0.500000
vt 0.847912 0.500000
vt 0.845618 0.530562
vt 0.873132 0.530562
vt 0.844202 0.551877
vt 0.874548 0.551877
vt 0.826032 0.281493
vt 0.871468 0.300314
vt 0.968777 0.347371
vt 0.952507 0.377810
vt 0.839588 0.500000
vt 0.816662 0.500000
vt 0.814368 0.530562
vt 0.841882 0.530562
vt 0.812952 0.551877
vt 0.843298 0.551877
vt 0.830715 0.266055
vt 0.878949 0.275650
vt 0.983569 0.302819
vt 0.973550 0.335847
vt 0.808338 0.500000
vt 0.785412 0.500000
vt 0.783118 0.530562
vt 0.810632 0.530562
vt 0.781702 0.551877
vt 0.812048 0.551877
vt 0.832296 0.250000
vt 0.881476 0.250000
vt 0.989386 0.256237
vt 0.986003 0.290585
vt 0.777088 0.500000
vt 0.754162 0.500000
vt 0.751868 0.530562
vt 0.779382 0.530562
vt 0.750452 0.551877
vt 0.780798 0.551877
vt 0.830715 0.233945
vt 0.878949 0.224350
vt 0.986003 0.209415
vt 0.989386 0.243763
vt 0.745838 0.500000
vt 0.722912 0.500000
vt 0.720618 0.530562
vt 0.748132 0.530562
vt 0.719202 0.551877
vt 0.749548 0.551877
vt 0.826032 0.218507
vt 0.871468 0.199686
vt 0.973550 0.164153
vt 0.983569 0.197181
vt 0.714588 0.500000
vt 0.691662 0.500000
vt 0.689368 0.530562
vt 0.716882 0.530562
vt 0.687952 0.551877
vt 0.718298 0.551877
vt 0.818427 0.204279
vt 0.859318 0.176956
vt 0.952507 0.122190
vt 0.968777 0.152629
vt 0.683338 0.500000
vt 0.660412 0.500000
vt 0.658118 0.530562
vt 0.685632 0.530562
vt 0.656702 0.551877
vt 0.687048 0.551877
vt 0.808192 0.191808
vt 0.842967 0.157033
vt 0.923681 0.085139
vt 0.945577 0.111819
vt 0.652088 0.500000
vt 0.629162 0.500000
vt 0.626868 0.530562
vt 0.654382 0.530562
vt 0.625452 0.551877
vt 0.655798 0.551877
vt 0.795721 0.181573
vt 0.823044 0.140682
vt 0.888181 0.054423
vt 0.914861 0.076319
vt 0.620838 0.500000
vt 0.597912 0.500000
vt 0.595618 0.530562
vt 0.623132 0.530562
vt 0.594202 0.551877
vt 0.624548 0.551877
vt 0.781493 0.173968
vt 0.800314 0.128532
vt 0.847371 0.031223
vt 0.877810 0.047493
vt 0.589588 0.500000
vt 0.566662 0.500000
vt 0.564368 0.530562
vt 0.591882 0.530562
vt 0.562952 0.551877
vt 0.593298 0.551877
vt 0.766055 0.169285
vt 0.775650 0.121051
vt 0.802819 0.016431
vt 0.835847 0.026450
vt 0.558338 0.500000
vt 0.535412 0.500000
vt 0.533118 0.530562
vt 0.560632 0.530562
vt 0.531702 0.551877
vt 0.562048 0.551877
vt 0.750000 0.167704
vt 0.750000 0.118524
vt 0.756236 0.010614
vt 0.790585 0.013997
vt 0.527088 0.500000
vt 0.504162 0.500000
vt 0.501868 0.530562
vt 0.529382 0.530562
vt 0.500452 0.551877
vt 0.530798 0.551877
vt 0.733945 0.169285
vt 0.724350 0.121051
vt 0.709415 0.013997
vt 0.743763 0.010614
vt 0.495838 0.500000
vt 0.472912 0.500000
vt 0.470618 0.530562
vt 0.498132 0.530562
vt 0.469202 0.551877
vt 0.499548 0.551877
vt 0.718507 0.173968
vt 0.699686 0.128532
vt 0.664153 0.026450
vt 0.697181 0.016431
vt 0.464588 0.500000
vt 0.441662 0.500000
vt 0.439368 0.530562
vt 0.466882 0.530562
vt 0.437952 0.551877
vt 0.468298 0.551877
vt 0.704279 0.181573
vt 0.676956 0.140682
vt 0.622190 0.047493
vt 0.652629 0.031223
vt 0.433338 0.500000
vt 0.410412 0.500000
vt 0.408118 0.530562
vt 0.435632 0.530562
vt 0.406702 0.551877
vt 0.437048 0.551877
vt 0.691808 0.191808
vt 0.657032 0.157033
vt 0.585139 0.076319
vt 0.611819 0.054423
vt 0.402088 0.500000
vt 0.379162 0.500000
vt 0.376868 0.530562
vt 0.404382 0.530562
vt 0.375452 0.551877
vt 0.405798 0.551877
vt 0.681573 0.204279
vt 0.640682 0.176956
vt 0.554423 0.111819
vt 0.576319 0.085139
vt 0.370838 0.500000
vt 0.347912 0.500000
vt 0.345618 0.530562
vt 0.373132 0.530562
vt 0.344202 0.551877
vt 0.374548 0.551877
vt 0.673968 0.218507
vt 0.628532 0.199686
vt 0.531223 0.152629
vt 0.547493 0.122190
vt 0.339588 0.500000
vt 0.316662 0.500000
vt 0.314368 0.530562
vt 0.341882 0.530562
vt 0.312952 0.551877
vt 0.343298 0.551877
vt 0.669285 0.233945
vt 0.621050 0.224350
vt 0.516431 0.197181
vt 0.526450 0.164153
vt 0.308338 0.500000
vt 0.285412 0.500000
vt 0.283118 0.530562
vt 0.310632 0.530562
vt 0.281702 0.551877
vt 0.312048 0.551877
vt 0.667704 0.250000
vt 0.618524 0.250000
vt 0.510614 0.243763
vt 0.513997 0.209415
vt 0.277088 0.500000
vt 0.254162 0.500000
vt 0.251868 0.530562
vt 0.279382 0.530562
vt 0.250452 0.551877
vt 0.280798 0.551877
vt 0.669285 0.266055
vt 0.621051 0.275650
vt 0.513997 0.290585
vt 0.510614 0.256237
vt 0.245838 0.500000
vt 0.222912 0.500000
vt 0.220618 0.530562
vt 0.248132 0.530562
vt 0.219202 0.551877
vt 0.249548 0.551877
vt 0.673968 0.281493
vt 0.628532 0.300314
vt 0.526450 0.335847
vt 0.516431 0.302819
vt 0.214588 0.500000
vt 0.191662 0.500000
vt 0.189368 0.530562
vt 0.216882 0.530562
vt 0.187952 0.551877
vt 0.218298 0.551877
vt 0.681573 0.295721
vt 0.640682 0.323044
vt 0.547493 0.377810
vt 0.531223 0.347371
vt 0.183338 0.500000
vt 0.160412 0.500000
vt 0.158118 0.530562
vt 0.185632 0.530562
vt 0.156702 0.551877
vt 0.187048 0.551877
vt 0.691808 0.308192
vt 0.657033 0.342967
vt 0.576319 0.414861
vt 0.554423 0.388181
vt 0.152088 0.500000
vt 0.129162 0.500000
vt 0.126868 0.530562
vt 0.154382 0.530562
vt 0.125452 0.551877
vt 0.155798 0.551877
vt 0.704279 0.318427
vt 0.676956 0.359318
vt 0.611819 0.445577
vt 0.585139 0.423681
vt 0.120838 0.500000
vt 0.097912 0.500000
vt 0.095618 0.530562
vt 0.123132 0.530562
vt 0.094202 0.551877
vt 0.124548 0.551877
vt 0.718507 0.326032
vt 0.699686 0.371468
vt 0.652629 0.468777
vt 0.622190 0.452507
vt 0.089588 0.500000
vt 0.066662 0.500000
vt 0.064368 0.530562
vt 0.091882 0.530562
vt 0.062952 0.551877
vt 0.093298 0.551877
vt 0.733945 0.330715
vt 0.724350 0.378949
vt 0.697181 0.483569
vt 0.664153 0.473550
vt 0.058338 0.500000
vt 0.035412 0.500000
vt 0.033118 0.530562
vt 0.060632 0.530562
vt 0.031702 0.551877
vt 0.062048 0.551877
vt 0.743764 0.489386
vt 0.709415 0.486003
vt 0.027088 0.500000
vt 0.004162 0.500000
vt 0.001868 0.530562
vt 0.029382 0.530562
vt 0.000452 0.551877
vt 0.030798 0.551877
s 1
usemtl Material.002
f 129/1/129 136/2/136 6/3/6 2/4/2
f 148/5/148 154/6/154 18/7/18 14/8/14
f 154/6/154 160/9/160 22/10/22 18/7/18
f 160/9/160 166/11/166 26/12/26 22/10/22
f 166/11/166 172/13/172 30/14/30 26/12/26
f 172/13/172 178/15/178 34/16/34 30/14/30
f 178/15/178 184/17/184 38/18/38 34/16/34
f 184/17/184 190/19/190 42/20/42 38/18/38
f 190/19/190 196/21/196 46/22/46 42/20/42
f 196/21/196 202/23/202 50/24/50 46/22/46
f 202/23/202 208/25/208 54/26/54 50/24/50
f 208/27/208 214/28/214 58/29/58 54/26/54
f 214/28/214 220/30/220 62/31/62 58/29/58
f 220/30/220 226/32/226 66/33/66 62/31/62
f 226/32/226 232/34/232 70/35/70 66/33/66
f 232/34/232 238/36/238 74/37/74 70/35/70
f 238/36/238 244/38/244 78/39/78 74/37/74
f 244/38/244 250/40/250 82/41/82 78/39/78
f 250/40/250 256/42/256 86/43/86 82/41/82
f 256/42/256 262/44/262 90/45/90 86/43/86
f 262/44/262 268/46/268 94/47/94 90/45/90
f 268/46/268 274/48/274 98/49/98 94/47/94
f 274/48/274 280/50/280 102/51/102 98/49/98
f 280/50/280 286/52/286 106/53/106 102/51/102
f 286/52/286 292/54/292 110/55/110 106/53/106
f 292/54/292 298/56/298 114/57/114 110/55/110
f 298/56/298 304/58/304 118/59/118 114/57/114
f 304/58/304 310/60/310 122/61/122 118/59/118
f 310/60/310 316/62/316 126/63/126 122/61/122
f 136/2/136 142/64/142 10/65/10 6/3/6
f 142/64/142 148/5/148 14/8/14 10/65/10
f 316/62/316 129/66/129 2/67/2 126/63/126
f 6/3/6 8/68/8 4/69/4 2/4/2
f 8/70/8 7/71/7 3/72/3 4/73/4
f 7/71/7 5/74/5 1/75/1 3/72/3
f 10/65/10 12/76/12 8/77/8 6/3/6
f 12/78/12 11/79/11 7/71/7 8/80/8
f 11/79/11 9/81/9 5/74/5 7/71/7
f 14/8/14 16/82/16 12/83/12 10/65/10
f 16/84/16 15/85/15 11/79/11 12/86/12
f 15/85/15 13/87/13 9/81/9 11/79/11
f 18/7/18 20/88/20 16/89/16 14/8/14
f 20/90/20 19/91/19 15/85/15 16/92/16
f 19/91/19 17/93/17 13/87/13 15/85/15
f 22/10/22 24/94/24 20/95/20 18/7/18
f 24/96/24 23/97/23 19/91/19 20/98/20
f 23/97/23 21/99/21 17/93/17 19/91/19
f 26/12/26 28/100/28 24/101/24 22/10/22
f 28/102/28 27/103/27 23/97/23 24/104/24
f 27/103/27 25/105/25 21/99/21 23/97/23
f 30/14/30 32/106/32 28/107/28 26/12/26
f 32/108/32 31/109/31 27/103/27 28/110/28
f 31/109/31 29/111/29 25/105/25 27/103/27
f 34/16/34 36/112/36 32/113/32 30/14/30
f 36/114/36 35/115/35 31/109/31 32/116/32
f 35/115/35 33/117/33 29/111/29 31/109/31
f 38/18/38 40/118/40 36/119/36 34/16/34
f 40/120/40 39/121/39 35/115/35 36/122/36
f 39/121/39 37/123/37 33/117/33 35/115/35
f 42/20/42 44/124/44 40/125/40 38/18/38
f 44/126/44 43/127/43 39/121/39 40/128/40
f 43/127/43 41/129/41 37/123/37 39/121/39
f 46/22/46 48/130/48 44/131/44 42/20/42
f 48/132/48 47/133/47 43/127/43 44/134/44
f 47/133/47 45/135/45 41/129/41 43/127/43
f 50/24/50 52/136/52 48/137/48 46/22/46
f 52/138/52 51/139/51 47/133/47 48/140/48
f 51/139/51 49/141/49 45/135/45 47/133/47
f 54/26/54 56/142/56 52/143/52 50/24/50
f 56/144/56 55/145/55 51/139/51 52/146/52
f 55/145/55 53/147/53 49/141/49 51/139/51
f 58/29/58 60/148/60 56/149/56 54/26/54
f 60/150/60 59/151/59 55/145/55 56/152/56
f 59/151/59 57/153/57 53/147/53 55/145/55
f 62/31/62 64/154/64 60/155/60 58/29/58
f 64/156/64 63/157/63 59/151/59 60/158/60
f 63/157/63 61/159/61 57/153/57 59/151/59
f 66/33/66 68/160/68 64/161/64 62/31/62
f 68/162/68 67/163/67 63/157/63 64/164/64
f 67/163/67 65/165/65 61/159/61 63/157/63
f 70/35/70 72/166/72 68/167/68 66/33/66
f 72/168/72 71/169/71 67/163/67 68/170/68
f 71/169/71 69/171/69 65/165/65 67/163/67
f 74/37/74 76/172/76 72/173/72 70/35/70
f 76/174/76 75/175/75 71/169/71 72/176/72
f 75/175/75 73/177/73 69/171/69 71/169/71
f 78/39/78 80/178/80 76/179/76 74/37/74
f 80/180/80 79/181/79 75/175/75 76/182/76
f 79/181/79 77/183/77 73/177/73 75/175/75
f 82/41/82 84/184/84 80/185/80 78/39/78
f 84/186/84 83/187/83 79/181/79 80/188/80
f 83/187/83 81/189/81 77/183/77 79/181/79
f 86/43/86 88/190/88 84/191/84 82/41/82
f 88/192/88 87/193/87 83/187/83 84/194/84
f 87/193/87 85/195/85 81/189/81 83/187/83
f 90/45/90 92/196/92 88/197/88 86/43/86
f 92/198/92 91/199/91 87/193/87 88/200/88
f 91/199/91 89/201/89 85/195/85 87/193/87
f 94/47/94 96/202/96 92/203/92 90/45/90
f 96/204/96 95/205/95 91/199/91 92/206/92
f 95/205/95 93/207/93 89/201/89 91/199/91
f 98/49/98 100/208/100 96/209/96 94/47/94
f 100/210/100 99/211/99 95/205/95 96/212/96
f 99/211/99 97/213/97 93/207/93 95/205/95
f 102/51/102 104/214/104 100/215/100 98/49/98
f 104/216/104 103/217/103 99/211/99 100/218/100
f 103/217/103 101/219/101 97/213/97 99/211/99
f 106/53/106 108/220/108 104/221/104 102/51/102
f 108/222/108 107/223/107 103/217/103 104/224/104
f 107/223/107 105/225/105 101/219/101 103/217/103
f 110/55/110 112/226/112 108/227/108 106/53/106
f 112/228/112 111/229/111 107/223/107 108/230/108
f 111/229/111 109/231/109 105/225/105 107/223/107
f 114/57/114 116/232/116 112/233/112 110/55/110
f 116/234/116 115/235/115 111/229/111 112/236/112
f 115/235/115 113/237/113 109/231/109 111/229/111
f 118/59/118 120/238/120 116/239/116 114/57/114
f 120/240/120 119/241/119 115/235/115 116/242/116
f 119/241/119 117/243/117 113/237/113 115/235/115
f 122/61/122 124/244/124 120/245/120 118/59/118
f 124/246/124 123/247/123 119/241/119 120/248/120
f 123/247/123 121/249/121 117/243/117 119/241/119
f 126/63/126 128/250/128 124/251/124 122/61/122
f 128/252/128 127/253/127 123/247/123 124/254/124
f 127/253/127 125/255/125 121/249/121 123/247/123
f 2/67/2 4/256/4 128/257/128 126/63/126
f 4/258/4 3/72/3 127/253/127 128/259/128
f 3/72/3 1/75/1 125/255/125 127/253/127
f 5/74/5 9/81/9 13/87/13 17/93/17 21/99/21 25/105/25 29/111/29 33/117/33 37/123/37 41/129/41 45/135/45 49/141/49 53/147/53 57/153/57 61/159/61 65/165/65 69/171/69 73/177/73 77/183/77 81/189/81 85/195/85 89/201/89 93/207/93 97/213/97 101/219/101 105/225/105 109/231/109 113/237/113 117/243/117 121/249/121 125/255/125 1/75/1
f 130/260/130 135/261/135 137/262/137 134/263/134
f 134/263/134 137/262/137 138/264/138 133/265/133
f 133/266/133 138/267/138 139/268/139 132/269/132
f 132/269/132 139/268/139 140/270/140 131/271/131
f 131/271/131 140/270/140 136/2/136 129/1/129
f 135/261/135 141/272/141 143/273/143 137/262/137
f 137/262/137 143/273/143 144/274/144 138/275/138
f 138/276/138 144/277/144 145/278/145 139/279/139
f 139/279/139 145/278/145 146/280/146 140/281/140
f 140/281/140 146/280/146 142/64/142 136/2/136
f 141/272/141 147/282/147 149/283/149 143/273/143
f 143/273/143 149/283/149 150/284/150 144/285/144
f 144/286/144 150/287/150 151/288/151 145/289/145
f 145/289/145 151/288/151 152/290/152 146/291/146
f 146/291/146 152/290/152 148/5/148 142/64/142
f 147/282/147 153/292/153 155/293/155 149/283/149
f 149/283/149 155/293/155 156/294/156 150/295/150
f 150/296/150 156/297/156 157/298/157 151/299/151
f 151/299/151 157/298/157 158/300/158 152/301/152
f 152/301/152 158/300/158 154/6/154 148/5/148
f 153/292/153 159/302/159 161/303/161 155/293/155
f 155/293/155 161/303/161 162/304/162 156/305/156
f 156/306/156 162/307/162 163/308/163 157/309/157
f 157/309/157 163/308/163 164/310/164 158/311/158
f 158/311/158 164/310/164 160/9/160 154/6/154
f 159/302/159 165/312/165 167/313/167 161/303/161
f 161/303/161 167/313/167 168/314/168 162/315/162
f 162/316/162 168/317/168 169/318/169 163/319/163
f 163/319/163 169/318/169 170/320/170 164/321/164
f 164/321/164 170/320/170 166/11/166 160/9/160
f 165/312/165 171/322/171 173/323/173 167/313/167
f 167/313/167 173/323/173 174/324/174 168/325/168
f 168/326/168 174/327/174 175/328/175 169/329/169
f 169/329/169 175/328/175 176/330/176 170/331/170
f 170/331/170 176/330/176 172/13/172 166/11/166
f 171/322/171 177/332/177 179/333/179 173/323/173
f 173/323/173 179/333/179 180/334/180 174/335/174
f 174/336/174 180/337/180 181/338/181 175/339/175
f 175/339/175 181/338/181 182/340/182 176/341/176
f 176/341/176 182/340/182 178/15/178 172/13/172
f 177/332/177 183/342/183 185/343/185 179/333/179
f 179/333/179 185/343/185 186/344/186 180/345/180
f 180/346/180 186/347/186 187/348/187 181/349/181
f 181/349/181 187/348/187 188/350/188 182/351/182
f 182/351/182 188/350/188 184/17/184 178/15/178
f 183/342/183 189/352/189 191/353/191 185/343/185
f 185/343/185 191/353/191 192/354/192 186/355/186
f 186/356/186 192/357/192 193/358/193 187/359/187
f 187/359/187 193/358/193 194/360/194 188/361/188
f 188/361/188 194/360/194 190/19/190 184/17/184
f 189/352/189 195/362/195 197/363/197 191/353/191
f 191/353/191 197/363/197 198/364/198 192/365/192
f 192/366/192 198/367/198 199/368/199 193/369/193
f 193/369/193 199/368/199 200/370/200 194/371/194
f 194/371/194 200/370/200 196/21/196 190/19/190
f 195/362/195 201/372/201 203/373/203 197/363/197
f 197/363/197 203/373/203 204/374/204 198/375/198
f 198/376/198 204/377/204 205/378/205 199/379/199
f 199/379/199 205/378/205 206/380/206 200/381/200
f 200/381/200 206/380/206 202/23/202 196/21/196
f 201/372/201 207/382/207 209/383/209 203/373/203
f 203/373/203 209/383/209 210/384/210 204/385/204
f 204/386/204 210/387/210 211/388/211 205/389/205
f 205/389/205 211/388/211 212/390/212 206/391/206
f 206/391/206 212/390/212 208/25/208 202/23/202
f 207/382/207 213/392/213 215/393/215 209/383/209
f 209/383/209 215/393/215 216/394/216 210/395/210
f 210/396/210 216/397/216 217/398/217 211/399/211
f 211/399/211 217/398/217 218/400/218 212/401/212
f 212/401/212 218/400/218 214/28/214 208/27/208
f 213/392/213 219/402/219 221/403/221 215/393/215
f 215/393/215 221/403/221 222/404/222 216/405/216
f 216/406/216 222/407/222 223/408/223 217/409/217
f 217/409/217 223/408/223 224/410/224 218/411/218
f 218/411/218 224/410/224 220/30/220 214/28/214
f 219/402/219 225/412/225 227/413/227 221/403/221
f 221/403/221 227/413/227 228/414/228 222/415/222
f 222/416/222 228/417/228 229/418/229 223/419/223
f 223/419/223 229/418/229 230/420/230 224/421/224
f 224/421/224 230/420/230 226/32/226 220/30/220
f 225/412/225 231/422/231 233/423/233 227/413/227
f 227/413/227 233/423/233 234/424/234 228/425/228
f 228/426/228 234/427/234 235/428/235 229/429/229
f 229/429/229 235/428/235 236/430/236 230/431/230
f 230/431/230 236/430/236 232/34/232 226/32/226
f 231/422/231 237/432/237 239/433/239 233/423/233
f 233/423/233 239/433/239 240/434/240 234/435/234
f 234/436/234 240/437/240 241/438/241 235/439/235
f 235/439/235 241/438/241 242/440/242 236/441/236
f 236/441/236 242/440/242 238/36/238 232/34/232
f 237/432/237 243/442/243 245/443/245 239/433/239
f 239/433/239 245/443/245 246/444/246 240/445/240
f 240/446/240 246/447/246 247/448/247 241/449/241
f 241/449/241 247/448/247 248/450/248 242/451/242
f 242/451/242 248/450/248 244/38/244 238/36/238
f 243/442/243 249/452/249 251/453/251 245/443/245
f 245/443/245 251/453/251 252/454/252 246/455/246
f 246/456/246 252/457/252 253/458/253 247/459/247
f 247/459/247 253/458/253 254/460/254 248/461/248
f 248/461/248 254/460/254 250/40/250 244/38/244
f 249/452/249 255/462/255 257/463/257 251/453/251
f 251/453/251 257/463/257 258/464/258 252/465/252
f 252/466/252 258/467/258 259/468/259 253/469/253
f 253/469/253 259/468/259 260/470/260 254/471/254
f 254/471/254 260/470/260 256/42/256 250/40/250
f 255/462/255 261/472/261 263/473/263 257/463/257
f 257/463/257 263/473/263 264/474/264 258/475/258
f 258/476/258 264/477/264 265/478/265 259/479/259
f 259/479/259 265/478/265 266/480/266 260/481/260
f 260/481/260 266/480/266 262/44/262 256/42/256
f 261/472/261 267/482/267 269/483/269 263/473/263
f 263/473/263 269/483/269 270/484/270 264/485/264
f 264/486/264 270/487/270 271/488/271 265/489/265
f 265/489/265 271/488/271 272/490/272 266/491/266
f 266/491/266 272/490/272 268/46/268 262/44/262
f 267/482/267 273/492/273 275/493/275 269/483/269
f 269/483/269 275/493/275 276/494/276 270/495/270
f 270/496/270 276/497/276 277/498/277 271/499/271
f 271/499/271 277/498/277 278/500/278 272/501/272
f 272/501/272 278/500/278 274/48/274 268/46/268
f 273/492/273 279/502/279 281/503/281 275/493/275
f 275/493/275 281/503/281 282/504/282 276/505/276
f 276/506/276 282/507/282 283/508/283 277/509/277
f 277/509/277 283/508/283 284/510/284 278/511/278
f 278/511/278 284/510/284 280/50/280 274/48/274
f 279/502/279 285/512/285 287/513/287 281/503/281
f 281/503/281 287/513/287 288/514/288 282/515/282
f 282/516/282 288/517/288 289/518/289 283/519/283
f 283/519/283 289/518/289 290/520/290 284/521/284
f 284/521/284 290/520/290 286/52/286 280/50/280
f 285/512/285 291/522/291 293/523/293 287/513/287
f 287/513/287 293/523/293 294/524/294 288/525/288
f 288/526/288 294/527/294 295/528/295 289/529/289
f 289/529/289 295/528/295 296/530/296 290/531/290
f 290/531/290 296/530/296 292/54/292 286/52/286
f 291/522/291 297/532/297 299/533/299 293/523/293
f 293/523/293 299/533/299 300/534/300 294/535/294
f 294/536/294 300/537/300 301/538/301 295/539/295
f 295/539/295 301/538/301 302/540/302 296/541/296
f 296/541/296 302/540/302 298/56/298 292/54/292
f 297/532/297 303/542/303 305/543/305 299/533/299
f 299/533/299 305/543/305 306/544/306 300/545/300
f 300/546/300 306/547/306 307/548/307 301/549/301
f 301/549/301 307/548/307 308/550/308 302/551/302
f 302/551/302 308/550/308 304/58/304 298/56/298
f 303/542/303 309/552/309 311/553/311 305/543/305
f 305/543/305 311/553/311 312/554/312 306/555/306
f 306/556/306 312/557/312 313/558/313 307/559/307
f 307/559/307 313/558/313 314/560/314 308/561/308
f 308/561/308 314/560/314 310/60/310 304/58/304
f 309/552/309 315/562/315 317/563/317 311/553/311
f 311/553/311 317/563/317 318/564/318 312/565/312
f 312/566/312 318/567/318 319/568/319 313/569/313
f 313/569/313 319/568/319 320/570/320 314/571/314
f 314/571/314 320/570/320 316/62/316 310/60/310
f 315/562/315 130/260/130 134/263/134 317/563/317
f 317/563/317 134/263/134 133/572/133 318/573/318
f 318/574/318 133/575/133 132/576/132 319/577/319
f 319/577/319 132/576/132 131/578/131 320/579/320
f 320/579/320 131/578/131 129/66/129 316/62/316
f 130/260/130 315/562/315 309/552/309 303/542/303 297/532/297 291/522/291 285/512/285 279/502/279 273/492/273 267/482/267 261/472/261 255/462/255 249/452/249 243/442/243 237/432/237 231/422/231 225/412/225 219/402/219 213/392/213 207/382/207 201/372/201 195/362/195 189/352/189 183/342/183 177/332/177 171/322/171 165/312/165 159/302/159 153/292/153 147/282/147 141/272/141 135/261/135
o bottle
v 6.025529 4.913376 -4.299492
v 5.870910 5.051626 -4.295763
v 5.986274 4.993359 -4.298546
v 5.996939 4.913376 -3.914180
v 5.844563 5.051626 -3.940688
v 5.958254 4.993359 -3.920910
v 5.893728 4.913376 -3.541849
v 5.749452 5.051626 -3.597574
v 5.857099 4.993359 -3.555997
v 5.719862 4.913376 -3.196808
v 5.589230 5.051626 -3.279609
v 5.686697 4.993359 -3.217830
v 5.482022 4.913376 -2.892316
v 5.370054 5.051626 -2.999012
v 5.453596 4.993359 -2.919404
v 5.189350 4.913376 -2.640076
v 5.100348 5.051626 -2.766565
v 5.166754 4.993359 -2.672189
v 4.853091 4.913376 -2.449779
v 4.790476 5.051626 -2.591201
v 4.837194 4.993359 -2.485683
v 4.486168 4.913376 -2.328740
v 4.452346 5.051626 -2.479660
v 4.477581 4.993359 -2.367056
v 4.102682 4.913376 -2.281610
v 4.098953 5.051626 -2.436229
v 4.101735 4.993359 -2.320864
v 3.717370 4.913376 -2.310199
v 3.743877 5.051626 -2.462575
v 3.724099 4.993359 -2.348885
v 3.345039 4.913376 -2.413411
v 3.400764 5.051626 -2.557687
v 3.359186 4.993359 -2.450039
v 2.999998 4.913376 -2.587277
v 3.082798 5.051626 -2.717909
v 3.021019 4.993359 -2.620442
v 2.695506 4.913376 -2.825116
v 2.802201 5.051626 -2.937085
v 2.722593 4.993359 -2.853543
v 2.443265 4.913376 -3.117789
v 2.569754 5.051626 -3.206791
v 2.475378 4.993359 -3.140385
v 2.252969 4.913376 -3.454048
v 2.394391 5.051626 -3.516663
v 2.288873 4.993359 -3.469944
v 2.131929 4.913376 -3.820971
v 2.282850 5.051626 -3.854793
v 2.170245 4.993359 -3.829557
v 2.084799 4.913376 -4.204457
v 2.239418 5.051626 -4.208186
v 2.124053 4.993359 -4.205403
v 2.113389 4.913376 -4.589769
v 2.265764 5.051626 -4.563262
v 2.152074 4.993359 -4.583039
v 2.216600 4.913376 -4.962100
v 2.360876 5.051626 -4.906375
v 2.253229 4.993359 -4.947952
v 2.390466 4.913376 -5.307141
v 2.521098 5.051626 -5.224340
v 2.423631 4.993359 -5.286119
v 2.628305 4.913376 -5.611633
v 2.740274 5.051626 -5.504938
v 2.656732 4.993359 -5.584545
v 2.920978 4.913376 -5.863873
v 3.009980 5.051626 -5.737384
v 2.943574 4.993359 -5.831760
v 3.257237 4.913376 -6.054170
v 3.319852 5.051626 -5.912748
v 3.273134 4.993359 -6.018266
v 3.624160 4.913376 -6.175209
v 3.657982 5.051626 -6.024289
v 3.632747 4.993359 -6.136893
v 4.007646 4.913376 -6.222340
v 4.011375 5.051626 -6.067720
v 4.008593 4.993359 -6.183085
v 4.392958 4.913376 -6.193749
v 4.366451 5.051626 -6.041374
v 4.386229 4.993359 -6.155065
v 4.765289 4.913376 -6.090539
v 4.709564 5.051626 -5.946262
v 4.751142 4.993359 -6.053910
v 5.110330 4.913376 -5.916673
v 5.027530 5.051626 -5.786040
v 5.089309 4.993359 -5.883508
v 5.414822 4.913376 -5.678833
v 5.308127 5.051626 -5.566864
v 5.387734 4.993359 -5.650407
v 5.667063 4.913376 -5.386160
v 5.540574 5.051626 -5.297159
v 5.634950 4.993359 -5.363564
v 5.857359 4.913376 -5.049901
v 5.715937 5.051626 -4.987287
v 5.821455 4.993359 -5.034005
v 5.978398 4.913376 -4.682979
v 5.827478 5.051626 -4.649157
v 5.940083 4.993359 -4.674392
v 5.712554 5.071453 -4.291945
v 5.688505 5.071453 -3.967836
v 5.601688 5.071453 -3.654646
v 5.455439 5.071453 -3.364412
v 5.255378 5.071453 -3.108286
v 5.009194 5.071453 -2.896112
v 4.726347 5.071453 -2.736042
v 4.417706 5.071453 -2.634229
v 4.095134 5.071453 -2.594585
v 3.771025 5.071453 -2.618634
v 3.457836 5.071453 -2.705451
v 3.167601 5.071453 -2.851699
v 2.911476 5.071453 -3.051760
v 2.699301 5.071453 -3.297944
v 2.539232 5.071453 -3.580791
v 2.437418 5.071453 -3.889432
v 2.397774 5.071453 -4.212005
v 2.421823 5.071453 -4.536113
v 2.508640 5.071453 -4.849303
v 2.654889 5.071453 -5.139538
v 2.854949 5.071453 -5.395663
v 3.101133 5.071453 -5.607837
v 3.383981 5.071453 -5.767907
v 3.692621 5.071453 -5.869720
v 4.015194 5.071453 -5.909364
v 4.339302 5.071453 -5.885315
v 4.652492 5.071453 -5.798499
v 4.942727 5.071453 -5.652249
v 5.198852 5.071453 -5.452189
v 5.411026 5.071453 -5.206005
v 5.571096 5.071453 -4.923158
v 5.672909 5.071453 -4.614517
v 4.558201 5.101922 -4.264106
v 4.550902 5.101922 -4.165735
v 4.524552 5.101922 -4.070678
v 4.480164 5.101922 -3.982589
v 4.419443 5.101922 -3.904852
v 4.344723 5.101922 -3.840455
v 4.258876 5.101922 -3.791872
v 4.165199 5.101922 -3.760970
v 4.067295 5.101922 -3.748938
v 3.968925 5.101922 -3.756237
v 3.873868 5.101922 -3.782587
v 3.785778 5.101922 -3.826975
v 3.708041 5.101922 -3.887696
v 3.643644 5.101922 -3.962415
v 3.595061 5.101922 -4.048263
v 3.564160 5.101922 -4.141939
v 3.552127 5.101922 -4.239843
v 3.559426 5.101922 -4.338214
v 3.585776 5.101922 -4.433270
v 3.630164 5.101922 -4.521360
v 3.690885 5.101922 -4.599097
v 3.765604 5.101922 -4.663494
v 3.851452 5.101922 -4.712078
v 3.945128 5.101922 -4.742979
v 4.043033 5.101922 -4.755012
v 4.141403 5.101922 -4.747712
v 4.236460 5.101922 -4.721362
v 4.324550 5.101922 -4.676974
v 4.402287 5.101922 -4.616253
v 4.466683 5.101922 -4.541534
v 4.515267 5.101922 -4.455687
v 4.546168 5.101922 -4.362010
v 4.597241 5.161338 -4.265048
v 4.558201 5.141620 -4.264106
v 4.585059 5.160473 -4.264754
v 4.573996 5.157755 -4.264487
v 4.565296 5.153361 -4.264277
v 4.559915 5.147773 -4.264147
v 4.550902 5.141620 -4.165735
v 4.589376 5.161338 -4.159042
v 4.552591 5.147773 -4.165442
v 4.557894 5.153361 -4.164519
v 4.566467 5.157755 -4.163028
v 4.577370 5.160473 -4.161131
v 4.524552 5.141620 -4.070678
v 4.560981 5.161338 -4.056608
v 4.526151 5.147773 -4.070061
v 4.531172 5.153361 -4.068121
v 4.539290 5.157755 -4.064986
v 4.549613 5.160473 -4.060998
v 4.480164 5.141620 -3.982589
v 4.513148 5.161338 -3.961682
v 4.481612 5.147773 -3.981671
v 4.486158 5.153361 -3.978789
v 4.493508 5.157755 -3.974131
v 4.502855 5.160473 -3.968206
v 4.419443 5.141620 -3.904852
v 4.447715 5.161338 -3.877912
v 4.420684 5.147773 -3.903669
v 4.424581 5.153361 -3.899956
v 4.430881 5.157755 -3.893953
v 4.438892 5.160473 -3.886318
v 4.344723 5.141620 -3.840455
v 4.367196 5.161338 -3.808517
v 4.345710 5.147773 -3.839052
v 4.348807 5.153361 -3.834650
v 4.353815 5.157755 -3.827533
v 4.360183 5.160473 -3.818483
v 4.258876 5.141620 -3.791872
v 4.274686 5.161338 -3.756163
v 4.259570 5.147773 -3.790304
v 4.261749 5.153361 -3.785382
v 4.265272 5.157755 -3.777425
v 4.269753 5.160473 -3.767306
v 4.165199 5.141620 -3.760970
v 4.173739 5.161338 -3.722863
v 4.165575 5.147773 -3.759297
v 4.166751 5.153361 -3.754045
v 4.168654 5.157755 -3.745553
v 4.171074 5.160473 -3.734755
v 4.067295 5.141620 -3.748938
v 4.068237 5.161338 -3.709897
v 4.067337 5.147773 -3.747223
v 4.067466 5.153361 -3.741842
v 4.067676 5.157755 -3.733143
v 4.067943 5.160473 -3.722080
v 3.968925 5.141620 -3.756237
v 3.962232 5.161338 -3.717762
v 3.968631 5.147773 -3.754547
v 3.967708 5.153361 -3.749244
v 3.966217 5.157755 -3.740671
v 3.964320 5.160473 -3.729768
v 3.873868 5.141620 -3.782587
v 3.859797 5.161338 -3.746157
v 3.873250 5.147773 -3.780987
v 3.871310 5.153361 -3.775966
v 3.868175 5.157755 -3.767848
v 3.864188 5.160473 -3.757525
v 3.785778 5.141620 -3.826975
v 3.764871 5.161338 -3.793991
v 3.784860 5.147773 -3.825527
v 3.781979 5.153361 -3.820980
v 3.777320 5.157755 -3.813631
v 3.771395 5.160473 -3.804283
v 3.708041 5.141620 -3.887696
v 3.681101 5.161338 -3.859424
v 3.706858 5.147773 -3.886454
v 3.703145 5.153361 -3.882557
v 3.697142 5.157755 -3.876258
v 3.689507 5.160473 -3.868246
v 3.643644 5.141620 -3.962415
v 3.611706 5.161338 -3.939942
v 3.642241 5.147773 -3.961428
v 3.637839 5.153361 -3.958331
v 3.630723 5.157755 -3.953323
v 3.621672 5.160473 -3.946955
v 3.595061 5.141620 -4.048263
v 3.559352 5.161338 -4.032453
v 3.593493 5.147773 -4.047568
v 3.588571 5.153361 -4.045389
v 3.580615 5.157755 -4.041866
v 3.570495 5.160473 -4.037386
v 3.564160 5.141620 -4.141939
v 3.526052 5.161338 -4.133399
v 3.562486 5.147773 -4.141564
v 3.557234 5.153361 -4.140387
v 3.548743 5.157755 -4.138484
v 3.537944 5.160473 -4.136064
v 3.552127 5.141620 -4.239843
v 3.513086 5.161338 -4.238902
v 3.550413 5.147773 -4.239802
v 3.545032 5.153361 -4.239672
v 3.536332 5.157755 -4.239462
v 3.525269 5.160473 -4.239195
v 3.559426 5.141620 -4.338214
v 3.520952 5.161338 -4.344907
v 3.557737 5.147773 -4.338508
v 3.552433 5.153361 -4.339430
v 3.543860 5.157755 -4.340921
v 3.532958 5.160473 -4.342818
v 3.585776 5.141620 -4.433270
v 3.549347 5.161338 -4.447341
v 3.584176 5.147773 -4.433888
v 3.579155 5.153361 -4.435828
v 3.571038 5.157755 -4.438963
v 3.560714 5.160473 -4.442950
v 3.630164 5.141620 -4.521360
v 3.597180 5.161338 -4.542268
v 3.628716 5.147773 -4.522279
v 3.624170 5.153361 -4.525160
v 3.616820 5.157755 -4.529819
v 3.607473 5.160473 -4.535744
v 3.690885 5.141620 -4.599097
v 3.662613 5.161338 -4.626038
v 3.689643 5.147773 -4.600280
v 3.685747 5.153361 -4.603993
v 3.679447 5.157755 -4.609996
v 3.671435 5.160473 -4.617631
v 3.765604 5.141620 -4.663494
v 3.743131 5.161338 -4.695433
v 3.764617 5.147773 -4.664896
v 3.761520 5.153361 -4.669299
v 3.756512 5.157755 -4.676415
v 3.750144 5.160473 -4.685466
v 3.851452 5.141620 -4.712078
v 3.835642 5.161338 -4.747786
v 3.850758 5.147773 -4.713645
v 3.848579 5.153361 -4.718567
v 3.845056 5.157755 -4.726524
v 3.840575 5.160473 -4.736643
v 3.945128 5.141620 -4.742979
v 3.936588 5.161338 -4.781086
v 3.944753 5.147773 -4.744652
v 3.943576 5.153361 -4.749905
v 3.941673 5.157755 -4.758396
v 3.939253 5.160473 -4.769195
v 4.043033 5.141620 -4.755012
v 4.042091 5.161338 -4.794052
v 4.042991 5.147773 -4.756726
v 4.042861 5.153361 -4.762107
v 4.042652 5.157755 -4.770806
v 4.042385 5.160473 -4.781869
v 4.141403 5.141620 -4.747712
v 4.148096 5.161338 -4.786187
v 4.141697 5.147773 -4.749402
v 4.142620 5.153361 -4.754705
v 4.144111 5.157755 -4.763278
v 4.146008 5.160473 -4.774181
v 4.236460 5.141620 -4.721362
v 4.250530 5.161338 -4.757792
v 4.237078 5.147773 -4.722962
v 4.239017 5.153361 -4.727983
v 4.242152 5.157755 -4.736101
v 4.246140 5.160473 -4.746424
v 4.324550 5.141620 -4.676974
v 4.345457 5.161338 -4.709959
v 4.325468 5.147773 -4.678422
v 4.328350 5.153361 -4.682969
v 4.333008 5.157755 -4.690319
v 4.338933 5.160473 -4.699666
v 4.402287 5.141620 -4.616253
v 4.429227 5.161338 -4.644526
v 4.403470 5.147773 -4.617495
v 4.407183 5.153361 -4.621392
v 4.413186 5.157755 -4.627691
v 4.420820 5.160473 -4.635703
v 4.466683 5.141620 -4.541534
v 4.498622 5.161338 -4.564007
v 4.468086 5.147773 -4.542521
v 4.472488 5.153361 -4.545619
v 4.479605 5.157755 -4.550626
v 4.488656 5.160473 -4.556994
v 4.515267 5.141620 -4.455687
v 4.550975 5.161338 -4.471497
v 4.516835 5.147773 -4.456381
v 4.521757 5.153361 -4.458560
v 4.529713 5.157755 -4.462083
v 4.539833 5.160473 -4.466563
v 4.546168 5.141620 -4.362010
v 4.584275 5.161338 -4.370550
v 4.547842 5.147773 -4.362385
v 4.553094 5.153361 -4.363562
v 4.561585 5.157755 -4.365465
v 4.572384 5.160473 -4.367885
v 4.632090 5.141620 -4.265888
v 4.593049 5.161338 -4.264946
v 4.630376 5.147773 -4.265847
v 4.624994 5.153361 -4.265717
v 4.616295 5.157755 -4.265507
v 4.605232 5.160473 -4.265240
v 4.585244 5.161338 -4.159761
v 4.623719 5.141620 -4.153068
v 4.597250 5.160473 -4.157672
v 4.608153 5.157755 -4.155776
v 4.616726 5.153361 -4.154284
v 4.622029 5.147773 -4.153362
v 4.557069 5.161338 -4.058119
v 4.593498 5.141620 -4.044048
v 4.568437 5.160473 -4.053728
v 4.578760 5.157755 -4.049741
v 4.586877 5.153361 -4.046606
v 4.591898 5.147773 -4.044666
v 4.509605 5.161338 -3.963927
v 4.542590 5.141620 -3.943020
v 4.519898 5.160473 -3.957403
v 4.529245 5.157755 -3.951478
v 4.536595 5.153361 -3.946820
v 4.541142 5.147773 -3.943938
v 4.444679 5.161338 -3.880805
v 4.472950 5.141620 -3.853864
v 4.453501 5.160473 -3.872398
v 4.461513 5.157755 -3.864763
v 4.467812 5.153361 -3.858761
v 4.471709 5.147773 -3.855047
v 4.364783 5.161338 -3.811946
v 4.387256 5.141620 -3.780008
v 4.371795 5.160473 -3.801980
v 4.378164 5.157755 -3.792929
v 4.383171 5.153361 -3.785813
v 4.386269 5.147773 -3.781410
v 4.272988 5.161338 -3.759998
v 4.288798 5.141620 -3.724289
v 4.277922 5.160473 -3.748855
v 4.282402 5.157755 -3.738736
v 4.285925 5.153361 -3.730779
v 4.288104 5.147773 -3.725857
v 4.172822 5.161338 -3.726955
v 4.181362 5.141620 -3.688848
v 4.175487 5.160473 -3.715064
v 4.177907 5.157755 -3.704265
v 4.179810 5.153361 -3.695774
v 4.180987 5.147773 -3.690522
v 4.068136 5.161338 -3.714089
v 4.069077 5.141620 -3.675049
v 4.068429 5.160473 -3.701907
v 4.068696 5.157755 -3.690843
v 4.068906 5.153361 -3.682144
v 4.069036 5.147773 -3.676763
v 3.962950 5.161338 -3.721894
v 3.956257 5.141620 -3.683420
v 3.960862 5.160473 -3.709888
v 3.958965 5.157755 -3.698985
v 3.957474 5.153361 -3.690412
v 3.956551 5.147773 -3.685109
v 3.861308 5.161338 -3.750070
v 3.847238 5.141620 -3.713640
v 3.856918 5.160473 -3.738702
v 3.852930 5.157755 -3.728378
v 3.849795 5.153361 -3.720261
v 3.847856 5.147773 -3.715240
v 3.767116 5.161338 -3.797533
v 3.746209 5.141620 -3.764549
v 3.760592 5.160473 -3.787240
v 3.754668 5.157755 -3.777893
v 3.750009 5.153361 -3.770543
v 3.747127 5.147773 -3.765997
v 3.683994 5.161338 -3.862460
v 3.657054 5.141620 -3.834188
v 3.675587 5.160473 -3.853638
v 3.667953 5.157755 -3.845626
v 3.661950 5.153361 -3.839326
v 3.658237 5.147773 -3.835429
v 3.615136 5.161338 -3.942356
v 3.583197 5.141620 -3.919883
v 3.605169 5.160473 -3.935343
v 3.596118 5.157755 -3.928975
v 3.589002 5.153361 -3.923967
v 3.584600 5.147773 -3.920870
v 3.563187 5.161338 -4.034150
v 3.527478 5.141620 -4.018340
v 3.552044 5.160473 -4.029217
v 3.541925 5.157755 -4.024736
v 3.533968 5.153361 -4.021214
v 3.529046 5.147773 -4.019034
v 3.530145 5.161338 -4.134316
v 3.492038 5.141620 -4.125776
v 3.518253 5.160473 -4.131651
v 3.507455 5.157755 -4.129231
v 3.498963 5.153361 -4.127328
v 3.493711 5.147773 -4.126151
v 3.517279 5.161338 -4.239003
v 3.478238 5.141620 -4.238061
v 3.505096 5.160473 -4.238709
v 3.494032 5.157755 -4.238442
v 3.485333 5.153361 -4.238233
v 3.479952 5.147773 -4.238102
v 3.525083 5.161338 -4.344188
v 3.486609 5.141620 -4.350881
v 3.513077 5.160473 -4.346277
v 3.502174 5.157755 -4.348173
v 3.493601 5.153361 -4.349665
v 3.488298 5.147773 -4.350587
v 3.553259 5.161338 -4.445830
v 3.516829 5.141620 -4.459900
v 3.541891 5.160473 -4.450221
v 3.531568 5.157755 -4.454208
v 3.523450 5.153361 -4.457343
v 3.518429 5.147773 -4.459283
v 3.600722 5.161338 -4.540022
v 3.567738 5.141620 -4.560929
v 3.590430 5.160473 -4.546546
v 3.581082 5.157755 -4.552471
v 3.573732 5.153361 -4.557130
v 3.569186 5.147773 -4.560011
v 3.665649 5.161338 -4.623144
v 3.637377 5.141620 -4.650084
v 3.656827 5.160473 -4.631551
v 3.648815 5.157755 -4.639185
v 3.642516 5.153361 -4.645188
v 3.638619 5.147773 -4.648902
v 3.745545 5.161338 -4.692003
v 3.723072 5.141620 -4.723941
v 3.738532 5.160473 -4.701969
v 3.732164 5.157755 -4.711020
v 3.727156 5.153361 -4.718136
v 3.724059 5.147773 -4.722538
v 3.837340 5.161338 -4.743951
v 3.821530 5.141620 -4.779660
v 3.832406 5.160473 -4.755095
v 3.827926 5.157755 -4.765213
v 3.824403 5.153361 -4.773170
v 3.822224 5.147773 -4.778092
v 3.937505 5.161338 -4.776994
v 3.928965 5.141620 -4.815101
v 3.934840 5.160473 -4.788885
v 3.932420 5.157755 -4.799684
v 3.930517 5.153361 -4.808175
v 3.929340 5.147773 -4.813427
v 4.042192 5.161338 -4.789860
v 4.041251 5.141620 -4.828900
v 4.041898 5.160473 -4.802042
v 4.041632 5.157755 -4.813106
v 4.041422 5.153361 -4.821805
v 4.041292 5.147773 -4.827187
v 4.147377 5.161338 -4.782055
v 4.154070 5.141620 -4.820529
v 4.149466 5.160473 -4.794061
v 4.151363 5.157755 -4.804964
v 4.152854 5.153361 -4.813537
v 4.153777 5.147773 -4.818840
v 4.249019 5.161338 -4.753880
v 4.263090 5.141620 -4.790309
v 4.253410 5.160473 -4.765247
v 4.257397 5.157755 -4.775571
v 4.260532 5.153361 -4.783688
v 4.262472 5.147773 -4.788709
v 4.343212 5.161338 -4.706416
v 4.364119 5.141620 -4.739401
v 4.349736 5.160473 -4.716709
v 4.355660 5.157755 -4.726056
v 4.360319 5.153361 -4.733406
v 4.363201 5.147773 -4.737952
v 4.426333 5.161338 -4.641489
v 4.453274 5.141620 -4.669761
v 4.434741 5.160473 -4.650311
v 4.442375 5.157755 -4.658323
v 4.448378 5.153361 -4.664623
v 4.452091 5.147773 -4.668519
v 4.495192 5.161338 -4.561594
v 4.527130 5.141620 -4.584066
v 4.505158 5.160473 -4.568606
v 4.514209 5.157755 -4.574975
v 4.521326 5.153361 -4.579982
v 4.525728 5.147773 -4.583080
v 4.547141 5.161338 -4.469799
v 4.582850 5.141620 -4.485609
v 4.558284 5.160473 -4.474732
v 4.568403 5.157755 -4.479213
v 4.576360 5.153361 -4.482736
v 4.581282 5.147773 -4.484915
v 4.580183 5.161338 -4.369633
v 4.618290 5.141620 -4.378173
v 4.592074 5.160473 -4.372298
v 4.602873 5.157755 -4.374718
v 4.611364 5.153361 -4.376621
v 4.616617 5.147773 -4.377798
v 4.693283 5.071453 -4.267364
v 4.632090 5.102360 -4.265888
v 4.677299 5.072383 -4.266978
v 4.662306 5.075333 -4.266616
v 4.649455 5.080223 -4.266307
v 4.639773 5.086714 -4.266073
v 4.633933 5.094286 -4.265933
v 4.623719 5.102360 -4.153068
v 4.684024 5.071453 -4.142577
v 4.625535 5.094286 -4.152752
v 4.631290 5.086714 -4.151751
v 4.640831 5.080223 -4.150091
v 4.653496 5.075333 -4.147888
v 4.668272 5.072383 -4.145318
v 4.593498 5.102360 -4.044048
v 4.650598 5.071453 -4.021995
v 4.595218 5.094286 -4.043384
v 4.600667 5.086714 -4.041279
v 4.609701 5.080223 -4.037790
v 4.621693 5.075333 -4.033158
v 4.635683 5.072383 -4.027755
v 4.542590 5.102360 -3.943020
v 4.594290 5.071453 -3.910250
v 4.544147 5.094286 -3.942033
v 4.549081 5.086714 -3.938905
v 4.557261 5.080223 -3.933721
v 4.568119 5.075333 -3.926839
v 4.580785 5.072383 -3.918810
v 4.472950 5.102360 -3.853864
v 4.517264 5.071453 -3.811638
v 4.474285 5.094286 -3.852592
v 4.478514 5.086714 -3.848562
v 4.485525 5.080223 -3.841882
v 4.494832 5.075333 -3.833014
v 4.505689 5.072383 -3.822668
v 4.387256 5.102360 -3.780008
v 4.422480 5.071453 -3.729948
v 4.388317 5.094286 -3.778500
v 4.391678 5.086714 -3.773723
v 4.397251 5.080223 -3.765803
v 4.404648 5.075333 -3.755289
v 4.413279 5.072383 -3.743024
v 4.288798 5.102360 -3.724289
v 4.313579 5.071453 -3.668319
v 4.289545 5.094286 -3.722603
v 4.291910 5.086714 -3.717262
v 4.295830 5.080223 -3.708406
v 4.301035 5.075333 -3.696652
v 4.307106 5.072383 -3.682939
v 4.181362 5.102360 -3.688848
v 4.194748 5.071453 -3.629119
v 4.181766 5.094286 -3.687049
v 4.183043 5.086714 -3.681349
v 4.185161 5.080223 -3.671899
v 4.187972 5.075333 -3.659355
v 4.191251 5.072383 -3.644721
v 4.069077 5.102360 -3.675049
v 4.070553 5.071453 -3.613856
v 4.069122 5.094286 -3.673205
v 4.069263 5.086714 -3.667365
v 4.069496 5.080223 -3.657684
v 4.069806 5.075333 -3.644832
v 4.070168 5.072383 -3.629840
v 3.956257 5.102360 -3.683420
v 3.945766 5.071453 -3.623115
v 3.955941 5.094286 -3.681603
v 3.954940 5.086714 -3.675848
v 3.953280 5.080223 -3.666307
v 3.951077 5.075333 -3.653642
v 3.948507 5.072383 -3.638867
v 3.847238 5.102360 -3.713640
v 3.825184 5.071453 -3.656541
v 3.846573 5.094286 -3.711920
v 3.844469 5.086714 -3.706471
v 3.840980 5.080223 -3.697437
v 3.836348 5.075333 -3.685445
v 3.830944 5.072383 -3.671455
v 3.746209 5.102360 -3.764549
v 3.713439 5.071453 -3.712849
v 3.745222 5.094286 -3.762991
v 3.742095 5.086714 -3.758057
v 3.736910 5.080223 -3.749878
v 3.730028 5.075333 -3.739020
v 3.721999 5.072383 -3.726353
v 3.657054 5.102360 -3.834188
v 3.614827 5.071453 -3.789875
v 3.655782 5.094286 -3.832853
v 3.651752 5.086714 -3.828624
v 3.645071 5.080223 -3.821613
v 3.636203 5.075333 -3.812307
v 3.625857 5.072383 -3.801450
v 3.583197 5.102360 -3.919883
v 3.533137 5.071453 -3.884659
v 3.581689 5.094286 -3.918822
v 3.576912 5.086714 -3.915460
v 3.568992 5.080223 -3.909888
v 3.558478 5.075333 -3.902490
v 3.546213 5.072383 -3.893860
v 3.527478 5.102360 -4.018340
v 3.471508 5.071453 -3.993559
v 3.525793 5.094286 -4.017593
v 3.520451 5.086714 -4.015229
v 3.511596 5.080223 -4.011308
v 3.499841 5.075333 -4.006104
v 3.486128 5.072383 -4.000032
v 3.492038 5.102360 -4.125776
v 3.432309 5.071453 -4.112391
v 3.490239 5.094286 -4.125373
v 3.484538 5.086714 -4.124095
v 3.475089 5.080223 -4.121978
v 3.462544 5.075333 -4.119166
v 3.447910 5.072383 -4.115887
v 3.478238 5.102360 -4.238061
v 3.417045 5.071453 -4.236586
v 3.476395 5.094286 -4.238017
v 3.470555 5.086714 -4.237876
v 3.460873 5.080223 -4.237642
v 3.448022 5.075333 -4.237332
v 3.433029 5.072383 -4.236971
v 3.486609 5.102360 -4.350881
v 3.426304 5.071453 -4.361372
v 3.484792 5.094286 -4.351197
v 3.479037 5.086714 -4.352198
v 3.469496 5.080223 -4.353858
v 3.456831 5.075333 -4.356061
v 3.442056 5.072383 -4.358632
v 3.516829 5.102360 -4.459900
v 3.459730 5.071453 -4.481955
v 3.515110 5.094286 -4.460565
v 3.509660 5.086714 -4.462669
v 3.500626 5.080223 -4.466159
v 3.488635 5.075333 -4.470790
v 3.474645 5.072383 -4.476194
v 3.567738 5.102360 -4.560929
v 3.516038 5.071453 -4.593699
v 3.566180 5.094286 -4.561917
v 3.561246 5.086714 -4.565044
v 3.553067 5.080223 -4.570229
v 3.542209 5.075333 -4.577111
v 3.529542 5.072383 -4.585140
v 3.637377 5.102360 -4.650084
v 3.593064 5.071453 -4.692311
v 3.636043 5.094286 -4.651357
v 3.631814 5.086714 -4.655386
v 3.624803 5.080223 -4.662067
v 3.615496 5.075333 -4.670936
v 3.604639 5.072383 -4.681281
v 3.723072 5.102360 -4.723941
v 3.687848 5.071453 -4.774001
v 3.722011 5.094286 -4.725449
v 3.718649 5.086714 -4.730227
v 3.713077 5.080223 -4.738146
v 3.705679 5.075333 -4.748660
v 3.697049 5.072383 -4.760925
v 3.821530 5.102360 -4.779660
v 3.796749 5.071453 -4.835630
v 3.820783 5.094286 -4.781346
v 3.818418 5.086714 -4.786688
v 3.814497 5.080223 -4.795543
v 3.809293 5.075333 -4.807297
v 3.803221 5.072383 -4.821011
v 3.928965 5.102360 -4.815101
v 3.915580 5.071453 -4.874830
v 3.928562 5.094286 -4.816900
v 3.927284 5.086714 -4.822600
v 3.925167 5.080223 -4.832050
v 3.922356 5.075333 -4.844594
v 3.919076 5.072383 -4.859228
v 4.041251 5.102360 -4.828900
v 4.039775 5.071453 -4.890093
v 4.041206 5.094286 -4.830744
v 4.041065 5.086714 -4.836584
v 4.040832 5.080223 -4.846265
v 4.040522 5.075333 -4.859117
v 4.040160 5.072383 -4.874109
v 4.154070 5.102360 -4.820529
v 4.164561 5.071453 -4.880835
v 4.154387 5.094286 -4.822346
v 4.155388 5.086714 -4.828101
v 4.157048 5.080223 -4.837642
v 4.159251 5.075333 -4.850307
v 4.161821 5.072383 -4.865082
v 4.263090 5.102360 -4.790309
v 4.285144 5.071453 -4.847408
v 4.263754 5.094286 -4.792029
v 4.265859 5.086714 -4.797478
v 4.269348 5.080223 -4.806512
v 4.273980 5.075333 -4.818504
v 4.279383 5.072383 -4.832494
v 4.364119 5.102360 -4.739401
v 4.396889 5.071453 -4.791101
v 4.365106 5.094286 -4.740958
v 4.368233 5.086714 -4.745892
v 4.373418 5.080223 -4.754071
v 4.380300 5.075333 -4.764929
v 4.388329 5.072383 -4.777596
v 4.453274 5.102360 -4.669761
v 4.495501 5.071453 -4.714075
v 4.454546 5.094286 -4.671096
v 4.458576 5.086714 -4.675325
v 4.465257 5.080223 -4.682336
v 4.474125 5.075333 -4.691642
v 4.484470 5.072383 -4.702499
v 4.527130 5.102360 -4.584066
v 4.577190 5.071453 -4.619290
v 4.528638 5.094286 -4.585127
v 4.533416 5.086714 -4.588489
v 4.541336 5.080223 -4.594062
v 4.551849 5.075333 -4.601460
v 4.564114 5.072383 -4.610090
v 4.582850 5.102360 -4.485609
v 4.638820 5.071453 -4.510390
v 4.584536 5.094286 -4.486355
v 4.589877 5.086714 -4.488720
v 4.598732 5.080223 -4.492641
v 4.610487 5.075333 -4.497845
v 4.624200 5.072383 -4.503917
v 4.618290 5.102360 -4.378173
v 4.678019 5.071453 -4.391559
v 4.620089 5.094286 -4.378576
v 4.625790 5.086714 -4.379854
v 4.635239 5.080223 -4.381971
v 4.647783 5.075333 -4.384783
v 4.662417 5.072383 -4.388062
v 5.737526 0.065342 -4.292547
v 6.025529 0.210806 -4.299492
v 5.848917 0.075461 -4.295233
v 5.943802 0.106620 -4.297522
v 6.005496 0.154545 -4.299009
v 5.996939 0.210806 -3.914180
v 5.713116 0.065342 -3.963555
v 5.977196 0.154545 -3.917615
v 5.916399 0.106620 -3.928191
v 5.822890 0.075461 -3.944458
v 5.893728 0.210806 -3.541849
v 5.624990 0.065342 -3.645646
v 5.875035 0.154545 -3.549069
v 5.817469 0.106620 -3.571304
v 5.728930 0.075461 -3.605500
v 5.719862 0.210806 -3.196808
v 5.476538 0.065342 -3.351038
v 5.702936 0.154545 -3.207536
v 5.650814 0.106620 -3.240574
v 5.570648 0.075461 -3.291387
v 5.482022 0.210806 -2.892316
v 5.273463 0.065342 -3.091053
v 5.467515 0.154545 -2.906140
v 5.422840 0.106620 -2.948712
v 5.354128 0.075461 -3.014188
v 5.189350 0.210806 -2.640076
v 5.023570 0.065342 -2.875682
v 5.177818 0.154545 -2.656464
v 5.142306 0.106620 -2.706933
v 5.087688 0.075461 -2.784557
v 4.853091 0.210806 -2.449779
v 4.736460 0.065342 -2.713201
v 4.844978 0.154545 -2.468102
v 4.819994 0.106620 -2.524530
v 4.781569 0.075461 -2.611317
v 4.486168 0.210806 -2.328740
v 4.423169 0.065342 -2.609853
v 4.481786 0.154545 -2.348294
v 4.468291 0.106620 -2.408511
v 4.447535 0.075461 -2.501127
v 4.102682 0.210806 -2.281610
v 4.095736 0.065342 -2.569612
v 4.102199 0.154545 -2.301643
v 4.100711 0.106620 -2.363336
v 4.098423 0.075461 -2.458221
v 3.717370 0.210806 -2.310199
v 3.766744 0.065342 -2.594023
v 3.720804 0.154545 -2.329942
v 3.731380 0.106620 -2.390740
v 3.747647 0.075461 -2.484249
v 3.345039 0.210806 -2.413411
v 3.448835 0.065342 -2.682148
v 3.352259 0.154545 -2.432104
v 3.374493 0.106620 -2.489670
v 3.408690 0.075461 -2.578208
v 2.999998 0.210806 -2.587277
v 3.154227 0.065342 -2.830601
v 3.010725 0.154545 -2.604202
v 3.043763 0.106620 -2.656324
v 3.094576 0.075461 -2.736490
v 2.695506 0.210806 -2.825116
v 2.894243 0.065342 -3.033676
v 2.709330 0.154545 -2.839623
v 2.751901 0.106620 -2.884299
v 2.817377 0.075461 -2.953011
v 2.443265 0.210806 -3.117789
v 2.678872 0.065342 -3.283569
v 2.459654 0.154545 -3.129321
v 2.510123 0.106620 -3.164832
v 2.587746 0.075461 -3.219450
v 2.252969 0.210806 -3.454048
v 2.516390 0.065342 -3.570678
v 2.271292 0.154545 -3.462161
v 2.327719 0.106620 -3.487144
v 2.414506 0.075461 -3.525569
v 2.131929 0.210806 -3.820971
v 2.413043 0.065342 -3.883969
v 2.151484 0.154545 -3.825353
v 2.211700 0.106620 -3.838848
v 2.304317 0.075461 -3.859603
v 2.084799 0.210806 -4.204457
v 2.372801 0.065342 -4.211402
v 2.104832 0.154545 -4.204940
v 2.166525 0.106620 -4.206428
v 2.261410 0.075461 -4.208716
v 2.113389 0.210806 -4.589769
v 2.397212 0.065342 -4.540395
v 2.133132 0.154545 -4.586334
v 2.193929 0.106620 -4.575758
v 2.287438 0.075461 -4.559491
v 2.216600 0.210806 -4.962100
v 2.485337 0.065342 -4.858303
v 2.235293 0.154545 -4.954880
v 2.292859 0.106620 -4.932646
v 2.381397 0.075461 -4.898449
v 2.390466 0.210806 -5.307141
v 2.633790 0.065342 -5.152911
v 2.407392 0.154545 -5.296413
v 2.459514 0.106620 -5.263375
v 2.539680 0.075461 -5.212563
v 2.628305 0.210806 -5.611633
v 2.836865 0.065342 -5.412896
v 2.642812 0.154545 -5.597809
v 2.687488 0.106620 -5.555238
v 2.756200 0.075461 -5.489761
v 2.920978 0.210806 -5.863873
v 3.086758 0.065342 -5.628267
v 2.932510 0.154545 -5.847485
v 2.968021 0.106620 -5.797016
v 3.022640 0.075461 -5.719393
v 3.257237 0.210806 -6.054170
v 3.373867 0.065342 -5.790749
v 3.265350 0.154545 -6.035847
v 3.290333 0.106620 -5.979419
v 3.328758 0.075461 -5.892632
v 3.624160 0.210806 -6.175209
v 3.687159 0.065342 -5.894096
v 3.628542 0.154545 -6.155655
v 3.642037 0.106620 -6.095438
v 3.662792 0.075461 -6.002822
v 4.007646 0.210806 -6.222340
v 4.014592 0.065342 -5.934337
v 4.008129 0.154545 -6.202306
v 4.009617 0.106620 -6.140613
v 4.011905 0.075461 -6.045728
v 4.392958 0.210806 -6.193749
v 4.343584 0.065342 -5.909926
v 4.389524 0.154545 -6.174007
v 4.378947 0.106620 -6.113209
v 4.362680 0.075461 -6.019701
v 4.765289 0.210806 -6.090539
v 4.661492 0.065342 -5.821801
v 4.758069 0.154545 -6.071846
v 4.735835 0.106620 -6.014279
v 4.701638 0.075461 -5.925741
v 5.110330 0.210806 -5.916673
v 4.956100 0.065342 -5.673348
v 5.099602 0.154545 -5.899747
v 5.066565 0.106620 -5.847625
v 5.015752 0.075461 -5.767459
v 5.414822 0.210806 -5.678833
v 5.216085 0.065342 -5.470273
v 5.400998 0.154545 -5.664326
v 5.358427 0.106620 -5.619651
v 5.292951 0.075461 -5.550939
v 5.667063 0.210806 -5.386160
v 5.431456 0.065342 -5.220380
v 5.650674 0.154545 -5.374629
v 5.600205 0.106620 -5.339117
v 5.522582 0.075461 -5.284499
v 5.857359 0.210806 -5.049901
v 5.593938 0.065342 -4.933271
v 5.839036 0.154545 -5.041789
v 5.782609 0.106620 -5.016805
v 5.695822 0.075461 -4.978380
v 5.978398 0.210806 -4.682979
v 5.697285 0.065342 -4.619980
v 5.958844 0.154545 -4.678596
v 5.898627 0.106620 -4.665102
v 5.806011 0.075461 -4.644346
v 5.978398 4.000526 -4.682979
v 6.025529 4.000526 -4.299492
v 5.996939 4.000526 -3.914180
v 5.893728 4.000526 -3.541849
v 5.719862 4.000526 -3.196808
v 5.482022 4.000526 -2.892316
v 5.189350 4.000526 -2.640076
v 4.853091 4.000526 -2.449779
v 4.486168 4.000526 -2.328740
v 4.102682 4.000526 -2.281610
v 3.717370 4.000526 -2.310199
v 3.345039 4.000526 -2.413411
v 2.999998 4.000526 -2.587277
v 2.695506 4.000526 -2.825116
v 2.443265 4.000526 -3.117789
v 2.252969 4.000526 -3.454048
v 2.131929 4.000526 -3.820971
v 2.084799 4.000526 -4.204457
v 2.113389 4.000526 -4.589769
v 2.216600 4.000526 -4.962100
v 2.390466 4.000526 -5.307141
v 2.628305 4.000526 -5.611633
v 2.920978 4.000526 -5.863873
v 3.257237 4.000526 -6.054170
v 3.624160 4.000526 -6.175209
v 4.007646 4.000526 -6.222340
v 4.392958 4.000526 -6.193749
v 4.765289 4.000526 -6.090539
v 5.110330 4.000526 -5.916673
v 5.414822 4.000526 -5.678833
v 5.667063 4.000526 -5.386160
v 5.857359 4.000526 -5.049901
v 6.025529 1.000331 -4.299492
v 5.996939 1.000331 -3.914180
v 5.893728 1.000331 -3.541849
v 5.719862 1.000331 -3.196808
v 5.482022 1.000331 -2.892316
v 5.189350 1.000331 -2.640076
v 4.853091 1.000331 -2.449779
v 4.486168 1.000331 -2.328740
v 4.102682 1.000331 -2.281610
v 3.717370 1.000331 -2.310199
v 3.345039 1.000331 -2.413411
v 2.999998 1.000331 -2.587277
v 2.695506 1.000331 -2.825116
v 2.443265 1.000331 -3.117789
v 2.252969 1.000331 -3.454048
v 2.131929 1.000331 -3.820971
v 2.084799 1.000331 -4.204457
v 2.113389 1.000331 -4.589769
v 2.216600 1.000331 -4.962100
v 2.390466 1.000331 -5.307141
v 2.628305 1.000331 -5.611633
v 2.920978 1.000331 -5.863873
v 3.257237 1.000331 -6.054170
v 3.624160 1.000331 -6.175209
v 4.007646 1.000331 -6.222340
v 4.392958 1.000331 -6.193749
v 4.765289 1.000331 -6.090539
v 5.110330 1.000331 -5.916673
v 5.414822 1.000331 -5.678833
v 5.667063 1.000331 -5.386160
v 5.857359 1.000331 -5.049901
v 5.978398 1.000331 -4.682979
vn 0.9997 -0.0000 -0.0241
vn 0.9721 0.2333 -0.0234
vn 0.9580 0.2333 0.1667
vn 0.9852 -0.0000 0.1714
vn 0.8446 -0.0000 0.5354
vn 0.8213 0.2333 0.5206
vn 0.7040 0.2333 0.6708
vn 0.7239 -0.0000 0.6899
vn 0.5596 0.2333 0.7953
vn 0.5755 -0.0000 0.8178
vn 0.3937 0.2333 0.8891
vn 0.4048 -0.0000 0.9144
vn 0.2126 0.2333 0.9489
vn 0.2187 -0.0000 0.9758
vn 0.0234 0.2333 0.9721
vn 0.0241 -0.0000 0.9997
vn -0.1667 0.2333 0.9580
vn -0.1714 -0.0000 0.9852
vn -0.3504 0.2333 0.9071
vn -0.3603 -0.0000 0.9328
vn -0.5206 0.2333 0.8213
vn -0.5354 -0.0000 0.8446
vn -0.6708 0.2333 0.7040
vn -0.6899 -0.0000 0.7239
vn -0.7953 0.2333 0.5596
vn -0.8178 -0.0000 0.5755
vn -0.8891 0.2333 0.3937
vn -0.9144 -0.0000 0.4048
vn -0.9489 0.2333 0.2126
vn -0.9758 -0.0000 0.2187
vn -0.9721 0.2333 0.0234
vn -0.9997 -0.0000 0.0241
vn -0.9580 0.2333 -0.1667
vn -0.9852 -0.0000 -0.1714
vn -0.9071 0.2333 -0.3504
vn -0.9328 -0.0000 -0.3603
vn -0.8213 0.2333 -0.5206
vn -0.8446 -0.0000 -0.5354
vn -0.7040 0.2333 -0.6708
vn -0.7239 -0.0000 -0.6899
vn -0.5596 0.2333 -0.7953
vn -0.5755 -0.0000 -0.8178
vn -0.3937 0.2333 -0.8891
vn -0.4048 -0.0000 -0.9144
vn -0.2126 0.2333 -0.9489
vn -0.2187 -0.0000 -0.9758
vn -0.0234 0.2333 -0.9721
vn -0.0241 -0.0000 -0.9997
vn 0.1667 0.2333 -0.9580
vn 0.1714 -0.0000 -0.9852
vn 0.3504 0.2333 -0.9071
vn 0.3603 -0.0000 -0.9328
vn 0.5206 0.2333 -0.8213
vn 0.5354 -0.0000 -0.8446
vn 0.6708 0.2333 -0.7040
vn 0.6899 -0.0000 -0.7239
vn 0.7953 0.2333 -0.5596
vn 0.8178 -0.0000 -0.5755
vn 0.8891 0.2333 -0.3937
vn 0.9144 -0.0000 -0.4048
vn 0.9489 0.2333 -0.2126
vn 0.9758 -0.0000 -0.2187
vn 0.9071 0.2333 0.3504
vn 0.9328 -0.0000 0.3603
vn 0.8974 0.4407 -0.0216
vn 0.8844 0.4407 0.1538
vn 0.4441 0.8927 0.0773
vn 0.4506 0.8927 -0.0109
vn 0.1224 0.9923 0.0213
vn 0.1242 0.9923 -0.0030
vn 0.0653 0.9979 -0.0016
vn 0.0644 0.9979 0.0112
vn 0.8374 0.4407 0.3234
vn 0.4205 0.8927 0.1624
vn 0.1159 0.9923 0.0447
vn 0.0610 0.9979 0.0236
vn 0.7582 0.4407 0.4806
vn 0.3807 0.8927 0.2413
vn 0.1049 0.9923 0.0665
vn 0.0552 0.9979 0.0350
vn 0.6499 0.4407 0.6193
vn 0.3263 0.8927 0.3109
vn 0.0899 0.9923 0.0857
vn 0.0473 0.9979 0.0451
vn 0.5166 0.4407 0.7341
vn 0.2594 0.8927 0.3686
vn 0.0715 0.9923 0.1016
vn 0.0376 0.9979 0.0535
vn 0.3634 0.4407 0.8208
vn 0.1825 0.8927 0.4121
vn 0.0503 0.9923 0.1136
vn 0.0265 0.9979 0.0598
vn 0.1963 0.4407 0.8759
vn 0.0986 0.8927 0.4398
vn 0.0272 0.9923 0.1212
vn 0.0143 0.9979 0.0638
vn 0.0216 0.4407 0.8974
vn 0.0109 0.8927 0.4506
vn 0.0030 0.9923 0.1242
vn 0.0016 0.9979 0.0653
vn -0.1538 0.4407 0.8844
vn -0.0772 0.8927 0.4441
vn -0.0213 0.9923 0.1224
vn -0.0112 0.9979 0.0644
vn -0.3234 0.4407 0.8374
vn -0.1624 0.8927 0.4205
vn -0.0447 0.9923 0.1159
vn -0.0236 0.9979 0.0610
vn -0.4806 0.4407 0.7582
vn -0.2413 0.8927 0.3807
vn -0.0665 0.9923 0.1049
vn -0.0350 0.9979 0.0552
vn -0.6193 0.4407 0.6499
vn -0.3109 0.8927 0.3263
vn -0.0857 0.9923 0.0899
vn -0.0451 0.9979 0.0473
vn -0.7341 0.4407 0.5166
vn -0.3686 0.8927 0.2594
vn -0.1016 0.9923 0.0715
vn -0.0535 0.9979 0.0376
vn -0.8208 0.4407 0.3634
vn -0.4121 0.8927 0.1825
vn -0.1136 0.9923 0.0503
vn -0.0598 0.9979 0.0265
vn -0.8759 0.4407 0.1963
vn -0.4398 0.8927 0.0986
vn -0.1212 0.9923 0.0272
vn -0.0638 0.9979 0.0143
vn -0.8974 0.4407 0.0216
vn -0.4506 0.8927 0.0109
vn -0.1242 0.9923 0.0030
vn -0.0653 0.9979 0.0016
vn -0.8844 0.4407 -0.1538
vn -0.4441 0.8927 -0.0773
vn -0.4441 0.8927 -0.0772
vn -0.1224 0.9923 -0.0213
vn -0.0644 0.9979 -0.0112
vn -0.8374 0.4407 -0.3234
vn -0.4205 0.8927 -0.1624
vn -0.1159 0.9923 -0.0447
vn -0.0610 0.9979 -0.0236
vn -0.7582 0.4407 -0.4806
vn -0.3807 0.8927 -0.2413
vn -0.1049 0.9923 -0.0665
vn -0.0552 0.9979 -0.0350
vn -0.6499 0.4407 -0.6193
vn -0.3263 0.8927 -0.3109
vn -0.0899 0.9923 -0.0857
vn -0.0473 0.9979 -0.0451
vn -0.5166 0.4407 -0.7341
vn -0.2594 0.8927 -0.3686
vn -0.0715 0.9923 -0.1016
vn -0.0376 0.9979 -0.0535
vn -0.3634 0.4407 -0.8208
vn -0.1825 0.8927 -0.4121
vn -0.0503 0.9923 -0.1136
vn -0.0265 0.9979 -0.0598
vn -0.1963 0.4407 -0.8759
vn -0.0986 0.8927 -0.4398
vn -0.0272 0.9923 -0.1212
vn -0.0143 0.9979 -0.0638
vn -0.0216 0.4407 -0.8974
vn -0.0109 0.8927 -0.4506
vn -0.0030 0.9923 -0.1242
vn -0.0016 0.9979 -0.0653
vn 0.1538 0.4407 -0.8844
vn 0.0772 0.8927 -0.4441
vn 0.0213 0.9923 -0.1224
vn 0.0112 0.9979 -0.0644
vn 0.3234 0.4407 -0.8374
vn 0.1624 0.8927 -0.4205
vn 0.0447 0.9923 -0.1159
vn 0.0236 0.9979 -0.0610
vn 0.4806 0.4407 -0.7582
vn 0.2413 0.8927 -0.3807
vn 0.0665 0.9923 -0.1049
vn 0.0350 0.9979 -0.0552
vn 0.6193 0.4407 -0.6499
vn 0.3109 0.8927 -0.3263
vn 0.0857 0.9923 -0.0899
vn 0.0451 0.9979 -0.0473
vn 0.7341 0.4407 -0.5166
vn 0.3686 0.8927 -0.2594
vn 0.1016 0.9923 -0.0715
vn 0.0535 0.9979 -0.0376
vn 0.8208 0.4407 -0.3634
vn 0.4121 0.8927 -0.1825
vn 0.1136 0.9923 -0.0503
vn 0.0598 0.9979 -0.0265
vn 0.8759 0.4407 -0.1963
vn 0.4398 0.8927 -0.0986
vn 0.1212 0.9923 -0.0272
vn 0.0638 0.9979 -0.0143
vn 0.9695 0.1135 -0.2173
vn 0.9085 0.1135 -0.4022
vn 0.9058 0.1367 -0.4010
vn 0.9666 0.1367 -0.2166
vn 0.9933 0.1135 -0.0240
vn 0.9903 0.1367 -0.0239
vn 0.8392 0.1135 0.5319
vn 0.9268 0.1135 0.3580
vn 0.9241 0.1367 0.3569
vn 0.8367 0.1367 0.5303
vn 0.7193 0.1135 0.6854
vn 0.7171 0.1367 0.6834
vn 0.5717 0.1135 0.8126
vn 0.5700 0.1367 0.8102
vn 0.4022 0.1135 0.9085
vn 0.4010 0.1367 0.9058
vn 0.2173 0.1135 0.9695
vn 0.2166 0.1367 0.9666
vn 0.0240 0.1135 0.9933
vn 0.0239 0.1367 0.9903
vn -0.1703 0.1135 0.9788
vn -0.1698 0.1367 0.9759
vn -0.3580 0.1135 0.9268
vn -0.3569 0.1367 0.9241
vn -0.5319 0.1135 0.8392
vn -0.5303 0.1367 0.8367
vn -0.6854 0.1135 0.7193
vn -0.6834 0.1367 0.7171
vn -0.8126 0.1135 0.5717
vn -0.8102 0.1367 0.5700
vn -0.9085 0.1135 0.4022
vn -0.9058 0.1367 0.4010
vn -0.9695 0.1135 0.2173
vn -0.9666 0.1367 0.2166
vn -0.9933 0.1135 0.0240
vn -0.9903 0.1367 0.0239
vn -0.9788 0.1135 -0.1703
vn -0.9760 0.1367 -0.1698
vn -0.9268 0.1135 -0.3580
vn -0.9241 0.1367 -0.3569
vn -0.8392 0.1135 -0.5319
vn -0.8367 0.1367 -0.5303
vn -0.7193 0.1135 -0.6854
vn -0.7171 0.1367 -0.6834
vn -0.5717 0.1135 -0.8126
vn -0.5701 0.1367 -0.8102
vn -0.4022 0.1135 -0.9085
vn -0.4010 0.1367 -0.9058
vn -0.2173 0.1135 -0.9695
vn -0.2166 0.1367 -0.9666
vn -0.0240 0.1135 -0.9933
vn -0.0239 0.1367 -0.9903
vn 0.1703 0.1135 -0.9788
vn 0.1698 0.1367 -0.9759
vn 0.3580 0.1135 -0.9268
vn 0.3569 0.1367 -0.9241
vn 0.5319 0.1135 -0.8392
vn 0.5303 0.1367 -0.8367
vn 0.6854 0.1135 -0.7193
vn 0.6834 0.1367 -0.7171
vn 0.8125 0.1135 -0.5717
vn 0.8101 0.1367 -0.5701
vn 0.0222 0.9996 -0.0156
vn 0.0248 0.9996 -0.0110
vn 0.9788 0.1135 0.1703
vn 0.9760 0.1367 0.1698
vn -0.9239 0.1379 -0.3569
vn -0.9758 0.1379 -0.1698
vn -0.0272 0.9996 0.0007
vn -0.0268 0.9996 -0.0047
vn 0.0230 0.9996 0.0146
vn 0.0197 0.9996 0.0187
vn 0.0265 0.9996 -0.0059
vn -0.0254 0.9996 -0.0098
vn 0.0156 0.9996 0.0222
vn -0.0230 0.9996 -0.0146
vn 0.0110 0.9996 0.0249
vn 0.0268 0.9996 0.0047
vn 0.0254 0.9996 0.0098
vn -0.0197 0.9996 -0.0187
vn 0.0059 0.9996 0.0265
vn -0.0156 0.9996 -0.0222
vn 0.0007 0.9996 0.0272
vn -0.0110 0.9996 -0.0249
vn -0.0047 0.9996 0.0268
vn -0.0059 0.9996 -0.0265
vn -0.0098 0.9996 0.0254
vn -0.0007 0.9996 -0.0272
vn -0.0145 0.9996 0.0230
vn 0.0047 0.9996 -0.0268
vn -0.0187 0.9996 0.0197
vn 0.0098 0.9996 -0.0254
vn -0.0222 0.9996 0.0156
vn 0.0145 0.9996 -0.0230
vn -0.0248 0.9996 0.0110
vn 0.0187 0.9996 -0.0197
vn -0.0265 0.9996 0.0059
vn 0.0272 0.9996 -0.0007
vn -0.9902 0.1379 0.0239
vn -0.9665 0.1379 0.2166
vn -0.8365 0.1379 -0.5302
vn -0.7170 0.1379 -0.6833
vn -0.5699 0.1379 -0.8100
vn -0.4010 0.1379 -0.9056
vn -0.2166 0.1379 -0.9665
vn -0.0239 0.1379 -0.9902
vn 0.1697 0.1379 -0.9758
vn 0.3569 0.1379 -0.9239
vn 0.5302 0.1379 -0.8366
vn 0.6833 0.1379 -0.7170
vn 0.8100 0.1379 -0.5700
vn 0.9056 0.1379 -0.4010
vn 0.9665 0.1379 -0.2166
vn 0.9902 0.1379 -0.0239
vn 0.9758 0.1379 0.1698
vn 0.9239 0.1379 0.3569
vn 0.8365 0.1379 0.5302
vn 0.7170 0.1379 0.6833
vn 0.5700 0.1379 0.8100
vn 0.4010 0.1379 0.9056
vn 0.2166 0.1379 0.9665
vn 0.0239 0.1379 0.9902
vn -0.1697 0.1379 0.9758
vn -0.3569 0.1379 0.9239
vn -0.5302 0.1379 0.8366
vn -0.6833 0.1379 0.7170
vn -0.8100 0.1379 0.5700
vn -0.9056 0.1379 0.4010
vn -0.0000 1.0000 -0.0000
vn -0.0000 -1.0000 -0.0000
vn -0.0000 -1.0000 -0.0001
vn 0.0708 0.9975 -0.0017
vn 0.0698 0.9975 0.0121
vn 0.1550 0.9876 0.0270
vn 0.1572 0.9876 -0.0038
vn 0.3388 0.9390 0.0589
vn 0.3438 0.9390 -0.0083
vn 0.5745 0.8124 0.0999
vn 0.5830 0.8124 -0.0141
vn 0.8455 0.5134 0.1471
vn 0.8579 0.5134 -0.0207
vn 0.0661 0.9975 0.0255
vn 0.1467 0.9876 0.0567
vn 0.3208 0.9390 0.1239
vn 0.5440 0.8124 0.2101
vn 0.8005 0.5134 0.3092
vn 0.0598 0.9975 0.0379
vn 0.1329 0.9876 0.0842
vn 0.2905 0.9390 0.1841
vn 0.4926 0.8124 0.3122
vn 0.7248 0.5134 0.4594
vn 0.0513 0.9975 0.0489
vn 0.1139 0.9876 0.1085
vn 0.2490 0.9390 0.2372
vn 0.4222 0.8124 0.4023
vn 0.6213 0.5134 0.5920
vn 0.0408 0.9975 0.0579
vn 0.0905 0.9876 0.1286
vn 0.1979 0.9390 0.2813
vn 0.3356 0.8124 0.4769
vn 0.4938 0.5134 0.7018
vn 0.0287 0.9975 0.0648
vn 0.0637 0.9876 0.1438
vn 0.1392 0.9390 0.3145
vn 0.2361 0.8124 0.5332
vn 0.3474 0.5134 0.7847
vn 0.0155 0.9975 0.0691
vn 0.0344 0.9876 0.1535
vn 0.0752 0.9390 0.3356
vn 0.1275 0.8124 0.5690
vn 0.1877 0.5134 0.8374
vn 0.0017 0.9975 0.0708
vn 0.0038 0.9876 0.1572
vn 0.0083 0.9390 0.3438
vn 0.0141 0.8124 0.5830
vn 0.0207 0.5134 0.8579
vn -0.0121 0.9975 0.0698
vn -0.0270 0.9876 0.1550
vn -0.0589 0.9390 0.3388
vn -0.0999 0.8124 0.5745
vn -0.1471 0.5134 0.8455
vn -0.0255 0.9975 0.0661
vn -0.0567 0.9876 0.1467
vn -0.1239 0.9390 0.3208
vn -0.2101 0.8124 0.5440
vn -0.3092 0.5134 0.8005
vn -0.0379 0.9975 0.0598
vn -0.0842 0.9876 0.1328
vn -0.1841 0.9390 0.2905
vn -0.3122 0.8124 0.4926
vn -0.4594 0.5134 0.7248
vn -0.0489 0.9975 0.0513
vn -0.1085 0.9876 0.1139
vn -0.2372 0.9390 0.2490
vn -0.4023 0.8124 0.4222
vn -0.5920 0.5134 0.6213
vn -0.0579 0.9975 0.0408
vn -0.1286 0.9876 0.0905
vn -0.2813 0.9390 0.1979
vn -0.4769 0.8124 0.3356
vn -0.7018 0.5134 0.4938
vn -0.0648 0.9975 0.0287
vn -0.1438 0.9876 0.0637
vn -0.3145 0.9390 0.1392
vn -0.5332 0.8124 0.2361
vn -0.7847 0.5134 0.3474
vn -0.0691 0.9975 0.0155
vn -0.1535 0.9876 0.0344
vn -0.3356 0.9390 0.0752
vn -0.5690 0.8124 0.1275
vn -0.8374 0.5134 0.1877
vn -0.0708 0.9975 0.0017
vn -0.1572 0.9876 0.0038
vn -0.3438 0.9390 0.0083
vn -0.5830 0.8124 0.0141
vn -0.8579 0.5134 0.0207
vn -0.0698 0.9975 -0.0121
vn -0.1550 0.9876 -0.0270
vn -0.3388 0.9390 -0.0589
vn -0.5745 0.8124 -0.0999
vn -0.8455 0.5134 -0.1471
vn -0.0661 0.9975 -0.0255
vn -0.1467 0.9876 -0.0567
vn -0.3208 0.9390 -0.1239
vn -0.5440 0.8124 -0.2101
vn -0.8005 0.5134 -0.3092
vn -0.0598 0.9975 -0.0379
vn -0.1329 0.9876 -0.0842
vn -0.2905 0.9390 -0.1841
vn -0.4926 0.8124 -0.3122
vn -0.7248 0.5134 -0.4594
vn -0.0513 0.9975 -0.0489
vn -0.1139 0.9876 -0.1085
vn -0.2490 0.9390 -0.2372
vn -0.4222 0.8124 -0.4023
vn -0.6213 0.5134 -0.5920
vn -0.0408 0.9975 -0.0579
vn -0.0905 0.9876 -0.1286
vn -0.1979 0.9390 -0.2813
vn -0.3356 0.8124 -0.4769
vn -0.4938 0.5134 -0.7018
vn -0.0287 0.9975 -0.0648
vn -0.0637 0.9876 -0.1438
vn -0.1392 0.9390 -0.3145
vn -0.2361 0.8124 -0.5332
vn -0.3474 0.5134 -0.7847
vn -0.0155 0.9975 -0.0691
vn -0.0344 0.9876 -0.1535
vn -0.0752 0.9390 -0.3356
vn -0.1275 0.8124 -0.5690
vn -0.1877 0.5134 -0.8374
vn -0.0017 0.9975 -0.0708
vn -0.0038 0.9876 -0.1572
vn -0.0083 0.9390 -0.3438
vn -0.0141 0.8124 -0.5830
vn -0.0207 0.5134 -0.8579
vn 0.0121 0.9975 -0.0698
vn 0.0270 0.9876 -0.1550
vn 0.0589 0.9390 -0.3388
vn 0.0999 0.8124 -0.5745
vn 0.1471 0.5134 -0.8455
vn 0.0255 0.9975 -0.0661
vn 0.0567 0.9876 -0.1467
vn 0.1239 0.9390 -0.3208
vn 0.2101 0.8124 -0.5440
vn 0.3092 0.5134 -0.8005
vn 0.0379 0.9975 -0.0598
vn 0.0842 0.9876 -0.1329
vn 0.1841 0.9390 -0.2905
vn 0.3122 0.8124 -0.4926
vn 0.4594 0.5134 -0.7248
vn 0.0489 0.9975 -0.0513
vn 0.1085 0.9876 -0.1139
vn 0.2372 0.9390 -0.2490
vn 0.4023 0.8124 -0.4222
vn 0.5920 0.5134 -0.6213
vn 0.0579 0.9975 -0.0408
vn 0.1286 0.9876 -0.0905
vn 0.2813 0.9390 -0.1979
vn 0.4769 0.8124 -0.3356
vn 0.7018 0.5134 -0.4938
vn 0.0648 0.9975 -0.0287
vn 0.1438 0.9876 -0.0637
vn 0.3145 0.9390 -0.1392
vn 0.5332 0.8124 -0.2361
vn 0.7847 0.5134 -0.3474
vn 0.0691 0.9975 -0.0155
vn 0.1535 0.9876 -0.0344
vn 0.3356 0.9390 -0.0752
vn 0.5690 0.8124 -0.1275
vn 0.8374 0.5134 -0.1877
vn -0.8409 0.5211 -0.1463
vn -0.8532 0.5211 0.0206
vn -0.5649 0.8193 -0.0983
vn -0.5732 0.8193 0.0138
vn -0.3283 0.9429 -0.0571
vn -0.3331 0.9429 0.0080
vn -0.1452 0.9891 -0.0253
vn -0.1473 0.9891 0.0036
vn -0.7962 0.5211 -0.3075
vn -0.5349 0.8193 -0.2066
vn -0.3108 0.9429 -0.1201
vn -0.1375 0.9891 -0.0531
vn -0.7209 0.5211 -0.4569
vn -0.4843 0.8193 -0.3070
vn -0.2814 0.9429 -0.1784
vn -0.1245 0.9891 -0.0789
vn -0.6179 0.5211 -0.5888
vn -0.4151 0.8193 -0.3955
vn -0.2412 0.9429 -0.2299
vn -0.1067 0.9891 -0.1017
vn -0.4911 0.5211 -0.6980
vn -0.3299 0.8193 -0.4689
vn -0.1917 0.9429 -0.2725
vn -0.0848 0.9891 -0.1205
vn -0.3455 0.5211 -0.7804
vn -0.2321 0.8193 -0.5243
vn -0.1349 0.9429 -0.3047
vn -0.0597 0.9891 -0.1347
vn -0.1866 0.5211 -0.8328
vn -0.1254 0.8193 -0.5595
vn -0.0729 0.9429 -0.3251
vn -0.0322 0.9891 -0.1438
vn -0.0206 0.5211 -0.8532
vn -0.0138 0.8193 -0.5732
vn -0.0080 0.9429 -0.3331
vn -0.0036 0.9891 -0.1473
vn 0.1463 0.5211 -0.8409
vn 0.0983 0.8193 -0.5649
vn 0.0571 0.9429 -0.3283
vn 0.0253 0.9891 -0.1452
vn 0.3075 0.5211 -0.7962
vn 0.2066 0.8193 -0.5349
vn 0.1201 0.9429 -0.3108
vn 0.0531 0.9891 -0.1375
vn 0.4569 0.5211 -0.7209
vn 0.3070 0.8193 -0.4843
vn 0.1784 0.9429 -0.2814
vn 0.0789 0.9891 -0.1245
vn 0.5888 0.5211 -0.6179
vn 0.3955 0.8193 -0.4151
vn 0.2299 0.9429 -0.2412
vn 0.1017 0.9891 -0.1067
vn 0.6980 0.5211 -0.4911
vn 0.4689 0.8193 -0.3299
vn 0.2725 0.9429 -0.1917
vn 0.1205 0.9891 -0.0848
vn 0.7804 0.5211 -0.3455
vn 0.5243 0.8193 -0.2321
vn 0.3047 0.9429 -0.1349
vn 0.1348 0.9891 -0.0597
vn 0.8328 0.5211 -0.1866
vn 0.5595 0.8193 -0.1254
vn 0.3251 0.9429 -0.0729
vn 0.1438 0.9891 -0.0322
vn 0.8532 0.5211 -0.0206
vn 0.5732 0.8193 -0.0138
vn 0.3331 0.9429 -0.0080
vn 0.1473 0.9891 -0.0036
vn 0.8409 0.5211 0.1463
vn 0.5649 0.8193 0.0983
vn 0.3283 0.9429 0.0571
vn 0.1452 0.9891 0.0253
vn 0.7962 0.5211 0.3075
vn 0.5349 0.8193 0.2066
vn 0.3108 0.9429 0.1201
vn 0.1375 0.9891 0.0531
vn 0.7209 0.5211 0.4569
vn 0.4843 0.8193 0.3070
vn 0.2814 0.9429 0.1784
vn 0.1245 0.9891 0.0789
vn 0.6179 0.5211 0.5888
vn 0.4151 0.8193 0.3955
vn 0.2412 0.9429 0.2299
vn 0.1067 0.9891 0.1017
vn 0.4911 0.5211 0.6980
vn 0.3299 0.8193 0.4689
vn 0.1917 0.9429 0.2725
vn 0.0848 0.9891 0.1205
vn 0.3455 0.5211 0.7804
vn 0.2321 0.8193 0.5243
vn 0.1349 0.9429 0.3047
vn 0.0597 0.9891 0.1347
vn 0.1866 0.5211 0.8328
vn 0.1254 0.8193 0.5595
vn 0.0729 0.9429 0.3251
vn 0.0322 0.9891 0.1438
vn 0.0206 0.5211 0.8532
vn 0.0138 0.8193 0.5732
vn 0.0080 0.9429 0.3331
vn 0.0036 0.9891 0.1473
vn -0.1463 0.5211 0.8409
vn -0.0983 0.8193 0.5649
vn -0.0571 0.9429 0.3283
vn -0.0253 0.9891 0.1452
vn -0.3075 0.5211 0.7962
vn -0.2066 0.8193 0.5349
vn -0.1201 0.9429 0.3108
vn -0.0531 0.9891 0.1375
vn -0.4569 0.5211 0.7209
vn -0.3070 0.8193 0.4843
vn -0.1784 0.9429 0.2814
vn -0.0789 0.9891 0.1245
vn -0.5888 0.5211 0.6179
vn -0.3955 0.8193 0.4151
vn -0.2299 0.9429 0.2412
vn -0.1017 0.9891 0.1067
vn -0.6980 0.5211 0.4911
vn -0.4689 0.8193 0.3299
vn -0.2725 0.9429 0.1917
vn -0.1205 0.9891 0.0848
vn -0.7804 0.5211 0.3455
vn -0.5243 0.8193 0.2321
vn -0.3047 0.9429 0.1349
vn -0.1347 0.9891 0.0597
vn -0.8328 0.5211 0.1866
vn -0.5595 0.8193 0.1254
vn -0.3251 0.9429 0.0729
vn -0.1438 0.9891 0.0322
vn 0.8829 0.4438 0.1536
vn 0.8959 0.4438 -0.0216
vn 0.6579 0.7444 0.1144
vn 0.6676 0.7444 -0.0161
vn 0.4397 0.8949 0.0765
vn 0.4462 0.8949 -0.0108
vn 0.2626 0.9638 0.0457
vn 0.2665 0.9638 -0.0064
vn 0.1184 0.9928 0.0206
vn 0.1202 0.9928 -0.0029
vn 0.8359 0.4438 0.3229
vn 0.6229 0.7444 0.2406
vn 0.4164 0.8949 0.1608
vn 0.2487 0.9638 0.0961
vn 0.1121 0.9928 0.0433
vn 0.7569 0.4438 0.4798
vn 0.5640 0.7444 0.3575
vn 0.3770 0.8949 0.2390
vn 0.2251 0.9638 0.1427
vn 0.1015 0.9928 0.0643
vn 0.6487 0.4438 0.6182
vn 0.4834 0.7444 0.4607
vn 0.3231 0.8949 0.3079
vn 0.1930 0.9638 0.1839
vn 0.0870 0.9928 0.0829
vn 0.5157 0.4438 0.7329
vn 0.3843 0.7444 0.5461
vn 0.2569 0.8949 0.3650
vn 0.1534 0.9638 0.2180
vn 0.0692 0.9928 0.0983
vn 0.3628 0.4438 0.8194
vn 0.2703 0.7444 0.6106
vn 0.1807 0.8949 0.4081
vn 0.1079 0.9638 0.2437
vn 0.0487 0.9927 0.1099
vn 0.1960 0.4438 0.8744
vn 0.1460 0.7444 0.6516
vn 0.0976 0.8949 0.4355
vn 0.0583 0.9638 0.2601
vn 0.0263 0.9927 0.1173
vn 0.0216 0.4438 0.8959
vn 0.0161 0.7444 0.6676
vn 0.0108 0.8949 0.4462
vn 0.0064 0.9638 0.2665
vn 0.0029 0.9927 0.1202
vn -0.1536 0.4438 0.8829
vn -0.1144 0.7444 0.6579
vn -0.0765 0.8949 0.4397
vn -0.0457 0.9638 0.2626
vn -0.0206 0.9928 0.1184
vn -0.3229 0.4438 0.8359
vn -0.2406 0.7444 0.6229
vn -0.1608 0.8949 0.4164
vn -0.0960 0.9638 0.2487
vn -0.0433 0.9927 0.1121
vn -0.4797 0.4438 0.7569
vn -0.3575 0.7444 0.5640
vn -0.2390 0.8949 0.3770
vn -0.1427 0.9638 0.2251
vn -0.0643 0.9928 0.1015
vn -0.6182 0.4438 0.6488
vn -0.4607 0.7444 0.4834
vn -0.3079 0.8949 0.3231
vn -0.1839 0.9638 0.1930
vn -0.0829 0.9928 0.0870
vn -0.7329 0.4438 0.5157
vn -0.5461 0.7444 0.3843
vn -0.3650 0.8949 0.2569
vn -0.2180 0.9638 0.1534
vn -0.0983 0.9928 0.0692
vn -0.8194 0.4438 0.3628
vn -0.6106 0.7444 0.2703
vn -0.4081 0.8949 0.1807
vn -0.2437 0.9638 0.1079
vn -0.1099 0.9928 0.0487
vn -0.8744 0.4438 0.1960
vn -0.6516 0.7444 0.1460
vn -0.4355 0.8949 0.0976
vn -0.2601 0.9638 0.0583
vn -0.1173 0.9928 0.0263
vn -0.8959 0.4438 0.0216
vn -0.6676 0.7444 0.0161
vn -0.4462 0.8949 0.0108
vn -0.2665 0.9638 0.0064
vn -0.1202 0.9928 0.0029
vn -0.8829 0.4438 -0.1536
vn -0.6579 0.7444 -0.1144
vn -0.4397 0.8949 -0.0765
vn -0.2626 0.9638 -0.0457
vn -0.1184 0.9928 -0.0206
vn -0.8359 0.4438 -0.3229
vn -0.6229 0.7444 -0.2406
vn -0.4164 0.8949 -0.1608
vn -0.2487 0.9638 -0.0961
vn -0.1121 0.9928 -0.0433
vn -0.7569 0.4438 -0.4798
vn -0.5640 0.7444 -0.3575
vn -0.3770 0.8949 -0.2390
vn -0.2251 0.9638 -0.1427
vn -0.1015 0.9928 -0.0643
vn -0.6487 0.4438 -0.6182
vn -0.4834 0.7444 -0.4607
vn -0.3231 0.8949 -0.3079
vn -0.1930 0.9638 -0.1839
vn -0.0870 0.9928 -0.0829
vn -0.5157 0.4438 -0.7329
vn -0.3843 0.7444 -0.5461
vn -0.2569 0.8949 -0.3650
vn -0.1534 0.9638 -0.2180
vn -0.0692 0.9928 -0.0983
vn -0.3628 0.4438 -0.8194
vn -0.2703 0.7444 -0.6106
vn -0.1807 0.8949 -0.4081
vn -0.1079 0.9638 -0.2437
vn -0.0487 0.9927 -0.1099
vn -0.1960 0.4438 -0.8744
vn -0.1460 0.7444 -0.6516
vn -0.0976 0.8949 -0.4355
vn -0.0583 0.9638 -0.2601
vn -0.0263 0.9928 -0.1173
vn -0.0216 0.4438 -0.8959
vn -0.0161 0.7444 -0.6676
vn -0.0108 0.8949 -0.4462
vn -0.0064 0.9638 -0.2665
vn -0.0029 0.9928 -0.1202
vn 0.1536 0.4438 -0.8829
vn 0.1144 0.7444 -0.6579
vn 0.0765 0.8949 -0.4397
vn 0.0457 0.9638 -0.2626
vn 0.0206 0.9928 -0.1184
vn 0.3229 0.4438 -0.8359
vn 0.2406 0.7444 -0.6229
vn 0.1608 0.8949 -0.4164
vn 0.0960 0.9638 -0.2487
vn 0.0433 0.9927 -0.1121
vn 0.4798 0.4438 -0.7569
vn 0.3575 0.7444 -0.5640
vn 0.2390 0.8949 -0.3770
vn 0.1427 0.9638 -0.2251
vn 0.0643 0.9928 -0.1015
vn 0.6182 0.4438 -0.6487
vn 0.4607 0.7444 -0.4834
vn 0.3079 0.8949 -0.3231
vn 0.1839 0.9638 -0.1930
vn 0.0829 0.9928 -0.0870
vn 0.7329 0.4438 -0.5157
vn 0.5461 0.7444 -0.3843
vn 0.3650 0.8949 -0.2569
vn 0.2180 0.9638 -0.1534
vn 0.0983 0.9928 -0.0692
vn 0.8194 0.4438 -0.3628
vn 0.6106 0.7444 -0.2703
vn 0.4081 0.8949 -0.1807
vn 0.2437 0.9638 -0.1079
vn 0.1099 0.9928 -0.0487
vn 0.8744 0.4438 -0.1960
vn 0.6516 0.7444 -0.1460
vn 0.4356 0.8949 -0.0976
vn 0.2601 0.9638 -0.0583
vn 0.1173 0.9928 -0.0263
vn 0.9846 -0.1730 -0.0237
vn 0.9703 -0.1730 0.1688
vn 0.7791 -0.6121 0.1355
vn 0.7905 -0.6121 -0.0191
vn 0.4506 -0.8893 0.0784
vn 0.4573 -0.8893 -0.0110
vn 0.1995 -0.9793 0.0347
vn 0.2025 -0.9793 -0.0049
vn 0.0471 -0.9989 0.0082
vn 0.0478 -0.9989 -0.0012
vn 0.9188 -0.1730 0.3549
vn 0.7377 -0.6121 0.2849
vn 0.4267 -0.8893 0.1648
vn 0.1889 -0.9793 0.0730
vn 0.0446 -0.9989 0.0172
vn 0.8319 -0.1730 0.5273
vn 0.6679 -0.6121 0.4233
vn 0.3863 -0.8893 0.2449
vn 0.1711 -0.9793 0.1084
vn 0.0404 -0.9989 0.0256
vn 0.7130 -0.1730 0.6794
vn 0.5725 -0.6121 0.5455
vn 0.3311 -0.8893 0.3155
vn 0.1466 -0.9793 0.1397
vn 0.0346 -0.9989 0.0330
vn 0.5668 -0.1730 0.8055
vn 0.4550 -0.6121 0.6467
vn 0.2632 -0.8893 0.3741
vn 0.1166 -0.9793 0.1656
vn 0.0275 -0.9989 0.0391
vn 0.3987 -0.1730 0.9006
vn 0.3201 -0.6121 0.7231
vn 0.1852 -0.8893 0.4182
vn 0.0820 -0.9793 0.1852
vn 0.0194 -0.9989 0.0437
vn 0.2154 -0.1730 0.9611
vn 0.1729 -0.6121 0.7716
vn 0.1000 -0.8893 0.4463
vn 0.0443 -0.9793 0.1976
vn 0.0105 -0.9989 0.0466
vn 0.0237 -0.1730 0.9846
vn 0.0191 -0.6121 0.7905
vn 0.0110 -0.8893 0.4573
vn 0.0049 -0.9793 0.2025
vn 0.0012 -0.9989 0.0478
vn -0.1688 -0.1730 0.9703
vn -0.1355 -0.6121 0.7791
vn -0.0784 -0.8893 0.4506
vn -0.0347 -0.9793 0.1995
vn -0.0082 -0.9989 0.0471
vn -0.3549 -0.1730 0.9188
vn -0.2849 -0.6121 0.7377
vn -0.1648 -0.8893 0.4267
vn -0.0730 -0.9793 0.1889
vn -0.0172 -0.9989 0.0446
vn -0.5273 -0.1730 0.8319
vn -0.4233 -0.6121 0.6679
vn -0.2449 -0.8893 0.3863
vn -0.1084 -0.9793 0.1711
vn -0.0256 -0.9989 0.0404
vn -0.6794 -0.1730 0.7130
vn -0.5455 -0.6121 0.5725
vn -0.3155 -0.8893 0.3311
vn -0.1397 -0.9793 0.1466
vn -0.0330 -0.9989 0.0346
vn -0.8055 -0.1730 0.5668
vn -0.6467 -0.6121 0.4550
vn -0.3741 -0.8893 0.2632
vn -0.1656 -0.9793 0.1166
vn -0.0391 -0.9989 0.0275
vn -0.9006 -0.1730 0.3987
vn -0.7231 -0.6121 0.3201
vn -0.4182 -0.8893 0.1852
vn -0.1852 -0.9793 0.0820
vn -0.0437 -0.9989 0.0194
vn -0.9611 -0.1730 0.2154
vn -0.7716 -0.6121 0.1729
vn -0.4463 -0.8893 0.1000
vn -0.1976 -0.9793 0.0443
vn -0.0466 -0.9989 0.0105
vn -0.9846 -0.1730 0.0237
vn -0.7905 -0.6121 0.0191
vn -0.4573 -0.8893 0.0110
vn -0.2025 -0.9793 0.0049
vn -0.0478 -0.9989 0.0012
vn -0.9703 -0.1730 -0.1688
vn -0.7791 -0.6121 -0.1355
vn -0.4506 -0.8893 -0.0784
vn -0.1995 -0.9793 -0.0347
vn -0.0471 -0.9989 -0.0082
vn -0.9188 -0.1730 -0.3549
vn -0.7377 -0.6121 -0.2849
vn -0.4267 -0.8893 -0.1648
vn -0.1889 -0.9793 -0.0730
vn -0.0446 -0.9989 -0.0172
vn -0.8319 -0.1730 -0.5273
vn -0.6679 -0.6121 -0.4233
vn -0.3863 -0.8893 -0.2449
vn -0.1711 -0.9793 -0.1084
vn -0.0404 -0.9989 -0.0256
vn -0.7130 -0.1730 -0.6794
vn -0.5725 -0.6121 -0.5455
vn -0.3311 -0.8893 -0.3155
vn -0.1466 -0.9793 -0.1397
vn -0.0346 -0.9989 -0.0330
vn -0.5668 -0.1730 -0.8055
vn -0.4550 -0.6121 -0.6467
vn -0.2632 -0.8893 -0.3741
vn -0.1166 -0.9793 -0.1656
vn -0.0275 -0.9989 -0.0391
vn -0.3987 -0.1730 -0.9006
vn -0.3201 -0.6121 -0.7231
vn -0.1852 -0.8893 -0.4182
vn -0.0820 -0.9793 -0.1852
vn -0.0194 -0.9989 -0.0437
vn -0.2154 -0.1730 -0.9611
vn -0.1729 -0.6121 -0.7716
vn -0.1000 -0.8893 -0.4463
vn -0.0443 -0.9793 -0.1976
vn -0.0105 -0.9989 -0.0466
vn -0.0237 -0.1730 -0.9846
vn -0.0191 -0.6121 -0.7905
vn -0.0110 -0.8893 -0.4573
vn -0.0049 -0.9793 -0.2025
vn -0.0012 -0.9989 -0.0478
vn 0.1688 -0.1730 -0.9703
vn 0.1355 -0.6121 -0.7791
vn 0.0784 -0.8893 -0.4506
vn 0.0347 -0.9793 -0.1995
vn 0.0082 -0.9989 -0.0471
vn 0.3549 -0.1730 -0.9188
vn 0.2849 -0.6121 -0.7377
vn 0.1648 -0.8893 -0.4267
vn 0.0730 -0.9793 -0.1889
vn 0.0172 -0.9989 -0.0446
vn 0.5273 -0.1730 -0.8319
vn 0.4233 -0.6121 -0.6679
vn 0.2449 -0.8893 -0.3863
vn 0.1084 -0.9793 -0.1711
vn 0.0256 -0.9989 -0.0404
vn 0.6794 -0.1730 -0.7130
vn 0.5455 -0.6121 -0.5725
vn 0.3155 -0.8893 -0.3311
vn 0.1397 -0.9793 -0.1466
vn 0.0330 -0.9989 -0.0346
vn 0.8055 -0.1730 -0.5668
vn 0.6467 -0.6121 -0.4550
vn 0.3741 -0.8893 -0.2632
vn 0.1656 -0.9793 -0.1166
vn 0.0391 -0.9989 -0.0275
vn 0.9006 -0.1730 -0.3987
vn 0.7231 -0.6121 -0.3201
vn 0.4182 -0.8893 -0.1852
vn 0.1852 -0.9793 -0.0820
vn 0.0437 -0.9989 -0.0194
vn 0.9611 -0.1730 -0.2154
vn 0.7716 -0.6121 -0.1729
vn 0.4463 -0.8893 -0.1000
vn 0.1976 -0.9793 -0.0443
vn 0.0466 -0.9989 -0.0105
vt 1.000000 0.893038
vt 1.000000 0.984212
vt 0.968750 0.984212
vt 0.968750 0.893038
vt 0.906250 0.893038
vt 0.906250 0.984212
vt 0.875000 0.984212
vt 0.875000 0.893038
vt 0.843750 0.984212
vt 0.843750 0.893038
vt 0.812500 0.984212
vt 0.812500 0.893038
vt 0.781250 0.984212
vt 0.781250 0.893038
vt 0.750000 0.984212
vt 0.750000 0.893038
vt 0.718750 0.984212
vt 0.718750 0.893038
vt 0.687500 0.984212
vt 0.687500 0.893038
vt 0.656250 0.984212
vt 0.656250 0.893038
vt 0.625000 0.984212
vt 0.625000 0.893038
vt 0.593750 0.984212
vt 0.593750 0.893038
vt 0.562500 0.984212
vt 0.562500 0.893038
vt 0.531250 0.984212
vt 0.531250 0.893038
vt 0.500000 0.984212
vt 0.500000 0.893038
vt 0.468750 0.984212
vt 0.468750 0.893038
vt 0.437500 0.984212
vt 0.437500 0.893038
vt 0.406250 0.984212
vt 0.406250 0.893038
vt 0.375000 0.984212
vt 0.375000 0.893038
vt 0.343750 0.984212
vt 0.343750 0.893038
vt 0.312500 0.984212
vt 0.312500 0.893038
vt 0.281250 0.984212
vt 0.281250 0.893038
vt 0.250000 0.984212
vt 0.250000 0.893038
vt 0.218750 0.984212
vt 0.218750 0.893038
vt 0.187500 0.984212
vt 0.187500 0.893038
vt 0.156250 0.984212
vt 0.156250 0.893038
vt 0.125000 0.984212
vt 0.125000 0.893038
vt 0.093750 0.984212
vt 0.093750 0.893038
vt 0.062500 0.984212
vt 0.062500 0.893038
vt 0.031250 0.984212
vt 0.031250 0.893038
vt 0.937500 0.984212
vt 0.937500 0.893038
vt 0.000000 0.984212
vt 0.000000 0.893038
vt 0.999689 1.000000
vt 0.969061 1.000000
vt 0.296355 0.485434
vt 0.250466 0.489954
vt 0.250000 0.471167
vt 0.293148 0.466917
vt 0.250000 0.451878
vt 0.289385 0.447999
vt 0.968439 1.000000
vt 0.937811 1.000000
vt 0.341396 0.471867
vt 0.297270 0.485252
vt 0.334637 0.454331
vt 0.327255 0.436511
vt 0.937189 1.000000
vt 0.906561 1.000000
vt 0.382924 0.449774
vt 0.342257 0.471510
vt 0.372874 0.433893
vt 0.362157 0.417855
vt 0.905939 1.000000
vt 0.875311 1.000000
vt 0.419343 0.420003
vt 0.383699 0.449255
vt 0.406388 0.406389
vt 0.392749 0.392749
vt 0.874689 1.000000
vt 0.844061 1.000000
vt 0.449255 0.383699
vt 0.420003 0.419343
vt 0.433893 0.372874
vt 0.417855 0.362158
vt 0.843439 1.000000
vt 0.812811 1.000000
vt 0.471510 0.342257
vt 0.449774 0.382924
vt 0.454331 0.334637
vt 0.436511 0.327255
vt 0.812189 1.000000
vt 0.781561 1.000000
vt 0.485252 0.297270
vt 0.471867 0.341396
vt 0.466917 0.293147
vt 0.447999 0.289384
vt 0.780939 1.000000
vt 0.750311 1.000000
vt 0.489954 0.250466
vt 0.485434 0.296355
vt 0.471167 0.250000
vt 0.451878 0.250000
vt 0.749689 1.000000
vt 0.719061 1.000000
vt 0.485434 0.203645
vt 0.489954 0.249534
vt 0.466917 0.206853
vt 0.447999 0.210616
vt 0.718439 1.000000
vt 0.687811 1.000000
vt 0.471867 0.158604
vt 0.485252 0.202730
vt 0.454331 0.165363
vt 0.436511 0.172745
vt 0.687189 1.000000
vt 0.656561 1.000000
vt 0.449774 0.117076
vt 0.471510 0.157743
vt 0.433893 0.127126
vt 0.417856 0.137843
vt 0.655939 1.000000
vt 0.625311 1.000000
vt 0.420003 0.080657
vt 0.449255 0.116301
vt 0.406388 0.093612
vt 0.392749 0.107251
vt 0.624689 1.000000
vt 0.594061 1.000000
vt 0.383699 0.050745
vt 0.419343 0.079997
vt 0.372874 0.066107
vt 0.362158 0.082145
vt 0.593439 1.000000
vt 0.562811 1.000000
vt 0.342257 0.028490
vt 0.382924 0.050226
vt 0.334637 0.045669
vt 0.327255 0.063489
vt 0.562189 1.000000
vt 0.531561 1.000000
vt 0.297270 0.014748
vt 0.341396 0.028133
vt 0.293147 0.033083
vt 0.289384 0.052001
vt 0.530939 1.000000
vt 0.500311 1.000000
vt 0.250466 0.010046
vt 0.296355 0.014566
vt 0.250000 0.028833
vt 0.250000 0.048122
vt 0.499689 1.000000
vt 0.469061 1.000000
vt 0.203645 0.014566
vt 0.249534 0.010046
vt 0.206853 0.033083
vt 0.210616 0.052001
vt 0.468439 1.000000
vt 0.437811 1.000000
vt 0.158604 0.028133
vt 0.202730 0.014748
vt 0.165363 0.045669
vt 0.172745 0.063489
vt 0.437189 1.000000
vt 0.406561 1.000000
vt 0.117076 0.050226
vt 0.157743 0.028490
vt 0.127126 0.066107
vt 0.137842 0.082145
vt 0.405939 1.000000
vt 0.375311 1.000000
vt 0.080657 0.079997
vt 0.116301 0.050745
vt 0.093612 0.093612
vt 0.107251 0.107251
vt 0.374689 1.000000
vt 0.344061 1.000000
vt 0.050745 0.116301
vt 0.079997 0.080657
vt 0.066107 0.127126
vt 0.082145 0.137843
vt 0.343439 1.000000
vt 0.312811 1.000000
vt 0.028490 0.157743
vt 0.050226 0.117076
vt 0.045669 0.165363
vt 0.063489 0.172745
vt 0.312189 1.000000
vt 0.281561 1.000000
vt 0.014748 0.202730
vt 0.028133 0.158604
vt 0.033083 0.206853
vt 0.052001 0.210616
vt 0.280939 1.000000
vt 0.250311 1.000000
vt 0.010046 0.249534
vt 0.014566 0.203645
vt 0.028833 0.250000
vt 0.048122 0.250000
vt 0.249689 1.000000
vt 0.219061 1.000000
vt 0.014566 0.296355
vt 0.010046 0.250466
vt 0.033083 0.293148
vt 0.052001 0.289384
vt 0.218439 1.000000
vt 0.187811 1.000000
vt 0.028133 0.341396
vt 0.014748 0.297270
vt 0.045669 0.334637
vt 0.063489 0.327255
vt 0.187189 1.000000
vt 0.156561 1.000000
vt 0.050226 0.382924
vt 0.028490 0.342257
vt 0.066107 0.372874
vt 0.082145 0.362158
vt 0.155939 1.000000
vt 0.125311 1.000000
vt 0.079997 0.419343
vt 0.050745 0.383699
vt 0.093612 0.406388
vt 0.107251 0.392749
vt 0.124689 1.000000
vt 0.094061 1.000000
vt 0.116301 0.449255
vt 0.080657 0.420003
vt 0.127126 0.433893
vt 0.137843 0.417855
vt 0.093439 1.000000
vt 0.062811 1.000000
vt 0.157743 0.471510
vt 0.117076 0.449774
vt 0.165363 0.454331
vt 0.172745 0.436511
vt 0.062189 1.000000
vt 0.031561 1.000000
vt 0.202730 0.485252
vt 0.158604 0.471867
vt 0.206853 0.466917
vt 0.210616 0.447999
vt 0.030939 1.000000
vt 0.000311 1.000000
vt 0.249534 0.489954
vt 0.203645 0.485434
vt 0.236291 0.318922
vt 0.223108 0.314923
vt 0.236291 0.318922
vt 0.250000 0.320272
vt 0.250000 0.320272
vt 0.289041 0.308429
vt 0.276892 0.314923
vt 0.299690 0.299690
vt 0.308429 0.289041
vt 0.314923 0.276892
vt 0.318922 0.263709
vt 0.320272 0.250000
vt 0.320272 0.250000
vt 0.318922 0.236291
vt 0.314923 0.223108
vt 0.308429 0.210959
vt 0.299690 0.200310
vt 0.289041 0.191571
vt 0.276892 0.185077
vt 0.263709 0.181078
vt 0.250000 0.179728
vt 0.236291 0.181078
vt 0.236291 0.181078
vt 0.223108 0.185077
vt 0.210959 0.191571
vt 0.200310 0.200310
vt 0.191571 0.210959
vt 0.185077 0.223108
vt 0.181078 0.236291
vt 0.179728 0.250000
vt 0.181078 0.263709
vt 0.185077 0.276892
vt 0.191571 0.289041
vt 0.200310 0.299690
vt 0.210959 0.308429
vt 0.206818 0.314627
vt 0.220256 0.321809
vt 0.263709 0.318922
vt 0.273448 0.306608
vt 0.261954 0.310095
vt 0.250000 0.172274
vt 0.234836 0.173768
vt 0.293182 0.314627
vt 0.304961 0.304961
vt 0.234836 0.326233
vt 0.220256 0.178191
vt 0.314627 0.293182
vt 0.206818 0.185373
vt 0.314627 0.293182
vt 0.321809 0.279745
vt 0.265164 0.326232
vt 0.279745 0.321809
vt 0.195039 0.195039
vt 0.326232 0.265164
vt 0.185373 0.206818
vt 0.327726 0.250000
vt 0.178191 0.220256
vt 0.327726 0.250000
vt 0.326232 0.234836
vt 0.173768 0.234836
vt 0.321809 0.220256
vt 0.173768 0.234836
vt 0.172274 0.250000
vt 0.321809 0.220256
vt 0.314627 0.206818
vt 0.172274 0.250000
vt 0.173768 0.265164
vt 0.314627 0.206818
vt 0.304961 0.195039
vt 0.173768 0.265164
vt 0.178191 0.279744
vt 0.304961 0.195039
vt 0.293182 0.185373
vt 0.178191 0.279744
vt 0.185373 0.293182
vt 0.293182 0.185373
vt 0.279745 0.178191
vt 0.185373 0.293182
vt 0.195039 0.304961
vt 0.265164 0.173768
vt 0.250000 0.327726
vt 0.265164 0.173768
vt 0.250000 0.172274
vt 0.279745 0.321810
vt 0.250000 0.311272
vt 0.238046 0.310095
vt 0.284041 0.300946
vt 0.293326 0.293326
vt 0.300946 0.284041
vt 0.306608 0.273448
vt 0.310095 0.261954
vt 0.311272 0.250000
vt 0.310095 0.238046
vt 0.306608 0.226552
vt 0.306608 0.226552
vt 0.300946 0.215959
vt 0.293326 0.206674
vt 0.284041 0.199054
vt 0.284041 0.199054
vt 0.273448 0.193392
vt 0.261954 0.189905
vt 0.250000 0.188728
vt 0.238046 0.189905
vt 0.226552 0.193392
vt 0.226552 0.193392
vt 0.215959 0.199054
vt 0.206674 0.206674
vt 0.215959 0.199054
vt 0.206674 0.206674
vt 0.199054 0.215959
vt 0.199054 0.215959
vt 0.193392 0.226552
vt 0.193392 0.226552
vt 0.189905 0.238046
vt 0.188728 0.250000
vt 0.188728 0.250000
vt 0.189905 0.261954
vt 0.189905 0.261954
vt 0.193392 0.273448
vt 0.199054 0.284041
vt 0.206674 0.293326
vt 0.206674 0.293326
vt 0.215959 0.300946
vt 0.226552 0.306608
vt 0.215959 0.300946
vt 0.250000 0.327726
vt 0.265164 0.326232
vt 0.195100 0.286683
vt 0.203311 0.296689
vt 0.203672 0.296328
vt 0.195525 0.286399
vt 0.275268 0.188998
vt 0.262881 0.185241
vt 0.262782 0.185742
vt 0.275072 0.189470
vt 0.262881 0.314759
vt 0.275268 0.311002
vt 0.275072 0.310530
vt 0.262782 0.314258
vt 0.203311 0.296689
vt 0.213317 0.304900
vt 0.213601 0.304475
vt 0.203673 0.296328
vt 0.250000 0.183972
vt 0.250000 0.184483
vt 0.286683 0.304900
vt 0.286399 0.304475
vt 0.213317 0.304900
vt 0.224732 0.311002
vt 0.224928 0.310530
vt 0.250000 0.183972
vt 0.237119 0.185241
vt 0.237218 0.185742
vt 0.296689 0.296689
vt 0.296328 0.296328
vt 0.237119 0.314759
vt 0.237218 0.314258
vt 0.224732 0.188998
vt 0.224928 0.189470
vt 0.237218 0.185742
vt 0.304900 0.286683
vt 0.304475 0.286399
vt 0.250000 0.316028
vt 0.250000 0.315517
vt 0.213317 0.195100
vt 0.213601 0.195525
vt 0.311002 0.275268
vt 0.310530 0.275072
vt 0.304475 0.286399
vt 0.203311 0.203311
vt 0.203673 0.203673
vt 0.213601 0.195525
vt 0.314759 0.262881
vt 0.314258 0.262782
vt 0.203311 0.203311
vt 0.195100 0.213317
vt 0.195525 0.213601
vt 0.203673 0.203673
vt 0.316028 0.250000
vt 0.315517 0.250000
vt 0.188998 0.224732
vt 0.189470 0.224928
vt 0.316028 0.250000
vt 0.314759 0.237119
vt 0.314258 0.237218
vt 0.185241 0.237119
vt 0.185742 0.237218
vt 0.311002 0.224732
vt 0.310530 0.224928
vt 0.185241 0.237119
vt 0.183972 0.250000
vt 0.184483 0.250000
vt 0.185742 0.237218
vt 0.304900 0.213317
vt 0.304475 0.213601
vt 0.185241 0.262881
vt 0.185742 0.262782
vt 0.296689 0.203311
vt 0.296328 0.203672
vt 0.188998 0.275268
vt 0.189470 0.275072
vt 0.185742 0.262782
vt 0.286683 0.195100
vt 0.286399 0.195525
vt 0.195100 0.286683
vt 0.263071 0.315714
vt 0.250000 0.317001
vt 0.263334 0.317035
vt 0.250000 0.318349
vt 0.263708 0.318914
vt 0.250000 0.320264
vt 0.263709 0.318920
vt 0.250000 0.320270
vt 0.275640 0.311901
vt 0.276156 0.313146
vt 0.276889 0.314916
vt 0.276891 0.314921
vt 0.287224 0.305709
vt 0.287972 0.306830
vt 0.289037 0.308423
vt 0.289040 0.308428
vt 0.297377 0.297377
vt 0.298330 0.298330
vt 0.299684 0.299684
vt 0.299689 0.299689
vt 0.305709 0.287224
vt 0.306830 0.287972
vt 0.308422 0.289037
vt 0.308428 0.289040
vt 0.311901 0.275640
vt 0.313146 0.276156
vt 0.314916 0.276889
vt 0.314921 0.276891
vt 0.315714 0.263071
vt 0.317035 0.263334
vt 0.318914 0.263708
vt 0.318920 0.263709
vt 0.317001 0.250000
vt 0.318349 0.250000
vt 0.320264 0.250000
vt 0.320270 0.250000
vt 0.315714 0.236929
vt 0.317035 0.236666
vt 0.318914 0.236292
vt 0.318920 0.236291
vt 0.311901 0.224360
vt 0.313146 0.223844
vt 0.314916 0.223111
vt 0.314921 0.223109
vt 0.305709 0.212776
vt 0.306830 0.212028
vt 0.308423 0.210963
vt 0.308428 0.210960
vt 0.297377 0.202623
vt 0.298330 0.201670
vt 0.299684 0.200316
vt 0.299689 0.200311
vt 0.287224 0.194291
vt 0.287972 0.193170
vt 0.289037 0.191578
vt 0.289040 0.191572
vt 0.275640 0.188099
vt 0.276156 0.186854
vt 0.276889 0.185085
vt 0.276891 0.185079
vt 0.263071 0.184287
vt 0.263334 0.182965
vt 0.263708 0.181086
vt 0.263709 0.181080
vt 0.250000 0.182999
vt 0.250000 0.181652
vt 0.250000 0.179736
vt 0.250000 0.179730
vt 0.236929 0.184287
vt 0.236666 0.182965
vt 0.236292 0.181086
vt 0.236291 0.181080
vt 0.224360 0.188099
vt 0.223844 0.186854
vt 0.223111 0.185085
vt 0.223109 0.185079
vt 0.212776 0.194291
vt 0.212028 0.193170
vt 0.210963 0.191578
vt 0.210960 0.191572
vt 0.202623 0.202623
vt 0.201670 0.201670
vt 0.200316 0.200316
vt 0.200311 0.200311
vt 0.194291 0.212776
vt 0.193170 0.212028
vt 0.191578 0.210963
vt 0.191572 0.210960
vt 0.188099 0.224360
vt 0.186854 0.223844
vt 0.185084 0.223111
vt 0.185079 0.223109
vt 0.184286 0.236929
vt 0.182965 0.236666
vt 0.181086 0.236292
vt 0.181080 0.236291
vt 0.182999 0.250000
vt 0.181652 0.250000
vt 0.179736 0.250000
vt 0.179730 0.250000
vt 0.184287 0.263071
vt 0.182965 0.263334
vt 0.181086 0.263708
vt 0.181080 0.263709
vt 0.188099 0.275640
vt 0.186854 0.276156
vt 0.185084 0.276889
vt 0.185079 0.276891
vt 0.194291 0.287224
vt 0.193170 0.287972
vt 0.191578 0.289037
vt 0.191572 0.289040
vt 0.202623 0.297377
vt 0.201670 0.298330
vt 0.200316 0.299684
vt 0.200311 0.299689
vt 0.212776 0.305709
vt 0.212028 0.306830
vt 0.210963 0.308422
vt 0.210960 0.308428
vt 0.224360 0.311901
vt 0.223844 0.313146
vt 0.223111 0.314915
vt 0.223109 0.314921
vt 0.236929 0.315714
vt 0.236666 0.317035
vt 0.236292 0.318914
vt 0.236291 0.318920
vt 0.261954 0.310097
vt 0.250000 0.311274
vt 0.261955 0.310103
vt 0.250000 0.311281
vt 0.262329 0.311982
vt 0.250000 0.313196
vt 0.262592 0.313304
vt 0.250000 0.314544
vt 0.273449 0.306610
vt 0.273451 0.306616
vt 0.274184 0.308386
vt 0.274700 0.309631
vt 0.284042 0.300948
vt 0.284046 0.300953
vt 0.285110 0.302546
vt 0.285859 0.303666
vt 0.293327 0.293328
vt 0.293332 0.293332
vt 0.294686 0.294686
vt 0.295639 0.295639
vt 0.300948 0.284042
vt 0.300953 0.284046
vt 0.302546 0.285110
vt 0.303666 0.285859
vt 0.306610 0.273449
vt 0.306616 0.273451
vt 0.308386 0.274184
vt 0.309631 0.274700
vt 0.310097 0.261954
vt 0.310103 0.261955
vt 0.311982 0.262329
vt 0.313304 0.262592
vt 0.311274 0.250000
vt 0.311281 0.250000
vt 0.313196 0.250000
vt 0.314544 0.250000
vt 0.310097 0.238046
vt 0.310103 0.238045
vt 0.311982 0.237671
vt 0.313304 0.237408
vt 0.306610 0.226551
vt 0.306616 0.226549
vt 0.308386 0.225816
vt 0.309631 0.225300
vt 0.300948 0.215958
vt 0.300953 0.215954
vt 0.302546 0.214890
vt 0.303666 0.214141
vt 0.293328 0.206673
vt 0.293332 0.206668
vt 0.294686 0.205314
vt 0.295639 0.204361
vt 0.284042 0.199052
vt 0.284046 0.199047
vt 0.285110 0.197454
vt 0.285859 0.196334
vt 0.273449 0.193390
vt 0.273451 0.193384
vt 0.274184 0.191614
vt 0.274700 0.190369
vt 0.261954 0.189903
vt 0.261955 0.189897
vt 0.262329 0.188018
vt 0.262592 0.186696
vt 0.250000 0.188726
vt 0.250000 0.188719
vt 0.250000 0.186804
vt 0.250000 0.185456
vt 0.238046 0.189903
vt 0.238045 0.189897
vt 0.237671 0.188018
vt 0.237408 0.186696
vt 0.226551 0.193390
vt 0.226549 0.193384
vt 0.225816 0.191614
vt 0.225300 0.190369
vt 0.215958 0.199052
vt 0.215954 0.199047
vt 0.214890 0.197454
vt 0.214141 0.196334
vt 0.206673 0.206673
vt 0.206668 0.206668
vt 0.205314 0.205314
vt 0.204361 0.204361
vt 0.199052 0.215958
vt 0.199047 0.215954
vt 0.197454 0.214890
vt 0.196334 0.214141
vt 0.193390 0.226551
vt 0.193384 0.226549
vt 0.191614 0.225816
vt 0.190369 0.225300
vt 0.189903 0.238046
vt 0.189897 0.238045
vt 0.188018 0.237671
vt 0.186696 0.237408
vt 0.188726 0.250000
vt 0.188719 0.250000
vt 0.186804 0.250000
vt 0.185456 0.250000
vt 0.189903 0.261954
vt 0.189897 0.261955
vt 0.188018 0.262329
vt 0.186696 0.262592
vt 0.193390 0.273449
vt 0.193384 0.273451
vt 0.191614 0.274184
vt 0.190369 0.274700
vt 0.199052 0.284042
vt 0.199047 0.284046
vt 0.197454 0.285110
vt 0.196334 0.285859
vt 0.206673 0.293328
vt 0.206668 0.293332
vt 0.205314 0.294687
vt 0.204361 0.295639
vt 0.215958 0.300948
vt 0.215954 0.300953
vt 0.214890 0.302546
vt 0.214141 0.303666
vt 0.226551 0.306610
vt 0.226549 0.306616
vt 0.225816 0.308386
vt 0.225300 0.309631
vt 0.238046 0.310097
vt 0.238045 0.310103
vt 0.237671 0.311982
vt 0.237408 0.313304
vt 0.263710 0.318924
vt 0.250000 0.320275
vt 0.263711 0.318931
vt 0.250000 0.320281
vt 0.264427 0.322532
vt 0.250000 0.323953
vt 0.264784 0.324323
vt 0.250000 0.325779
vt 0.276893 0.314925
vt 0.276896 0.314932
vt 0.278301 0.318324
vt 0.278999 0.320011
vt 0.289042 0.308431
vt 0.289046 0.308437
vt 0.291086 0.311490
vt 0.292101 0.313008
vt 0.299692 0.299692
vt 0.299697 0.299697
vt 0.302293 0.302293
vt 0.303584 0.303584
vt 0.308431 0.289042
vt 0.308437 0.289046
vt 0.311489 0.291086
vt 0.313008 0.292101
vt 0.314925 0.276893
vt 0.314932 0.276896
vt 0.318324 0.278301
vt 0.320011 0.278999
vt 0.318924 0.263710
vt 0.318931 0.263711
vt 0.322532 0.264427
vt 0.324323 0.264784
vt 0.320275 0.250000
vt 0.320281 0.250000
vt 0.323953 0.250000
vt 0.325779 0.250000
vt 0.318924 0.236290
vt 0.318931 0.236289
vt 0.322532 0.235573
vt 0.324323 0.235216
vt 0.314925 0.223107
vt 0.314932 0.223104
vt 0.318324 0.221699
vt 0.320011 0.221001
vt 0.308431 0.210958
vt 0.308437 0.210954
vt 0.308429 0.210959
vt 0.311490 0.208914
vt 0.313008 0.207899
vt 0.299692 0.200308
vt 0.299697 0.200304
vt 0.302293 0.197707
vt 0.303584 0.196416
vt 0.289042 0.191569
vt 0.289046 0.191563
vt 0.291086 0.188510
vt 0.292101 0.186992
vt 0.276893 0.185075
vt 0.276896 0.185069
vt 0.278301 0.181677
vt 0.279000 0.179989
vt 0.263710 0.181076
vt 0.263711 0.181069
vt 0.264427 0.177468
vt 0.264784 0.175677
vt 0.250000 0.179725
vt 0.250000 0.179719
vt 0.250000 0.176047
vt 0.250000 0.174221
vt 0.236290 0.181076
vt 0.236289 0.181069
vt 0.235573 0.177468
vt 0.235216 0.175677
vt 0.223107 0.185075
vt 0.223105 0.185069
vt 0.223108 0.185077
vt 0.221700 0.181677
vt 0.221001 0.179989
vt 0.210958 0.191569
vt 0.210954 0.191563
vt 0.208914 0.188511
vt 0.207899 0.186992
vt 0.200308 0.200308
vt 0.200304 0.200304
vt 0.197707 0.197707
vt 0.196416 0.196416
vt 0.191569 0.210957
vt 0.191563 0.210954
vt 0.188511 0.208914
vt 0.186992 0.207899
vt 0.185075 0.223107
vt 0.185068 0.223104
vt 0.181676 0.221699
vt 0.179989 0.221001
vt 0.181076 0.236290
vt 0.181069 0.236289
vt 0.177468 0.235572
vt 0.175677 0.235216
vt 0.179725 0.250000
vt 0.179719 0.250000
vt 0.176047 0.250000
vt 0.174221 0.250000
vt 0.181076 0.263710
vt 0.181069 0.263711
vt 0.177468 0.264427
vt 0.175677 0.264784
vt 0.185075 0.276893
vt 0.185069 0.276896
vt 0.181677 0.278301
vt 0.179989 0.278999
vt 0.191569 0.289042
vt 0.191563 0.289046
vt 0.188511 0.291086
vt 0.186992 0.292101
vt 0.200308 0.299692
vt 0.200304 0.299697
vt 0.197707 0.302293
vt 0.196416 0.303584
vt 0.210958 0.308431
vt 0.210954 0.308437
vt 0.208914 0.311490
vt 0.207899 0.313008
vt 0.223107 0.314925
vt 0.223104 0.314931
vt 0.221699 0.318323
vt 0.221001 0.320011
vt 0.236290 0.318924
vt 0.236289 0.318931
vt 0.235573 0.322532
vt 0.235216 0.324323
vt 1.000000 0.514529
vt 0.968750 0.514529
vt 0.968909 0.508909
vt 0.999841 0.508909
vt 0.969398 0.500000
vt 0.999352 0.500000
vt 0.750971 0.489904
vt 0.795851 0.485484
vt 0.792625 0.464290
vt 0.750000 0.468488
vt 0.789978 0.450983
vt 0.750000 0.454920
vt 0.937500 0.514529
vt 0.937659 0.508909
vt 0.968591 0.508909
vt 0.938148 0.500000
vt 0.968102 0.500000
vt 0.797755 0.485105
vt 0.840910 0.472014
vt 0.833612 0.451857
vt 0.828420 0.439321
vt 0.906250 0.514529
vt 0.906409 0.508909
vt 0.937341 0.508909
vt 0.906898 0.500000
vt 0.936852 0.500000
vt 0.842705 0.471271
vt 0.882476 0.450013
vt 0.871386 0.431666
vt 0.863847 0.420385
vt 0.875000 0.514529
vt 0.875159 0.508909
vt 0.906091 0.508909
vt 0.875648 0.500000
vt 0.905602 0.500000
vt 0.884091 0.448934
vt 0.918951 0.420325
vt 0.904495 0.404494
vt 0.894900 0.394901
vt 0.843750 0.514529
vt 0.843909 0.508909
vt 0.874841 0.508909
vt 0.844398 0.500000
vt 0.874352 0.500000
vt 0.920325 0.418951
vt 0.948934 0.384091
vt 0.931666 0.371385
vt 0.920385 0.363848
vt 0.812500 0.514529
vt 0.812659 0.508909
vt 0.843591 0.508909
vt 0.813148 0.500000
vt 0.843102 0.500000
vt 0.950013 0.382476
vt 0.971271 0.342705
vt 0.951857 0.333612
vt 0.939322 0.328420
vt 0.781250 0.514529
vt 0.781409 0.508909
vt 0.812341 0.508909
vt 0.781898 0.500000
vt 0.811852 0.500000
vt 0.972014 0.340910
vt 0.985105 0.297755
vt 0.964290 0.292625
vt 0.950983 0.289978
vt 0.750000 0.514529
vt 0.750159 0.508909
vt 0.781091 0.508909
vt 0.750648 0.500000
vt 0.780602 0.500000
vt 0.985484 0.295851
vt 0.989904 0.250971
vt 0.968488 0.250000
vt 0.954920 0.250000
vt 0.718750 0.514529
vt 0.718909 0.508909
vt 0.749841 0.508909
vt 0.719398 0.500000
vt 0.749352 0.500000
vt 0.989904 0.249029
vt 0.985484 0.204149
vt 0.964290 0.207375
vt 0.950983 0.210022
vt 0.687500 0.514529
vt 0.687659 0.508909
vt 0.718591 0.508909
vt 0.688148 0.500000
vt 0.718102 0.500000
vt 0.985105 0.202245
vt 0.972014 0.159090
vt 0.951857 0.166388
vt 0.939322 0.171581
vt 0.656250 0.514529
vt 0.656409 0.508909
vt 0.687341 0.508909
vt 0.656898 0.500000
vt 0.686852 0.500000
vt 0.971271 0.157295
vt 0.950013 0.117524
vt 0.931666 0.128615
vt 0.920385 0.136153
vt 0.625000 0.514529
vt 0.625159 0.508909
vt 0.656091 0.508909
vt 0.625648 0.500000
vt 0.655602 0.500000
vt 0.948934 0.115909
vt 0.920325 0.081049
vt 0.904495 0.095506
vt 0.894901 0.105100
vt 0.593750 0.514529
vt 0.593909 0.508909
vt 0.624841 0.508909
vt 0.594398 0.500000
vt 0.624352 0.500000
vt 0.918951 0.079675
vt 0.884091 0.051066
vt 0.871386 0.068334
vt 0.863847 0.079615
vt 0.562500 0.514529
vt 0.562659 0.508909
vt 0.593591 0.508909
vt 0.563148 0.500000
vt 0.593102 0.500000
vt 0.882476 0.049987
vt 0.842705 0.028729
vt 0.833612 0.048144
vt 0.828420 0.060679
vt 0.531250 0.514529
vt 0.531409 0.508909
vt 0.562341 0.508909
vt 0.531898 0.500000
vt 0.561852 0.500000
vt 0.840910 0.027986
vt 0.797755 0.014895
vt 0.792625 0.035710
vt 0.789978 0.049018
vt 0.531250 0.514529
vt 0.500000 0.514529
vt 0.500159 0.508909
vt 0.531091 0.508909
vt 0.500648 0.500000
vt 0.530602 0.500000
vt 0.795851 0.014516
vt 0.750971 0.010096
vt 0.750000 0.031512
vt 0.750000 0.045080
vt 0.468750 0.514529
vt 0.468909 0.508909
vt 0.499841 0.508909
vt 0.469398 0.500000
vt 0.499352 0.500000
vt 0.749029 0.010096
vt 0.704149 0.014516
vt 0.707375 0.035710
vt 0.710022 0.049018
vt 0.437500 0.514529
vt 0.437659 0.508909
vt 0.468591 0.508909
vt 0.438148 0.500000
vt 0.468102 0.500000
vt 0.702245 0.014895
vt 0.659090 0.027986
vt 0.666388 0.048144
vt 0.671581 0.060679
vt 0.406250 0.514529
vt 0.406409 0.508909
vt 0.437341 0.508909
vt 0.406898 0.500000
vt 0.436852 0.500000
vt 0.657295 0.028729
vt 0.617524 0.049987
vt 0.628615 0.068334
vt 0.636153 0.079615
vt 0.375000 0.514529
vt 0.375159 0.508909
vt 0.406091 0.508909
vt 0.375648 0.500000
vt 0.405602 0.500000
vt 0.615909 0.051066
vt 0.581049 0.079675
vt 0.595506 0.095506
vt 0.605100 0.105100
vt 0.343750 0.514529
vt 0.343909 0.508909
vt 0.374841 0.508909
vt 0.344398 0.500000
vt 0.374352 0.500000
vt 0.579675 0.081049
vt 0.551066 0.115909
vt 0.568334 0.128615
vt 0.579615 0.136153
vt 0.312500 0.514529
vt 0.312659 0.508909
vt 0.343591 0.508909
vt 0.313148 0.500000
vt 0.343102 0.500000
vt 0.549987 0.117524
vt 0.528729 0.157295
vt 0.548144 0.166388
vt 0.560679 0.171580
vt 0.281250 0.514529
vt 0.281409 0.508909
vt 0.312341 0.508909
vt 0.281898 0.500000
vt 0.311852 0.500000
vt 0.527986 0.159090
vt 0.514895 0.202245
vt 0.535710 0.207375
vt 0.549018 0.210022
vt 0.250000 0.514529
vt 0.250159 0.508909
vt 0.281091 0.508909
vt 0.250648 0.500000
vt 0.280602 0.500000
vt 0.514516 0.204149
vt 0.510096 0.249029
vt 0.531512 0.250000
vt 0.545080 0.250000
vt 0.218750 0.514529
vt 0.218909 0.508909
vt 0.249841 0.508909
vt 0.219398 0.500000
vt 0.249352 0.500000
vt 0.510096 0.250971
vt 0.514516 0.295851
vt 0.535710 0.292625
vt 0.549018 0.289978
vt 0.187500 0.514529
vt 0.187659 0.508909
vt 0.218591 0.508909
vt 0.188148 0.500000
vt 0.218102 0.500000
vt 0.514895 0.297755
vt 0.527986 0.340910
vt 0.548144 0.333612
vt 0.560679 0.328419
vt 0.156250 0.514529
vt 0.156409 0.508909
vt 0.187341 0.508909
vt 0.156898 0.500000
vt 0.186852 0.500000
vt 0.528729 0.342705
vt 0.549987 0.382476
vt 0.568334 0.371385
vt 0.579615 0.363847
vt 0.125000 0.514529
vt 0.125159 0.508909
vt 0.156091 0.508909
vt 0.125648 0.500000
vt 0.155602 0.500000
vt 0.551066 0.384091
vt 0.579675 0.418951
vt 0.595506 0.404494
vt 0.605100 0.394900
vt 0.093750 0.514529
vt 0.093909 0.508909
vt 0.124841 0.508909
vt 0.094398 0.500000
vt 0.124352 0.500000
vt 0.581049 0.420325
vt 0.615909 0.448934
vt 0.628615 0.431666
vt 0.636153 0.420385
vt 0.062500 0.514529
vt 0.062659 0.508909
vt 0.093591 0.508909
vt 0.063148 0.500000
vt 0.093102 0.500000
vt 0.617524 0.450013
vt 0.657295 0.471271
vt 0.666388 0.451856
vt 0.671581 0.439321
vt 0.031250 0.514529
vt 0.031409 0.508909
vt 0.062341 0.508909
vt 0.031898 0.500000
vt 0.061852 0.500000
vt 0.659090 0.472014
vt 0.702245 0.485105
vt 0.707375 0.464290
vt 0.710022 0.450982
vt 0.000000 0.514529
vt 0.000159 0.508909
vt 0.031091 0.508909
vt 0.000648 0.500000
vt 0.030602 0.500000
vt 0.704149 0.485484
vt 0.749029 0.489904
vt 0.031250 0.593385
vt 0.000000 0.593385
vt 0.937500 0.593385
vt 0.906250 0.593385
vt 0.968750 0.593385
vt 0.062500 0.593385
vt 0.093750 0.593385
vt 0.125000 0.593385
vt 0.156250 0.593385
vt 0.187500 0.593385
vt 0.218750 0.593385
vt 0.250000 0.593385
vt 0.281250 0.593385
vt 0.312500 0.593385
vt 0.343750 0.593385
vt 0.375000 0.593385
vt 0.406250 0.593385
vt 0.437500 0.593385
vt 0.468750 0.593385
vt 0.500000 0.593385
vt 0.531250 0.593385
vt 0.562500 0.593385
vt 0.593750 0.593385
vt 0.625000 0.593385
vt 0.656250 0.593385
vt 0.687500 0.593385
vt 0.718750 0.593385
vt 0.750000 0.593385
vt 0.781250 0.593385
vt 0.812500 0.593385
vt 0.843750 0.593385
vt 0.875000 0.593385
vt 1.000000 0.593385
s 1
usemtl Material.001
f 1250/580/321 321/581/322 324/582/323 1251/583/324
f 1253/584/325 330/585/326 333/586/327 1254/587/328
f 1254/587/328 333/586/327 336/588/329 1255/589/330
f 1255/589/330 336/588/329 339/590/331 1256/591/332
f 1256/591/332 339/590/331 342/592/333 1257/593/334
f 1257/593/334 342/592/333 345/594/335 1258/595/336
f 1258/595/336 345/594/335 348/596/337 1259/597/338
f 1259/597/338 348/596/337 351/598/339 1260/599/340
f 1260/599/340 351/598/339 354/600/341 1261/601/342
f 1261/601/342 354/600/341 357/602/343 1262/603/344
f 1262/603/344 357/602/343 360/604/345 1263/605/346
f 1263/605/346 360/604/345 363/606/347 1264/607/348
f 1264/607/348 363/606/347 366/608/349 1265/609/350
f 1265/609/350 366/608/349 369/610/351 1266/611/352
f 1266/611/352 369/610/351 372/612/353 1267/613/354
f 1267/613/354 372/612/353 375/614/355 1268/615/356
f 1268/615/356 375/614/355 378/616/357 1269/617/358
f 1269/617/358 378/616/357 381/618/359 1270/619/360
f 1270/619/360 381/618/359 384/620/361 1271/621/362
f 1271/621/362 384/620/361 387/622/363 1272/623/364
f 1272/623/364 387/622/363 390/624/365 1273/625/366
f 1273/625/366 390/624/365 393/626/367 1274/627/368
f 1274/627/368 393/626/367 396/628/369 1275/629/370
f 1275/629/370 396/628/369 399/630/371 1276/631/372
f 1276/631/372 399/630/371 402/632/373 1277/633/374
f 1277/633/374 402/632/373 405/634/375 1278/635/376
f 1278/635/376 405/634/375 408/636/377 1279/637/378
f 1279/637/378 408/636/377 411/638/379 1280/639/380
f 1280/639/380 411/638/379 414/640/381 1249/641/382
f 1251/583/324 324/582/323 327/642/383 1252/643/384
f 1252/643/384 327/642/383 330/585/326 1253/584/325
f 1249/641/382 414/640/381 321/644/322 1250/645/321
f 324/582/323 321/581/322 323/646/385 326/647/386
f 326/648/387 323/649/388 322/650/388 325/651/387
f 325/651/389 322/650/390 417/652/391 418/653/392
f 327/642/383 324/582/323 326/654/386 329/655/393
f 329/656/394 326/657/387 325/651/387 328/658/394
f 328/658/395 325/651/389 418/653/392 419/659/396
f 330/585/326 327/642/383 329/660/393 332/661/397
f 332/662/398 329/663/394 328/658/394 331/664/398
f 331/664/399 328/658/395 419/659/396 420/665/400
f 333/586/327 330/585/326 332/666/397 335/667/401
f 335/668/402 332/669/398 331/664/398 334/670/402
f 334/670/403 331/664/399 420/665/400 421/671/404
f 336/588/329 333/586/327 335/672/401 338/673/405
f 338/674/406 335/675/402 334/670/402 337/676/406
f 337/676/407 334/670/403 421/671/404 422/677/408
f 339/590/331 336/588/329 338/678/405 341/679/409
f 341/680/410 338/681/406 337/676/406 340/682/410
f 340/682/411 337/676/407 422/677/408 423/683/412
f 342/592/333 339/590/331 341/684/409 344/685/413
f 344/686/414 341/687/410 340/682/410 343/688/414
f 343/688/415 340/682/411 423/683/412 424/689/416
f 345/594/335 342/592/333 344/690/413 347/691/417
f 347/692/418 344/693/414 343/688/414 346/694/418
f 346/694/419 343/688/415 424/689/416 425/695/420
f 348/596/337 345/594/335 347/696/417 350/697/421
f 350/698/422 347/699/418 346/694/418 349/700/422
f 349/700/423 346/694/419 425/695/420 426/701/424
f 351/598/339 348/596/337 350/702/421 353/703/425
f 353/704/426 350/705/422 349/700/422 352/706/426
f 352/706/427 349/700/423 426/701/424 427/707/428
f 354/600/341 351/598/339 353/708/425 356/709/429
f 356/710/430 353/711/426 352/706/426 355/712/430
f 355/712/431 352/706/427 427/707/428 428/713/432
f 357/602/343 354/600/341 356/714/429 359/715/433
f 359/716/434 356/717/430 355/712/430 358/718/434
f 358/718/435 355/712/431 428/713/432 429/719/436
f 360/604/345 357/602/343 359/720/433 362/721/437
f 362/722/438 359/723/434 358/718/434 361/724/438
f 361/724/439 358/718/435 429/719/436 430/725/440
f 363/606/347 360/604/345 362/726/437 365/727/441
f 365/728/442 362/729/438 361/724/438 364/730/442
f 364/730/443 361/724/439 430/725/440 431/731/444
f 366/608/349 363/606/347 365/732/441 368/733/445
f 368/734/446 365/735/442 364/730/442 367/736/446
f 367/736/447 364/730/443 431/731/444 432/737/448
f 369/610/351 366/608/349 368/738/445 371/739/449
f 371/740/450 368/741/446 367/736/446 370/742/450
f 370/742/451 367/736/447 432/737/448 433/743/452
f 372/612/353 369/610/351 371/744/449 374/745/453
f 374/746/454 371/747/450 370/742/450 373/748/455
f 373/748/456 370/742/451 433/743/452 434/749/457
f 375/614/355 372/612/353 374/750/453 377/751/458
f 377/752/459 374/753/454 373/748/455 376/754/459
f 376/754/460 373/748/456 434/749/457 435/755/461
f 378/616/357 375/614/355 377/756/458 380/757/462
f 380/758/463 377/759/459 376/754/459 379/760/463
f 379/760/464 376/754/460 435/755/461 436/761/465
f 381/618/359 378/616/357 380/762/462 383/763/466
f 383/764/467 380/765/463 379/760/463 382/766/467
f 382/766/468 379/760/464 436/761/465 437/767/469
f 384/620/361 381/618/359 383/768/466 386/769/470
f 386/770/471 383/771/467 382/766/467 385/772/471
f 385/772/472 382/766/468 437/767/469 438/773/473
f 387/622/363 384/620/361 386/774/470 389/775/474
f 389/776/475 386/777/471 385/772/471 388/778/475
f 388/778/476 385/772/472 438/773/473 439/779/477
f 390/624/365 387/622/363 389/780/474 392/781/478
f 392/782/479 389/783/475 388/778/475 391/784/479
f 391/784/480 388/778/476 439/779/477 440/785/481
f 393/626/367 390/624/365 392/786/478 395/787/482
f 395/788/483 392/789/479 391/784/479 394/790/483
f 394/790/484 391/784/480 440/785/481 441/791/485
f 396/628/369 393/626/367 395/792/482 398/793/486
f 398/794/487 395/795/483 394/790/483 397/796/487
f 397/796/488 394/790/484 441/791/485 442/797/489
f 399/630/371 396/628/369 398/798/486 401/799/490
f 401/800/491 398/801/487 397/796/487 400/802/491
f 400/802/492 397/796/488 442/797/489 443/803/493
f 402/632/373 399/630/371 401/804/490 404/805/494
f 404/806/495 401/807/491 400/802/491 403/808/495
f 403/808/496 400/802/492 443/803/493 444/809/497
f 405/634/375 402/632/373 404/810/494 407/811/498
f 407/812/499 404/813/495 403/808/495 406/814/499
f 406/814/500 403/808/496 444/809/497 445/815/501
f 408/636/377 405/634/375 407/816/498 410/817/502
f 410/818/503 407/819/499 406/814/499 409/820/503
f 409/820/504 406/814/500 445/815/501 446/821/505
f 411/638/379 408/636/377 410/822/502 413/823/506
f 413/824/507 410/825/503 409/820/503 412/826/507
f 412/826/508 409/820/504 446/821/505 447/827/509
f 414/640/381 411/638/379 413/828/506 416/829/510
f 416/830/511 413/831/507 412/826/507 415/832/511
f 415/832/512 412/826/508 447/827/509 448/833/513
f 321/644/322 414/640/381 416/834/510 323/835/385
f 323/836/388 416/837/511 415/832/511 322/650/388
f 322/650/390 415/832/512 448/833/513 417/652/391
f 1082/838/514 1075/839/515 854/839/516 860/840/517
f 866/841/518 1082/838/514 860/840/517 673/842/519
f 886/843/520 879/844/521 686/844/522 692/843/523
f 893/845/524 886/843/520 692/843/523 698/845/525
f 900/846/526 893/845/524 698/845/525 704/846/527
f 907/847/528 900/846/526 704/846/527 710/847/529
f 914/848/530 907/847/528 710/847/529 716/848/531
f 921/849/532 914/848/530 716/848/531 722/850/533
f 928/851/534 921/849/532 722/850/533 728/851/535
f 935/852/536 928/851/534 728/851/535 734/852/537
f 942/853/538 935/852/536 734/852/537 740/853/539
f 949/854/540 942/853/538 740/853/539 746/854/541
f 956/855/542 949/854/540 746/854/541 752/855/543
f 963/856/544 956/855/542 752/855/543 758/856/545
f 970/857/546 963/856/544 758/856/545 764/857/547
f 977/858/548 970/857/546 764/857/547 770/858/549
f 984/859/550 977/858/548 770/858/549 776/860/551
f 991/861/552 984/859/550 776/860/551 782/861/553
f 998/862/554 991/861/552 782/861/553 788/862/555
f 1005/863/556 998/862/554 788/862/555 794/863/557
f 1012/864/558 1005/863/556 794/863/557 800/864/559
f 1019/865/560 1012/864/558 800/864/559 806/865/561
f 1026/866/562 1019/865/560 806/865/561 812/866/563
f 1033/867/564 1026/866/562 812/866/563 818/867/565
f 1040/868/566 1033/867/564 818/867/565 824/868/567
f 1047/869/568 1040/868/566 824/868/567 830/869/569
f 1054/870/570 1047/869/568 830/869/569 836/870/571
f 1061/871/572 1054/870/570 836/870/571 842/871/573
f 1068/872/574 1061/871/572 842/871/573 848/872/575
f 1069/873/576 1076/874/577 447/827/509 446/821/505
f 1075/839/515 1068/872/574 848/872/575 854/839/516
f 879/844/521 872/875/578 680/875/579 686/844/522
f 493/876/580 487/877/581 450/877/354 451/876/356
f 978/878/582 985/879/583 434/749/457 433/743/452
f 887/880/584 894/881/585 421/671/404 420/665/400
f 1076/874/577 1083/882/586 448/833/513 447/827/509
f 985/879/583 992/883/587 435/755/461 434/749/457
f 894/881/585 901/884/588 422/677/408 421/671/404
f 992/883/587 999/885/589 436/761/465 435/755/461
f 901/886/588 908/887/590 423/683/412 422/677/408
f 873/888/591 880/889/592 419/659/396 418/653/392
f 999/885/589 1006/890/593 437/767/469 436/761/465
f 908/887/590 915/891/594 424/689/416 423/683/412
f 1006/890/593 1013/892/595 438/773/473 437/767/469
f 915/891/594 922/893/596 425/695/420 424/689/416
f 1013/892/595 1020/894/597 439/779/477 438/773/473
f 922/895/596 929/896/598 426/701/424 425/695/420
f 1020/894/597 1027/897/599 440/785/481 439/779/477
f 929/896/598 936/898/600 427/707/428 426/701/424
f 1027/899/599 1034/900/601 441/791/485 440/785/481
f 936/901/600 943/902/602 428/713/432 427/707/428
f 1034/903/601 1041/904/603 442/797/489 441/791/485
f 943/905/602 950/906/604 429/719/436 428/713/432
f 1041/907/603 1048/908/605 443/803/493 442/797/489
f 950/909/604 957/910/606 430/725/440 429/719/436
f 1048/911/605 1055/912/607 444/809/497 443/803/493
f 957/913/606 964/914/608 431/731/444 430/725/440
f 1055/915/607 1062/916/609 445/815/501 444/809/497
f 964/914/608 971/917/610 432/737/448 431/731/444
f 1083/882/586 865/918/611 417/652/391 448/833/513
f 1062/916/609 1069/873/576 446/821/505 445/815/501
f 971/919/610 978/920/582 433/743/452 432/737/448
f 880/921/592 887/880/584 420/665/400 419/659/396
f 482/922/612 667/923/613 480/923/350 449/922/352
f 499/924/614 493/876/580 451/876/356 452/924/358
f 505/925/615 499/924/614 452/924/358 453/925/360
f 511/926/616 505/925/615 453/925/360 454/926/362
f 517/927/617 511/926/616 454/926/362 455/927/364
f 523/928/618 517/927/617 455/927/364 456/928/366
f 529/929/619 523/928/618 456/928/366 457/929/368
f 535/930/620 529/929/619 457/929/368 458/930/370
f 541/931/621 535/930/620 458/930/370 459/932/372
f 547/933/622 541/932/621 459/932/372 460/933/374
f 553/934/623 547/933/622 460/933/374 461/934/376
f 559/935/624 553/934/623 461/934/376 462/936/378
f 565/937/625 559/936/624 462/936/378 463/937/380
f 571/938/626 565/937/625 463/937/380 464/938/382
f 577/939/627 571/938/626 464/938/382 465/939/321
f 583/940/628 577/939/627 465/939/321 466/940/324
f 589/941/629 583/940/628 466/940/324 467/942/384
f 595/943/630 589/942/629 467/942/384 468/943/325
f 601/944/631 595/945/630 468/943/325 469/946/328
f 607/947/632 601/946/631 469/946/328 470/948/330
f 613/949/633 607/948/632 470/948/330 471/950/332
f 619/951/634 613/949/633 471/950/332 472/951/334
f 625/952/635 619/951/634 472/951/334 473/953/336
f 631/954/636 625/953/635 473/953/336 474/955/338
f 637/956/637 631/955/636 474/955/338 475/956/340
f 643/957/638 637/956/637 475/956/340 476/957/342
f 649/958/639 643/957/638 476/957/342 477/959/344
f 655/960/640 649/959/639 477/959/344 478/960/346
f 661/961/641 655/962/640 478/960/346 479/961/348
f 667/923/613 661/961/641 479/961/348 480/923/350
f 865/963/611 873/964/591 418/653/392 417/652/391
f 487/877/581 482/922/612 449/922/352 450/877/354
f 450/877/642 449/922/642 480/923/642 479/961/642 478/960/642 477/959/642 476/957/642 475/956/642 474/955/642 473/953/642 472/951/642 471/950/642 470/948/642 469/946/642 468/943/642 467/942/642 466/940/642 465/939/642 464/938/642 463/937/642 462/936/642 461/934/642 460/933/642 459/932/642 458/930/642 457/929/642 456/928/642 455/927/642 454/926/642 453/925/642 452/924/642 451/876/642
f 644/965/643 650/966/643 841/967/643 835/968/643
f 566/969/643 572/970/643 763/971/643 757/972/643
f 488/973/643 494/974/643 685/975/643 679/976/643
f 650/977/643 656/978/643 847/979/643 841/980/643
f 572/970/643 578/981/643 769/982/643 763/971/643
f 494/974/643 500/983/643 691/984/643 685/975/643
f 656/985/643 662/986/643 853/987/643 847/979/643
f 578/988/643 584/989/643 775/990/643 769/982/643
f 500/983/643 506/991/643 697/992/643 691/984/643
f 662/986/643 668/993/643 859/994/643 853/987/643
f 584/989/643 590/995/643 781/996/643 775/997/643
f 506/991/643 512/998/643 703/999/643 697/992/643
f 668/993/643 481/1000/643 674/1001/643 859/994/643
f 590/995/643 596/1002/643 787/1003/643 781/996/643
f 512/998/643 518/1004/643 709/1005/643 703/1006/643
f 596/1002/643 602/1007/643 793/1008/643 787/1009/643
f 518/1004/643 524/1010/643 715/1011/643 709/1005/643
f 602/1012/643 608/1013/643 799/1014/643 793/1015/643
f 524/1010/643 530/1016/643 721/1017/643 715/1011/643
f 608/1013/643 614/1018/643 805/1019/643 799/1014/643
f 530/1020/643 536/1021/643 727/1022/643 721/1017/643
f 614/1018/643 620/1023/643 811/1024/643 805/1019/643
f 536/1021/643 542/1025/643 733/1026/643 727/1022/643
f 620/1027/643 626/1028/644 817/1029/644 811/1030/643
f 542/1025/643 548/1031/643 739/1032/643 733/1026/643
f 626/1028/644 632/1033/643 823/1034/643 817/1029/644
f 548/1031/643 554/1035/643 745/1036/643 739/1032/643
f 632/1033/643 638/1037/643 829/1038/643 823/1039/643
f 554/1035/643 560/1040/643 751/1041/643 745/1036/643
f 638/1037/643 644/1042/643 835/968/643 829/1038/643
f 560/1040/643 566/969/643 757/972/643 751/1041/643
f 674/1001/645 679/976/646 681/1043/647 678/1044/648
f 678/1044/648 681/1043/647 682/1045/649 677/1046/650
f 677/1046/650 682/1045/649 683/1047/651 676/1048/652
f 676/1048/652 683/1047/651 684/1049/653 675/1050/654
f 675/1050/654 684/1049/653 680/875/579 673/842/519
f 679/976/646 685/975/655 687/1051/656 681/1043/647
f 681/1043/647 687/1051/656 688/1052/657 682/1045/649
f 682/1045/649 688/1052/657 689/1053/658 683/1047/651
f 683/1047/651 689/1053/658 690/1054/659 684/1049/653
f 684/1049/653 690/1054/659 686/844/522 680/875/579
f 685/975/655 691/984/660 693/1055/661 687/1051/656
f 687/1051/656 693/1055/661 694/1056/662 688/1052/657
f 688/1052/657 694/1056/662 695/1057/663 689/1053/658
f 689/1053/658 695/1057/663 696/1058/664 690/1054/659
f 690/1054/659 696/1058/664 692/843/523 686/844/522
f 691/984/660 697/992/665 699/1059/666 693/1055/661
f 693/1055/661 699/1059/666 700/1060/667 694/1056/662
f 694/1056/662 700/1060/667 701/1061/668 695/1057/663
f 695/1057/663 701/1061/668 702/1062/669 696/1058/664
f 696/1058/664 702/1062/669 698/845/525 692/843/523
f 697/992/665 703/999/670 705/1063/671 699/1059/666
f 699/1059/666 705/1063/671 706/1064/672 700/1060/667
f 700/1060/667 706/1064/672 707/1065/673 701/1061/668
f 701/1061/668 707/1065/673 708/1066/674 702/1062/669
f 702/1062/669 708/1066/674 704/846/527 698/845/525
f 703/1006/670 709/1005/675 711/1067/676 705/1063/671
f 705/1063/671 711/1067/676 712/1068/677 706/1064/672
f 706/1064/672 712/1068/677 713/1069/678 707/1065/673
f 707/1065/673 713/1069/678 714/1070/679 708/1066/674
f 708/1066/674 714/1070/679 710/847/529 704/846/527
f 709/1005/675 715/1011/680 717/1071/681 711/1067/676
f 711/1067/676 717/1071/681 718/1072/682 712/1068/677
f 712/1068/677 718/1072/682 719/1073/683 713/1069/678
f 713/1069/678 719/1073/683 720/1074/684 714/1070/679
f 714/1070/679 720/1074/684 716/848/531 710/847/529
f 715/1011/680 721/1017/685 723/1075/686 717/1071/681
f 717/1071/681 723/1075/686 724/1076/687 718/1072/682
f 718/1072/682 724/1076/687 725/1077/688 719/1073/683
f 719/1073/683 725/1077/688 726/1078/689 720/1074/684
f 720/1074/684 726/1078/689 722/850/533 716/848/531
f 721/1017/685 727/1022/690 729/1079/691 723/1075/686
f 723/1075/686 729/1079/691 730/1080/692 724/1076/687
f 724/1076/687 730/1080/692 731/1081/693 725/1077/688
f 725/1077/688 731/1081/693 732/1082/694 726/1078/689
f 726/1078/689 732/1082/694 728/851/535 722/850/533
f 727/1022/690 733/1026/695 735/1083/696 729/1079/691
f 729/1079/691 735/1083/696 736/1084/697 730/1080/692
f 730/1080/692 736/1084/697 737/1085/698 731/1081/693
f 731/1081/693 737/1085/698 738/1086/699 732/1082/694
f 732/1082/694 738/1086/699 734/852/537 728/851/535
f 733/1026/695 739/1032/700 741/1087/701 735/1083/696
f 735/1083/696 741/1087/701 742/1088/702 736/1084/697
f 736/1084/697 742/1088/702 743/1089/703 737/1085/698
f 737/1085/698 743/1089/703 744/1090/704 738/1086/699
f 738/1086/699 744/1090/704 740/853/539 734/852/537
f 739/1032/700 745/1036/705 747/1091/706 741/1087/701
f 741/1087/701 747/1091/706 748/1092/707 742/1088/702
f 742/1088/702 748/1092/707 749/1093/708 743/1089/703
f 743/1089/703 749/1093/708 750/1094/709 744/1090/704
f 744/1090/704 750/1094/709 746/854/541 740/853/539
f 745/1036/705 751/1041/710 753/1095/711 747/1091/706
f 747/1091/706 753/1095/711 754/1096/712 748/1092/707
f 748/1092/707 754/1096/712 755/1097/713 749/1093/708
f 749/1093/708 755/1097/713 756/1098/714 750/1094/709
f 750/1094/709 756/1098/714 752/855/543 746/854/541
f 751/1041/710 757/972/715 759/1099/716 753/1095/711
f 753/1095/711 759/1099/716 760/1100/717 754/1096/712
f 754/1096/712 760/1100/717 761/1101/718 755/1097/713
f 755/1097/713 761/1101/718 762/1102/719 756/1098/714
f 756/1098/714 762/1102/719 758/856/545 752/855/543
f 757/972/715 763/971/720 765/1103/721 759/1099/716
f 759/1099/716 765/1103/721 766/1104/722 760/1100/717
f 760/1100/717 766/1104/722 767/1105/723 761/1101/718
f 761/1101/718 767/1105/723 768/1106/724 762/1102/719
f 762/1102/719 768/1106/724 764/857/547 758/856/545
f 763/971/720 769/982/725 771/1107/726 765/1103/721
f 765/1103/721 771/1107/726 772/1108/727 766/1104/722
f 766/1104/722 772/1108/727 773/1109/728 767/1105/723
f 767/1105/723 773/1109/728 774/1110/729 768/1106/724
f 768/1106/724 774/1110/729 770/858/549 764/857/547
f 769/982/725 775/990/730 777/1111/731 771/1107/726
f 771/1107/726 777/1111/731 778/1112/732 772/1108/727
f 772/1108/727 778/1112/732 779/1113/733 773/1109/728
f 773/1109/728 779/1113/733 780/1114/734 774/1110/729
f 774/1110/729 780/1114/734 776/860/551 770/858/549
f 775/997/730 781/996/735 783/1115/736 777/1111/731
f 777/1111/731 783/1115/736 784/1116/737 778/1112/732
f 778/1112/732 784/1116/737 785/1117/738 779/1113/733
f 779/1113/733 785/1117/738 786/1118/739 780/1114/734
f 780/1114/734 786/1118/739 782/861/553 776/860/551
f 781/996/735 787/1003/740 789/1119/741 783/1115/736
f 783/1115/736 789/1119/741 790/1120/742 784/1116/737
f 784/1116/737 790/1120/742 791/1121/743 785/1117/738
f 785/1117/738 791/1121/743 792/1122/744 786/1118/739
f 786/1118/739 792/1122/744 788/862/555 782/861/553
f 787/1009/740 793/1008/745 795/1123/746 789/1119/741
f 789/1119/741 795/1123/746 796/1124/747 790/1120/742
f 790/1120/742 796/1124/747 797/1125/748 791/1121/743
f 791/1121/743 797/1125/748 798/1126/749 792/1122/744
f 792/1122/744 798/1126/749 794/863/557 788/862/555
f 793/1015/745 799/1014/750 801/1127/751 795/1123/746
f 795/1123/746 801/1127/751 802/1128/752 796/1124/747
f 796/1124/747 802/1128/752 803/1129/753 797/1125/748
f 797/1125/748 803/1129/753 804/1130/754 798/1126/749
f 798/1126/749 804/1130/754 800/864/559 794/863/557
f 799/1014/750 805/1019/755 807/1131/756 801/1127/751
f 801/1127/751 807/1131/756 808/1132/757 802/1128/752
f 802/1128/752 808/1132/757 809/1133/758 803/1129/753
f 803/1129/753 809/1133/758 810/1134/759 804/1130/754
f 804/1130/754 810/1134/759 806/865/561 800/864/559
f 805/1019/755 811/1024/760 813/1135/761 807/1131/756
f 807/1131/756 813/1135/761 814/1136/762 808/1132/757
f 808/1132/757 814/1136/762 815/1137/763 809/1133/758
f 809/1133/758 815/1137/763 816/1138/764 810/1134/759
f 810/1134/759 816/1138/764 812/866/563 806/865/561
f 811/1030/760 817/1029/765 819/1139/766 813/1135/761
f 813/1135/761 819/1139/766 820/1140/767 814/1136/762
f 814/1136/762 820/1140/767 821/1141/768 815/1137/763
f 815/1137/763 821/1141/768 822/1142/769 816/1138/764
f 816/1138/764 822/1142/769 818/867/565 812/866/563
f 817/1029/765 823/1034/770 825/1143/771 819/1139/766
f 819/1139/766 825/1143/771 826/1144/772 820/1140/767
f 820/1140/767 826/1144/772 827/1145/773 821/1141/768
f 821/1141/768 827/1145/773 828/1146/774 822/1142/769
f 822/1142/769 828/1146/774 824/868/567 818/867/565
f 823/1039/770 829/1038/775 831/1147/776 825/1143/771
f 825/1143/771 831/1147/776 832/1148/777 826/1144/772
f 826/1144/772 832/1148/777 833/1149/778 827/1145/773
f 827/1145/773 833/1149/778 834/1150/779 828/1146/774
f 828/1146/774 834/1150/779 830/869/569 824/868/567
f 829/1038/775 835/968/780 837/1151/781 831/1147/776
f 831/1147/776 837/1151/781 838/1152/782 832/1148/777
f 832/1148/777 838/1152/782 839/1153/783 833/1149/778
f 833/1149/778 839/1153/783 840/1154/784 834/1150/779
f 834/1150/779 840/1154/784 836/870/571 830/869/569
f 835/968/780 841/967/785 843/1155/786 837/1151/781
f 837/1151/781 843/1155/786 844/1156/787 838/1152/782
f 838/1152/782 844/1156/787 845/1157/788 839/1153/783
f 839/1153/783 845/1157/788 846/1158/789 840/1154/784
f 840/1154/784 846/1158/789 842/871/573 836/870/571
f 841/980/785 847/979/790 849/1159/791 843/1155/786
f 843/1155/786 849/1159/791 850/1160/792 844/1156/787
f 844/1156/787 850/1160/792 851/1161/793 845/1157/788
f 845/1157/788 851/1161/793 852/1162/794 846/1158/789
f 846/1158/789 852/1162/794 848/872/575 842/871/573
f 847/979/790 853/987/795 855/1163/796 849/1159/791
f 849/1159/791 855/1163/796 856/1164/797 850/1160/792
f 850/1160/792 856/1164/797 857/1165/798 851/1161/793
f 851/1161/793 857/1165/798 858/1166/799 852/1162/794
f 852/1162/794 858/1166/799 854/839/516 848/872/575
f 853/987/795 859/994/800 861/1167/801 855/1163/796
f 855/1163/796 861/1167/801 862/1168/802 856/1164/797
f 856/1164/797 862/1168/802 863/1169/803 857/1165/798
f 857/1165/798 863/1169/803 864/1170/804 858/1166/799
f 858/1166/799 864/1170/804 860/840/517 854/839/516
f 859/994/800 674/1001/645 678/1044/648 861/1167/801
f 861/1167/801 678/1044/648 677/1046/650 862/1168/802
f 862/1168/802 677/1046/650 676/1048/652 863/1169/803
f 863/1169/803 676/1048/652 675/1050/654 864/1170/804
f 864/1170/804 675/1050/654 673/842/519 860/840/517
f 482/922/612 487/877/581 489/1171/805 486/1172/806
f 486/1172/806 489/1171/805 490/1173/807 485/1174/808
f 485/1174/808 490/1173/807 491/1175/809 484/1176/810
f 484/1176/810 491/1175/809 492/1177/811 483/1178/812
f 483/1178/812 492/1177/811 488/973/730 481/1000/725
f 487/877/581 493/876/580 495/1179/813 489/1171/805
f 489/1171/805 495/1179/813 496/1180/814 490/1173/807
f 490/1173/807 496/1180/814 497/1181/815 491/1175/809
f 491/1175/809 497/1181/815 498/1182/816 492/1177/811
f 492/1177/811 498/1182/816 494/974/735 488/973/730
f 493/876/580 499/924/614 501/1183/817 495/1179/813
f 495/1179/813 501/1183/817 502/1184/818 496/1180/814
f 496/1180/814 502/1184/818 503/1185/819 497/1181/815
f 497/1181/815 503/1185/819 504/1186/820 498/1182/816
f 498/1182/816 504/1186/820 500/983/740 494/974/735
f 499/924/614 505/925/615 507/1187/821 501/1183/817
f 501/1183/817 507/1187/821 508/1188/822 502/1184/818
f 502/1184/818 508/1188/822 509/1189/823 503/1185/819
f 503/1185/819 509/1189/823 510/1190/824 504/1186/820
f 504/1186/820 510/1190/824 506/991/745 500/983/740
f 505/925/615 511/926/616 513/1191/825 507/1187/821
f 507/1187/821 513/1191/825 514/1192/826 508/1188/822
f 508/1188/822 514/1192/826 515/1193/827 509/1189/823
f 509/1189/823 515/1193/827 516/1194/828 510/1190/824
f 510/1190/824 516/1194/828 512/998/750 506/991/745
f 511/926/616 517/927/617 519/1195/829 513/1191/825
f 513/1191/825 519/1195/829 520/1196/830 514/1192/826
f 514/1192/826 520/1196/830 521/1197/831 515/1193/827
f 515/1193/827 521/1197/831 522/1198/832 516/1194/828
f 516/1194/828 522/1198/832 518/1004/755 512/998/750
f 517/927/617 523/928/618 525/1199/833 519/1195/829
f 519/1195/829 525/1199/833 526/1200/834 520/1196/830
f 520/1196/830 526/1200/834 527/1201/835 521/1197/831
f 521/1197/831 527/1201/835 528/1202/836 522/1198/832
f 522/1198/832 528/1202/836 524/1010/760 518/1004/755
f 523/928/618 529/929/619 531/1203/837 525/1199/833
f 525/1199/833 531/1203/837 532/1204/838 526/1200/834
f 526/1200/834 532/1204/838 533/1205/839 527/1201/835
f 527/1201/835 533/1205/839 534/1206/840 528/1202/836
f 528/1202/836 534/1206/840 530/1016/765 524/1010/760
f 529/929/619 535/930/620 537/1207/841 531/1203/837
f 531/1203/837 537/1207/841 538/1208/842 532/1204/838
f 532/1204/838 538/1208/842 539/1209/843 533/1205/839
f 533/1205/839 539/1209/843 540/1210/844 534/1206/840
f 534/1206/840 540/1210/844 536/1021/770 530/1020/765
f 535/930/620 541/931/621 543/1211/845 537/1207/841
f 537/1207/841 543/1211/845 544/1212/846 538/1208/842
f 538/1208/842 544/1212/846 545/1213/847 539/1209/843
f 539/1209/843 545/1213/847 546/1214/848 540/1210/844
f 540/1210/844 546/1214/848 542/1025/775 536/1021/770
f 541/932/621 547/933/622 549/1215/849 543/1211/845
f 543/1211/845 549/1215/849 550/1216/850 544/1212/846
f 544/1212/846 550/1216/850 551/1217/851 545/1213/847
f 545/1213/847 551/1217/851 552/1218/852 546/1214/848
f 546/1214/848 552/1218/852 548/1031/780 542/1025/775
f 547/933/622 553/934/623 555/1219/853 549/1215/849
f 549/1215/849 555/1219/853 556/1220/854 550/1216/850
f 550/1216/850 556/1220/854 557/1221/855 551/1217/851
f 551/1217/851 557/1221/855 558/1222/856 552/1218/852
f 552/1218/852 558/1222/856 554/1035/785 548/1031/780
f 553/934/623 559/935/624 561/1223/857 555/1219/853
f 555/1219/853 561/1223/857 562/1224/858 556/1220/854
f 556/1220/854 562/1224/858 563/1225/859 557/1221/855
f 557/1221/855 563/1225/859 564/1226/860 558/1222/856
f 558/1222/856 564/1226/860 560/1040/790 554/1035/785
f 559/936/624 565/937/625 567/1227/861 561/1223/857
f 561/1223/857 567/1227/861 568/1228/862 562/1224/858
f 562/1224/858 568/1228/862 569/1229/863 563/1225/859
f 563/1225/859 569/1229/863 570/1230/864 564/1226/860
f 564/1226/860 570/1230/864 566/969/795 560/1040/790
f 565/937/625 571/938/626 573/1231/865 567/1227/861
f 567/1227/861 573/1231/865 574/1232/866 568/1228/862
f 568/1228/862 574/1232/866 575/1233/867 569/1229/863
f 569/1229/863 575/1233/867 576/1234/868 570/1230/864
f 570/1230/864 576/1234/868 572/970/800 566/969/795
f 571/938/626 577/939/627 579/1235/869 573/1231/865
f 573/1231/865 579/1235/869 580/1236/870 574/1232/866
f 574/1232/866 580/1236/870 581/1237/871 575/1233/867
f 575/1233/867 581/1237/871 582/1238/872 576/1234/868
f 576/1234/868 582/1238/872 578/981/645 572/970/800
f 577/939/627 583/940/628 585/1239/873 579/1235/869
f 579/1235/869 585/1239/873 586/1240/874 580/1236/870
f 580/1236/870 586/1240/874 587/1241/875 581/1237/871
f 581/1237/871 587/1241/875 588/1242/876 582/1238/872
f 582/1238/872 588/1242/876 584/989/646 578/988/645
f 583/940/628 589/941/629 591/1243/877 585/1239/873
f 585/1239/873 591/1243/877 592/1244/878 586/1240/874
f 586/1240/874 592/1244/878 593/1245/879 587/1241/875
f 587/1241/875 593/1245/879 594/1246/880 588/1242/876
f 588/1242/876 594/1246/880 590/995/655 584/989/646
f 589/942/629 595/943/630 597/1247/881 591/1243/877
f 591/1243/877 597/1247/881 598/1248/882 592/1244/878
f 592/1244/878 598/1248/882 599/1249/883 593/1245/879
f 593/1245/879 599/1249/883 600/1250/884 594/1246/880
f 594/1246/880 600/1250/884 596/1002/660 590/995/655
f 595/945/630 601/944/631 603/1251/885 597/1247/881
f 597/1247/881 603/1251/885 604/1252/886 598/1248/882
f 598/1248/882 604/1252/886 605/1253/887 599/1249/883
f 599/1249/883 605/1253/887 606/1254/888 600/1250/884
f 600/1250/884 606/1254/888 602/1007/665 596/1002/660
f 601/946/631 607/947/632 609/1255/889 603/1251/885
f 603/1251/885 609/1255/889 610/1256/890 604/1252/886
f 604/1252/886 610/1256/890 611/1257/891 605/1253/887
f 605/1253/887 611/1257/891 612/1258/892 606/1254/888
f 606/1254/888 612/1258/892 608/1013/670 602/1012/665
f 607/948/632 613/949/633 615/1259/893 609/1255/889
f 609/1255/889 615/1259/893 616/1260/894 610/1256/890
f 610/1256/890 616/1260/894 617/1261/895 611/1257/891
f 611/1257/891 617/1261/895 618/1262/896 612/1258/892
f 612/1258/892 618/1262/896 614/1018/675 608/1013/670
f 613/949/633 619/951/634 621/1263/897 615/1259/893
f 615/1259/893 621/1263/897 622/1264/898 616/1260/894
f 616/1260/894 622/1264/898 623/1265/899 617/1261/895
f 617/1261/895 623/1265/899 624/1266/900 618/1262/896
f 618/1262/896 624/1266/900 620/1023/680 614/1018/675
f 619/951/634 625/952/635 627/1267/901 621/1263/897
f 621/1263/897 627/1267/901 628/1268/902 622/1264/898
f 622/1264/898 628/1268/902 629/1269/903 623/1265/899
f 623/1265/899 629/1269/903 630/1270/904 624/1266/900
f 624/1266/900 630/1270/904 626/1028/685 620/1027/680
f 625/953/635 631/954/636 633/1271/905 627/1267/901
f 627/1267/901 633/1271/905 634/1272/906 628/1268/902
f 628/1268/902 634/1272/906 635/1273/907 629/1269/903
f 629/1269/903 635/1273/907 636/1274/908 630/1270/904
f 630/1270/904 636/1274/908 632/1033/690 626/1028/685
f 631/955/636 637/956/637 639/1275/909 633/1271/905
f 633/1271/905 639/1275/909 640/1276/910 634/1272/906
f 634/1272/906 640/1276/910 641/1277/911 635/1273/907
f 635/1273/907 641/1277/911 642/1278/912 636/1274/908
f 636/1274/908 642/1278/912 638/1037/695 632/1033/690
f 637/956/637 643/957/638 645/1279/913 639/1275/909
f 639/1275/909 645/1279/913 646/1280/914 640/1276/910
f 640/1276/910 646/1280/914 647/1281/915 641/1277/911
f 641/1277/911 647/1281/915 648/1282/916 642/1278/912
f 642/1278/912 648/1282/916 644/1042/700 638/1037/695
f 643/957/638 649/958/639 651/1283/917 645/1279/913
f 645/1279/913 651/1283/917 652/1284/918 646/1280/914
f 646/1280/914 652/1284/918 653/1285/919 647/1281/915
f 647/1281/915 653/1285/919 654/1286/920 648/1282/916
f 648/1282/916 654/1286/920 650/966/705 644/965/700
f 649/959/639 655/960/640 657/1287/921 651/1283/917
f 651/1283/917 657/1287/921 658/1288/922 652/1284/918
f 652/1284/918 658/1288/922 659/1289/923 653/1285/919
f 653/1285/919 659/1289/923 660/1290/924 654/1286/920
f 654/1286/920 660/1290/924 656/978/710 650/977/705
f 655/962/640 661/961/641 663/1291/925 657/1287/921
f 657/1287/921 663/1291/925 664/1292/926 658/1288/922
f 658/1288/922 664/1292/926 665/1293/927 659/1289/923
f 659/1289/923 665/1293/927 666/1294/928 660/1290/924
f 660/1290/924 666/1294/928 662/986/715 656/985/710
f 661/961/641 667/923/613 669/1295/929 663/1291/925
f 663/1291/925 669/1295/929 670/1296/930 664/1292/926
f 664/1292/926 670/1296/930 671/1297/931 665/1293/927
f 665/1293/927 671/1297/931 672/1298/932 666/1294/928
f 666/1294/928 672/1298/932 668/993/720 662/986/715
f 667/923/613 482/922/612 486/1172/806 669/1295/929
f 669/1295/929 486/1172/806 485/1174/808 670/1296/930
f 670/1296/930 485/1174/808 484/1176/810 671/1297/931
f 671/1297/931 484/1176/810 483/1178/812 672/1298/932
f 672/1298/932 483/1178/812 481/1000/725 668/993/720
f 481/1000/643 488/973/643 679/976/643 674/1001/643
f 866/841/518 872/875/578 874/1299/933 871/1300/934
f 871/1300/934 874/1299/933 875/1301/935 870/1302/936
f 870/1302/936 875/1301/935 876/875/937 869/842/938
f 869/842/938 876/875/937 877/1303/939 868/1304/940
f 868/1304/940 877/1303/939 878/1305/941 867/1306/942
f 867/1306/942 878/1305/941 873/964/591 865/963/611
f 872/875/578 879/844/521 881/1307/943 874/1299/933
f 874/1299/933 881/1307/943 882/1308/944 875/1301/935
f 875/1301/935 882/1308/944 883/844/945 876/875/937
f 876/875/937 883/844/945 884/1309/946 877/1303/939
f 877/1303/939 884/1309/946 885/1310/947 878/1305/941
f 878/1305/941 885/1310/947 880/889/592 873/888/591
f 879/844/521 886/843/520 888/1311/948 881/1307/943
f 881/1307/943 888/1311/948 889/1312/949 882/1308/944
f 882/1308/944 889/1312/949 890/843/950 883/844/945
f 883/844/945 890/843/950 891/1313/951 884/1309/946
f 884/1309/946 891/1313/951 892/1314/952 885/1310/947
f 885/1310/947 892/1314/952 887/880/584 880/921/592
f 886/843/520 893/845/524 895/1315/953 888/1311/948
f 888/1311/948 895/1315/953 896/1316/954 889/1312/949
f 889/1312/949 896/1316/954 897/845/955 890/843/950
f 890/843/950 897/845/955 898/1317/956 891/1313/951
f 891/1313/951 898/1317/956 899/1318/957 892/1314/952
f 892/1314/952 899/1318/957 894/881/585 887/880/584
f 893/845/524 900/846/526 902/1319/958 895/1315/953
f 895/1315/953 902/1319/958 903/1320/959 896/1316/954
f 896/1316/954 903/1320/959 904/846/960 897/845/955
f 897/845/955 904/846/960 905/1321/961 898/1317/956
f 898/1317/956 905/1321/961 906/1322/962 899/1318/957
f 899/1318/957 906/1322/962 901/884/588 894/881/585
f 900/846/526 907/847/528 909/1323/963 902/1319/958
f 902/1319/958 909/1323/963 910/1324/964 903/1320/959
f 903/1320/959 910/1324/964 911/847/965 904/846/960
f 904/846/960 911/847/965 912/1325/966 905/1321/961
f 905/1321/961 912/1325/966 913/1326/967 906/1322/962
f 906/1322/962 913/1326/967 908/887/590 901/886/588
f 907/847/528 914/848/530 916/1327/968 909/1323/963
f 909/1323/963 916/1327/968 917/1328/969 910/1324/964
f 910/1324/964 917/1328/969 918/848/970 911/847/965
f 911/847/965 918/848/970 919/1329/971 912/1325/966
f 912/1325/966 919/1329/971 920/1330/972 913/1326/967
f 913/1326/967 920/1330/972 915/891/594 908/887/590
f 914/848/530 921/849/532 923/1331/973 916/1327/968
f 916/1327/968 923/1331/973 924/1332/974 917/1328/969
f 917/1328/969 924/1332/974 925/850/975 918/848/970
f 918/848/970 925/850/975 926/1333/976 919/1329/971
f 919/1329/971 926/1333/976 927/1334/977 920/1330/972
f 920/1330/972 927/1334/977 922/893/596 915/891/594
f 921/849/532 928/851/534 930/1335/978 923/1331/973
f 923/1331/973 930/1335/978 931/1336/979 924/1332/974
f 924/1332/974 931/1336/979 932/851/980 925/850/975
f 925/850/975 932/851/980 933/1337/981 926/1333/976
f 926/1333/976 933/1337/981 934/1338/982 927/1334/977
f 927/1334/977 934/1338/982 929/896/598 922/895/596
f 928/851/534 935/852/536 937/1339/983 930/1335/978
f 930/1335/978 937/1339/983 938/1340/984 931/1336/979
f 931/1336/979 938/1340/984 939/852/985 932/851/980
f 932/851/980 939/852/985 940/1341/986 933/1337/981
f 933/1337/981 940/1341/986 941/1342/987 934/1338/982
f 934/1338/982 941/1342/987 936/898/600 929/896/598
f 935/852/536 942/853/538 944/1343/988 937/1339/983
f 937/1339/983 944/1343/988 945/1344/989 938/1340/984
f 938/1340/984 945/1344/989 946/1345/990 939/852/985
f 939/852/985 946/1345/990 947/1346/991 940/1341/986
f 940/1341/986 947/1346/991 948/1347/992 941/1342/987
f 941/1342/987 948/1347/992 943/902/602 936/901/600
f 942/853/538 949/854/540 951/1348/993 944/1343/988
f 944/1343/988 951/1348/993 952/1349/994 945/1344/989
f 945/1344/989 952/1349/994 953/854/995 946/1345/990
f 946/1345/990 953/854/995 954/1350/996 947/1346/991
f 947/1346/991 954/1350/996 955/1351/997 948/1347/992
f 948/1347/992 955/1351/997 950/906/604 943/905/602
f 949/854/540 956/855/542 958/1352/998 951/1348/993
f 951/1348/993 958/1352/998 959/1353/999 952/1349/994
f 952/1349/994 959/1353/999 960/855/1000 953/854/995
f 953/854/995 960/855/1000 961/1354/1001 954/1350/996
f 954/1350/996 961/1354/1001 962/1355/1002 955/1351/997
f 955/1351/997 962/1355/1002 957/910/606 950/909/604
f 956/855/542 963/856/544 965/1356/1003 958/1352/998
f 958/1352/998 965/1356/1003 966/1357/1004 959/1353/999
f 959/1353/999 966/1357/1004 967/856/1005 960/855/1000
f 960/855/1000 967/856/1005 968/1358/1006 961/1354/1001
f 961/1354/1001 968/1358/1006 969/1359/1007 962/1355/1002
f 962/1355/1002 969/1359/1007 964/914/608 957/913/606
f 963/856/544 970/857/546 972/1360/1008 965/1356/1003
f 965/1356/1003 972/1360/1008 973/1361/1009 966/1357/1004
f 966/1357/1004 973/1361/1009 974/857/1010 967/856/1005
f 967/856/1005 974/857/1010 975/1362/1011 968/1358/1006
f 968/1358/1006 975/1362/1011 976/1363/1012 969/1359/1007
f 969/1359/1007 976/1363/1012 971/917/610 964/914/608
f 970/857/546 977/858/548 979/1364/1013 972/1360/1008
f 972/1360/1008 979/1364/1013 980/1365/1014 973/1361/1009
f 973/1361/1009 980/1365/1014 981/858/1015 974/857/1010
f 974/857/1010 981/858/1015 982/1366/1016 975/1362/1011
f 975/1362/1011 982/1366/1016 983/1367/1017 976/1363/1012
f 976/1363/1012 983/1367/1017 978/920/582 971/919/610
f 977/858/548 984/859/550 986/1368/1018 979/1364/1013
f 979/1364/1013 986/1368/1018 987/1369/1019 980/1365/1014
f 980/1365/1014 987/1369/1019 988/860/1020 981/858/1015
f 981/858/1015 988/860/1020 989/1370/1021 982/1366/1016
f 982/1366/1016 989/1370/1021 990/1371/1022 983/1367/1017
f 983/1367/1017 990/1371/1022 985/879/583 978/878/582
f 984/859/550 991/861/552 993/1372/1023 986/1368/1018
f 986/1368/1018 993/1372/1023 994/1373/1024 987/1369/1019
f 987/1369/1019 994/1373/1024 995/1374/1025 988/860/1020
f 988/860/1020 995/1374/1025 996/1375/1026 989/1370/1021
f 989/1370/1021 996/1375/1026 997/1376/1027 990/1371/1022
f 990/1371/1022 997/1376/1027 992/883/587 985/879/583
f 991/861/552 998/862/554 1000/1377/1028 993/1372/1023
f 993/1372/1023 1000/1377/1028 1001/1378/1029 994/1373/1024
f 994/1373/1024 1001/1378/1029 1002/862/1030 995/1374/1025
f 995/1374/1025 1002/862/1030 1003/1379/1031 996/1375/1026
f 996/1375/1026 1003/1379/1031 1004/1380/1032 997/1376/1027
f 997/1376/1027 1004/1380/1032 999/885/589 992/883/587
f 998/862/554 1005/863/556 1007/1381/1033 1000/1377/1028
f 1000/1377/1028 1007/1381/1033 1008/1382/1034 1001/1378/1029
f 1001/1378/1029 1008/1382/1034 1009/863/1035 1002/862/1030
f 1002/862/1030 1009/863/1035 1010/1383/1036 1003/1379/1031
f 1003/1379/1031 1010/1383/1036 1011/1384/1037 1004/1380/1032
f 1004/1380/1032 1011/1384/1037 1006/890/593 999/885/589
f 1005/863/556 1012/864/558 1014/1385/1038 1007/1381/1033
f 1007/1381/1033 1014/1385/1038 1015/1386/1039 1008/1382/1034
f 1008/1382/1034 1015/1386/1039 1016/864/1040 1009/863/1035
f 1009/863/1035 1016/864/1040 1017/1387/1041 1010/1383/1036
f 1010/1383/1036 1017/1387/1041 1018/1388/1042 1011/1384/1037
f 1011/1384/1037 1018/1388/1042 1013/892/595 1006/890/593
f 1012/864/558 1019/865/560 1021/1389/1043 1014/1385/1038
f 1014/1385/1038 1021/1389/1043 1022/1390/1044 1015/1386/1039
f 1015/1386/1039 1022/1390/1044 1023/865/1045 1016/864/1040
f 1016/864/1040 1023/865/1045 1024/1391/1046 1017/1387/1041
f 1017/1387/1041 1024/1391/1046 1025/1392/1047 1018/1388/1042
f 1018/1388/1042 1025/1392/1047 1020/894/597 1013/892/595
f 1019/865/560 1026/866/562 1028/1393/1048 1021/1389/1043
f 1021/1389/1043 1028/1393/1048 1029/1394/1049 1022/1390/1044
f 1022/1390/1044 1029/1394/1049 1030/866/1050 1023/865/1045
f 1023/865/1045 1030/866/1050 1031/1395/1051 1024/1391/1046
f 1024/1391/1046 1031/1395/1051 1032/1396/1052 1025/1392/1047
f 1025/1392/1047 1032/1396/1052 1027/897/599 1020/894/597
f 1026/866/562 1033/867/564 1035/1397/1053 1028/1393/1048
f 1028/1393/1048 1035/1397/1053 1036/1398/1054 1029/1394/1049
f 1029/1394/1049 1036/1398/1054 1037/867/1055 1030/866/1050
f 1030/866/1050 1037/867/1055 1038/1399/1056 1031/1395/1051
f 1031/1395/1051 1038/1399/1056 1039/1400/1057 1032/1396/1052
f 1032/1396/1052 1039/1400/1057 1034/900/601 1027/899/599
f 1033/867/564 1040/868/566 1042/1401/1058 1035/1397/1053
f 1035/1397/1053 1042/1401/1058 1043/1402/1059 1036/1398/1054
f 1036/1398/1054 1043/1402/1059 1044/868/1060 1037/867/1055
f 1037/867/1055 1044/868/1060 1045/1403/1061 1038/1399/1056
f 1038/1399/1056 1045/1403/1061 1046/1404/1062 1039/1400/1057
f 1039/1400/1057 1046/1404/1062 1041/904/603 1034/903/601
f 1040/868/566 1047/869/568 1049/1405/1063 1042/1401/1058
f 1042/1401/1058 1049/1405/1063 1050/1406/1064 1043/1402/1059
f 1043/1402/1059 1050/1406/1064 1051/869/1065 1044/868/1060
f 1044/868/1060 1051/869/1065 1052/1407/1066 1045/1403/1061
f 1045/1403/1061 1052/1407/1066 1053/1408/1067 1046/1404/1062
f 1046/1404/1062 1053/1408/1067 1048/908/605 1041/907/603
f 1047/869/568 1054/870/570 1056/1409/1068 1049/1405/1063
f 1049/1405/1063 1056/1409/1068 1057/1410/1069 1050/1406/1064
f 1050/1406/1064 1057/1410/1069 1058/870/1070 1051/869/1065
f 1051/869/1065 1058/870/1070 1059/1411/1071 1052/1407/1066
f 1052/1407/1066 1059/1411/1071 1060/1412/1072 1053/1408/1067
f 1053/1408/1067 1060/1412/1072 1055/912/607 1048/911/605
f 1054/870/570 1061/871/572 1063/1413/1073 1056/1409/1068
f 1056/1409/1068 1063/1413/1073 1064/1414/1074 1057/1410/1069
f 1057/1410/1069 1064/1414/1074 1065/871/1075 1058/870/1070
f 1058/870/1070 1065/871/1075 1066/1415/1076 1059/1411/1071
f 1059/1411/1071 1066/1415/1076 1067/1416/1077 1060/1412/1072
f 1060/1412/1072 1067/1416/1077 1062/916/609 1055/915/607
f 1061/871/572 1068/872/574 1070/1417/1078 1063/1413/1073
f 1063/1413/1073 1070/1417/1078 1071/1418/1079 1064/1414/1074
f 1064/1414/1074 1071/1418/1079 1072/872/1080 1065/871/1075
f 1065/871/1075 1072/872/1080 1073/1419/1081 1066/1415/1076
f 1066/1415/1076 1073/1419/1081 1074/1420/1082 1067/1416/1077
f 1067/1416/1077 1074/1420/1082 1069/873/576 1062/916/609
f 1068/872/574 1075/839/515 1077/1421/1083 1070/1417/1078
f 1070/1417/1078 1077/1421/1083 1078/1422/1084 1071/1418/1079
f 1071/1418/1079 1078/1422/1084 1079/839/1085 1072/872/1080
f 1072/872/1080 1079/839/1085 1080/1423/1086 1073/1419/1081
f 1073/1419/1081 1080/1423/1086 1081/1424/1087 1074/1420/1082
f 1074/1420/1082 1081/1424/1087 1076/874/577 1069/873/576
f 1075/839/515 1082/838/514 1084/1425/1088 1077/1421/1083
f 1077/1421/1083 1084/1425/1088 1085/1426/1089 1078/1422/1084
f 1078/1422/1084 1085/1426/1089 1086/840/1090 1079/839/1085
f 1079/839/1085 1086/840/1090 1087/1427/1091 1080/1423/1086
f 1080/1423/1086 1087/1427/1091 1088/1428/1092 1081/1424/1087
f 1081/1424/1087 1088/1428/1092 1083/882/586 1076/874/577
f 1082/838/514 866/841/518 871/1300/934 1084/1425/1088
f 1084/1425/1088 871/1300/934 870/1302/936 1085/1426/1089
f 1085/1426/1089 870/1302/936 869/842/938 1086/840/1090
f 1086/840/1090 869/842/938 868/1304/940 1087/1427/1091
f 1087/1427/1091 868/1304/940 867/1306/942 1088/1428/1092
f 1088/1428/1092 867/1306/942 865/918/611 1083/882/586
f 872/875/578 866/841/518 673/842/519 680/875/579
f 1090/1429/1093 1094/1430/1094 1096/1431/1095 1093/1432/1096
f 1093/1432/1096 1096/1431/1095 1097/1433/1097 1092/1434/1098
f 1092/1435/1098 1097/1436/1097 1098/1437/1099 1091/1438/1100
f 1091/1438/1100 1098/1437/1099 1095/1439/1101 1089/1440/1102
f 1094/1430/1094 1099/1441/1103 1101/1442/1104 1096/1443/1095
f 1096/1443/1095 1101/1442/1104 1102/1444/1105 1097/1445/1097
f 1097/1446/1097 1102/1447/1105 1103/1448/1106 1098/1437/1099
f 1098/1437/1099 1103/1448/1106 1100/1449/1107 1095/1439/1101
f 1099/1441/1103 1104/1450/1108 1106/1451/1109 1101/1452/1104
f 1101/1452/1104 1106/1451/1109 1107/1453/1110 1102/1454/1105
f 1102/1455/1105 1107/1456/1110 1108/1457/1111 1103/1448/1106
f 1103/1448/1106 1108/1457/1111 1105/1458/1112 1100/1449/1107
f 1104/1450/1108 1109/1459/1113 1111/1460/1114 1106/1461/1109
f 1106/1461/1109 1111/1460/1114 1112/1462/1115 1107/1463/1110
f 1107/1464/1110 1112/1465/1115 1113/1466/1116 1108/1457/1111
f 1108/1457/1111 1113/1466/1116 1110/1467/1117 1105/1458/1112
f 1109/1459/1113 1114/1468/1118 1116/1469/1119 1111/1470/1114
f 1111/1470/1114 1116/1469/1119 1117/1471/1120 1112/1472/1115
f 1112/1473/1115 1117/1474/1120 1118/1475/1121 1113/1466/1116
f 1113/1466/1116 1118/1475/1121 1115/1476/1122 1110/1467/1117
f 1114/1468/1118 1119/1477/1123 1121/1478/1124 1116/1479/1119
f 1116/1479/1119 1121/1478/1124 1122/1480/1125 1117/1481/1120
f 1117/1482/1120 1122/1483/1125 1123/1484/1126 1118/1475/1121
f 1118/1475/1121 1123/1484/1126 1120/1485/1127 1115/1476/1122
f 1119/1477/1123 1124/1486/1128 1126/1487/1129 1121/1488/1124
f 1121/1488/1124 1126/1487/1129 1127/1489/1130 1122/1490/1125
f 1122/1491/1125 1127/1492/1130 1128/1493/1131 1123/1484/1126
f 1123/1484/1126 1128/1493/1131 1125/1494/1132 1120/1485/1127
f 1124/1486/1128 1129/1495/1133 1131/1496/1134 1126/1497/1129
f 1126/1497/1129 1131/1496/1134 1132/1498/1135 1127/1499/1130
f 1127/1500/1130 1132/1501/1135 1133/1502/1136 1128/1493/1131
f 1128/1493/1131 1133/1502/1136 1130/1503/1137 1125/1494/1132
f 1129/1495/1133 1134/1504/1138 1136/1505/1139 1131/1506/1134
f 1131/1506/1134 1136/1505/1139 1137/1507/1140 1132/1508/1135
f 1132/1509/1135 1137/1510/1140 1138/1511/1141 1133/1502/1136
f 1133/1502/1136 1138/1511/1141 1135/1512/1142 1130/1503/1137
f 1134/1504/1138 1139/1513/1143 1141/1514/1144 1136/1515/1139
f 1136/1515/1139 1141/1514/1144 1142/1516/1145 1137/1517/1140
f 1137/1518/1140 1142/1519/1145 1143/1520/1146 1138/1511/1141
f 1138/1511/1141 1143/1520/1146 1140/1521/1147 1135/1512/1142
f 1139/1513/1143 1144/1522/1148 1146/1523/1149 1141/1524/1144
f 1141/1524/1144 1146/1523/1149 1147/1525/1150 1142/1526/1145
f 1142/1527/1145 1147/1528/1150 1148/1529/1151 1143/1520/1146
f 1143/1520/1146 1148/1529/1151 1145/1530/1152 1140/1521/1147
f 1144/1522/1148 1149/1531/1153 1151/1532/1154 1146/1533/1149
f 1146/1533/1149 1151/1532/1154 1152/1534/1155 1147/1535/1150
f 1147/1536/1150 1152/1537/1155 1153/1538/1156 1148/1529/1151
f 1148/1529/1151 1153/1538/1156 1150/1539/1157 1145/1530/1152
f 1149/1531/1153 1154/1540/1158 1156/1541/1159 1151/1542/1154
f 1151/1542/1154 1156/1541/1159 1157/1543/1160 1152/1544/1155
f 1152/1545/1155 1157/1546/1160 1158/1547/1161 1153/1538/1156
f 1153/1538/1156 1158/1547/1161 1155/1548/1162 1150/1539/1157
f 1154/1540/1158 1159/1549/1163 1161/1550/1164 1156/1551/1159
f 1156/1551/1159 1161/1550/1164 1162/1552/1165 1157/1553/1160
f 1157/1554/1160 1162/1555/1165 1163/1556/1166 1158/1547/1161
f 1158/1547/1161 1163/1556/1166 1160/1557/1167 1155/1548/1162
f 1159/1549/1163 1164/1558/1168 1166/1559/1169 1161/1560/1164
f 1161/1560/1164 1166/1559/1169 1167/1561/1170 1162/1562/1165
f 1162/1563/1165 1167/1564/1170 1168/1565/1171 1163/1556/1166
f 1163/1556/1166 1168/1565/1171 1165/1566/1172 1160/1557/1167
f 1164/1567/1168 1169/1568/1173 1171/1569/1174 1166/1570/1169
f 1166/1570/1169 1171/1569/1174 1172/1571/1175 1167/1572/1170
f 1167/1573/1170 1172/1574/1175 1173/1575/1176 1168/1565/1171
f 1168/1565/1171 1173/1575/1176 1170/1576/1177 1165/1566/1172
f 1169/1568/1173 1174/1577/1178 1176/1578/1179 1171/1579/1174
f 1171/1579/1174 1176/1578/1179 1177/1580/1180 1172/1581/1175
f 1172/1582/1175 1177/1583/1180 1178/1584/1181 1173/1575/1176
f 1173/1575/1176 1178/1584/1181 1175/1585/1182 1170/1576/1177
f 1174/1577/1178 1179/1586/1183 1181/1587/1184 1176/1588/1179
f 1176/1588/1179 1181/1587/1184 1182/1589/1185 1177/1590/1180
f 1177/1591/1180 1182/1592/1185 1183/1593/1186 1178/1584/1181
f 1178/1584/1181 1183/1593/1186 1180/1594/1187 1175/1585/1182
f 1179/1586/1183 1184/1595/1188 1186/1596/1189 1181/1597/1184
f 1181/1597/1184 1186/1596/1189 1187/1598/1190 1182/1599/1185
f 1182/1600/1185 1187/1601/1190 1188/1602/1191 1183/1593/1186
f 1183/1593/1186 1188/1602/1191 1185/1603/1192 1180/1594/1187
f 1184/1595/1188 1189/1604/1193 1191/1605/1194 1186/1606/1189
f 1186/1606/1189 1191/1605/1194 1192/1607/1195 1187/1608/1190
f 1187/1609/1190 1192/1610/1195 1193/1611/1196 1188/1602/1191
f 1188/1602/1191 1193/1611/1196 1190/1612/1197 1185/1603/1192
f 1189/1604/1193 1194/1613/1198 1196/1614/1199 1191/1615/1194
f 1191/1615/1194 1196/1614/1199 1197/1616/1200 1192/1617/1195
f 1192/1618/1195 1197/1619/1200 1198/1620/1201 1193/1611/1196
f 1193/1611/1196 1198/1620/1201 1195/1621/1202 1190/1612/1197
f 1194/1613/1198 1199/1622/1203 1201/1623/1204 1196/1624/1199
f 1196/1624/1199 1201/1623/1204 1202/1625/1205 1197/1626/1200
f 1197/1627/1200 1202/1628/1205 1203/1629/1206 1198/1620/1201
f 1198/1620/1201 1203/1629/1206 1200/1630/1207 1195/1621/1202
f 1199/1622/1203 1204/1631/1208 1206/1632/1209 1201/1633/1204
f 1201/1633/1204 1206/1632/1209 1207/1634/1210 1202/1635/1205
f 1202/1636/1205 1207/1637/1210 1208/1638/1211 1203/1629/1206
f 1203/1629/1206 1208/1638/1211 1205/1639/1212 1200/1630/1207
f 1204/1631/1208 1209/1640/1213 1211/1641/1214 1206/1642/1209
f 1206/1642/1209 1211/1641/1214 1212/1643/1215 1207/1644/1210
f 1207/1645/1210 1212/1646/1215 1213/1647/1216 1208/1638/1211
f 1208/1638/1211 1213/1647/1216 1210/1648/1217 1205/1639/1212
f 1209/1640/1213 1214/1649/1218 1216/1650/1219 1211/1651/1214
f 1211/1651/1214 1216/1650/1219 1217/1652/1220 1212/1653/1215
f 1212/1654/1215 1217/1655/1220 1218/1656/1221 1213/1647/1216
f 1213/1647/1216 1218/1656/1221 1215/1657/1222 1210/1648/1217
f 1214/1649/1218 1219/1658/1223 1221/1659/1224 1216/1660/1219
f 1216/1660/1219 1221/1659/1224 1222/1661/1225 1217/1662/1220
f 1217/1663/1220 1222/1664/1225 1223/1665/1226 1218/1656/1221
f 1218/1656/1221 1223/1665/1226 1220/1666/1227 1215/1657/1222
f 1219/1658/1223 1224/1667/1228 1226/1668/1229 1221/1669/1224
f 1221/1669/1224 1226/1668/1229 1227/1670/1230 1222/1671/1225
f 1222/1672/1225 1227/1673/1230 1228/1674/1231 1223/1665/1226
f 1223/1665/1226 1228/1674/1231 1225/1675/1232 1220/1666/1227
f 1224/1667/1228 1229/1676/1233 1231/1677/1234 1226/1678/1229
f 1226/1678/1229 1231/1677/1234 1232/1679/1235 1227/1680/1230
f 1227/1681/1230 1232/1682/1235 1233/1683/1236 1228/1674/1231
f 1228/1674/1231 1233/1683/1236 1230/1684/1237 1225/1675/1232
f 1229/1676/1233 1234/1685/1238 1236/1686/1239 1231/1687/1234
f 1231/1687/1234 1236/1686/1239 1237/1688/1240 1232/1689/1235
f 1232/1690/1235 1237/1691/1240 1238/1692/1241 1233/1683/1236
f 1233/1683/1236 1238/1692/1241 1235/1693/1242 1230/1684/1237
f 1234/1685/1238 1239/1694/1243 1241/1695/1244 1236/1696/1239
f 1236/1696/1239 1241/1695/1244 1242/1697/1245 1237/1698/1240
f 1237/1699/1240 1242/1700/1245 1243/1701/1246 1238/1692/1241
f 1238/1692/1241 1243/1701/1246 1240/1702/1247 1235/1693/1242
f 1239/1694/1243 1244/1703/1248 1246/1704/1249 1241/1705/1244
f 1241/1705/1244 1246/1704/1249 1247/1706/1250 1242/1707/1245
f 1242/1708/1245 1247/1709/1250 1248/1710/1251 1243/1701/1246
f 1243/1701/1246 1248/1710/1251 1245/1711/1252 1240/1702/1247
f 1244/1703/1248 1090/1712/1093 1093/1713/1096 1246/1714/1249
f 1246/1714/1249 1093/1713/1096 1092/1715/1098 1247/1716/1250
f 1247/1717/1250 1092/1718/1098 1091/1438/1100 1248/1710/1251
f 1248/1710/1251 1091/1438/1100 1089/1440/1102 1245/1711/1252
f 1089/1440/1102 1095/1439/1101 1100/1449/1107 1105/1458/1112 1110/1467/1117 1115/1476/1122 1120/1485/1127 1125/1494/1132 1130/1503/1137 1135/1512/1142 1140/1521/1147 1145/1530/1152 1150/1539/1157 1155/1548/1162 1160/1557/1167 1165/1566/1172 1170/1576/1177 1175/1585/1182 1180/1594/1187 1185/1603/1192 1190/1612/1197 1195/1621/1202 1200/1630/1207 1205/1639/1212 1210/1648/1217 1215/1657/1222 1220/1666/1227 1225/1675/1232 1230/1684/1237 1235/1693/1242 1240/1702/1247 1245/1711/1252
f 1312/1719/382 1249/641/382 1250/645/321 1281/1720/321
f 1283/1721/384 1252/643/384 1253/584/325 1284/1722/325
f 1282/1723/324 1251/583/324 1252/643/384 1283/1721/384
f 1311/1724/380 1280/639/380 1249/641/382 1312/1719/382
f 1310/1725/378 1279/637/378 1280/639/380 1311/1724/380
f 1309/1726/376 1278/635/376 1279/637/378 1310/1725/378
f 1308/1727/374 1277/633/374 1278/635/376 1309/1726/376
f 1307/1728/372 1276/631/372 1277/633/374 1308/1727/374
f 1306/1729/370 1275/629/370 1276/631/372 1307/1728/372
f 1305/1730/368 1274/627/368 1275/629/370 1306/1729/370
f 1304/1731/366 1273/625/366 1274/627/368 1305/1730/368
f 1303/1732/364 1272/623/364 1273/625/366 1304/1731/366
f 1302/1733/362 1271/621/362 1272/623/364 1303/1732/364
f 1301/1734/360 1270/619/360 1271/621/362 1302/1733/362
f 1300/1735/358 1269/617/358 1270/619/360 1301/1734/360
f 1299/1736/356 1268/615/356 1269/617/358 1300/1735/358
f 1298/1737/354 1267/613/354 1268/615/356 1299/1736/356
f 1297/1738/352 1266/611/352 1267/613/354 1298/1737/354
f 1296/1739/350 1265/609/350 1266/611/352 1297/1738/352
f 1295/1740/348 1264/607/348 1265/609/350 1296/1739/350
f 1294/1741/346 1263/605/346 1264/607/348 1295/1740/348
f 1293/1742/344 1262/603/344 1263/605/346 1294/1741/346
f 1292/1743/342 1261/601/342 1262/603/344 1293/1742/344
f 1291/1744/340 1260/599/340 1261/601/342 1292/1743/342
f 1290/1745/338 1259/597/338 1260/599/340 1291/1744/340
f 1289/1746/336 1258/595/336 1259/597/338 1290/1745/338
f 1288/1747/334 1257/593/334 1258/595/336 1289/1746/336
f 1287/1748/332 1256/591/332 1257/593/334 1288/1747/334
f 1286/1749/330 1255/589/330 1256/591/332 1287/1748/332
f 1285/1750/328 1254/587/328 1255/589/330 1286/1749/330
f 1284/1722/325 1253/584/325 1254/587/328 1285/1750/328
f 1281/1751/321 1250/580/321 1251/583/324 1282/1723/324
f 1090/1429/1093 1281/1751/321 1282/1723/324 1094/1430/1094
f 1104/1450/1108 1284/1722/325 1285/1750/328 1109/1459/1113
f 1109/1459/1113 1285/1750/328 1286/1749/330 1114/1468/1118
f 1114/1468/1118 1286/1749/330 1287/1748/332 1119/1477/1123
f 1119/1477/1123 1287/1748/332 1288/1747/334 1124/1486/1128
f 1124/1486/1128 1288/1747/334 1289/1746/336 1129/1495/1133
f 1129/1495/1133 1289/1746/336 1290/1745/338 1134/1504/1138
f 1134/1504/1138 1290/1745/338 1291/1744/340 1139/1513/1143
f 1139/1513/1143 1291/1744/340 1292/1743/342 1144/1522/1148
f 1144/1522/1148 1292/1743/342 1293/1742/344 1149/1531/1153
f 1149/1531/1153 1293/1742/344 1294/1741/346 1154/1540/1158
f 1154/1540/1158 1294/1741/346 1295/1740/348 1159/1549/1163
f 1159/1549/1163 1295/1740/348 1296/1739/350 1164/1558/1168
f 1164/1567/1168 1296/1739/350 1297/1738/352 1169/1568/1173
f 1169/1568/1173 1297/1738/352 1298/1737/354 1174/1577/1178
f 1174/1577/1178 1298/1737/354 1299/1736/356 1179/1586/1183
f 1179/1586/1183 1299/1736/356 1300/1735/358 1184/1595/1188
f 1184/1595/1188 1300/1735/358 1301/1734/360 1189/1604/1193
f 1189/1604/1193 1301/1734/360 1302/1733/362 1194/1613/1198
f 1194/1613/1198 1302/1733/362 1303/1732/364 1199/1622/1203
f 1199/1622/1203 1303/1732/364 1304/1731/366 1204/1631/1208
f 1204/1631/1208 1304/1731/366 1305/1730/368 1209/1640/1213
f 1209/1640/1213 1305/1730/368 1306/1729/370 1214/1649/1218
f 1214/1649/1218 1306/1729/370 1307/1728/372 1219/1658/1223
f 1219/1658/1223 1307/1728/372 1308/1727/374 1224/1667/1228
f 1224/1667/1228 1308/1727/374 1309/1726/376 1229/1676/1233
f 1229/1676/1233 1309/1726/376 1310/1725/378 1234/1685/1238
f 1234/1685/1238 1310/1725/378 1311/1724/380 1239/1694/1243
f 1239/1694/1243 1311/1724/380 1312/1719/382 1244/1703/1248
f 1094/1430/1094 1282/1723/324 1283/1721/384 1099/1441/1103
f 1099/1441/1103 1283/1721/384 1284/1722/325 1104/1450/1108
f 1244/1703/1248 1312/1719/382 1281/1720/321 1090/1712/1093
o spray
v 4.412589 5.083118 -4.263913
v 4.408050 5.083118 -4.193953
v 4.389950 5.083118 -4.126223
v 4.358984 5.083118 -4.063326
v 4.316343 5.083118 -4.007679
v 4.263665 5.083118 -3.961419
v 4.202974 5.083118 -3.926325
v 4.136602 5.083118 -3.903746
v 4.067102 5.083118 -3.894550
v 3.997142 5.083118 -3.899088
v 3.929412 5.083118 -3.917188
v 3.866515 5.083118 -3.948154
v 3.810868 5.083118 -3.990796
v 3.764608 5.083118 -4.043474
v 3.729515 5.083118 -4.104165
v 3.706936 5.083118 -4.170536
v 3.697739 5.083118 -4.240036
v 3.702278 5.083118 -4.309996
v 3.720378 5.083118 -4.377726
v 3.751343 5.083118 -4.440623
v 3.793985 5.083118 -4.496271
v 3.846663 5.083118 -4.542530
v 3.907354 5.083118 -4.577624
v 3.973725 5.083118 -4.600203
v 4.043226 5.083118 -4.609400
v 4.113185 5.083118 -4.604861
v 4.180915 5.083118 -4.586761
v 4.243813 5.083118 -4.555795
v 4.299460 5.083118 -4.513154
v 4.345719 5.083118 -4.460475
v 4.380813 5.083118 -4.399785
v 4.403392 5.083118 -4.333413
v 3.618510 5.878619 -4.053780
v 3.618510 6.051782 -4.053780
v 3.665565 5.878619 -3.972402
v 3.665565 6.051782 -3.972402
v 3.727594 5.878619 -3.901767
v 3.727594 6.051782 -3.901767
v 3.802210 5.878619 -3.844590
v 3.802210 6.051782 -3.844590
v 3.886547 5.878619 -3.803069
v 3.886547 6.051782 -3.803069
v 4.071171 5.878619 -3.772713
v 4.071171 6.039320 -3.772713
v 4.253358 5.878619 -3.815320
v 4.253358 6.051782 -3.815320
v 4.334737 5.878619 -3.862376
v 4.334737 6.051782 -3.862376
v 4.405372 5.878619 -3.924404
v 4.405372 6.051782 -3.924404
v 4.462549 5.878619 -3.999021
v 4.462549 6.051782 -3.999021
v 4.522094 6.051782 -4.361174
v 4.522094 5.878619 -4.361174
v 4.504069 5.878619 -4.083358
v 4.504069 6.051782 -4.083358
v 4.534426 6.051782 -4.267982
v 4.534426 5.878619 -4.267982
v 4.528339 5.878619 -4.174175
v 4.528339 6.051782 -4.174175
v 4.564525 5.083118 -4.268987
v 4.558057 5.083118 -4.169289
v 4.532263 5.083118 -4.072768
v 4.488134 5.083118 -3.983134
v 4.427366 5.083118 -3.903831
v 4.352295 5.083118 -3.837908
v 4.265806 5.083118 -3.787897
v 4.171221 5.083118 -3.755719
v 4.072176 5.083118 -3.742613
v 3.972478 5.083118 -3.749082
v 3.875957 5.083118 -3.774876
v 3.786323 5.083118 -3.819005
v 3.707021 5.083118 -3.879772
v 3.641097 5.083118 -3.954843
v 3.591086 5.083118 -4.041333
v 3.558909 5.083118 -4.135917
v 3.545803 5.083118 -4.234962
v 3.552271 5.083118 -4.334661
v 3.578065 5.083118 -4.431181
v 3.622194 5.083118 -4.520815
v 3.682961 5.083118 -4.600118
v 3.758032 5.083118 -4.666041
v 3.844522 5.083118 -4.716053
v 3.939107 5.083118 -4.748230
v 4.038151 5.083118 -4.761336
v 4.137850 5.083118 -4.754868
v 4.234370 5.083118 -4.729074
v 4.324004 5.083118 -4.684945
v 4.403307 5.083118 -4.624177
v 4.469231 5.083118 -4.549106
v 4.519242 5.083118 -4.462616
v 4.551419 5.083118 -4.368032
v 4.412589 4.902179 -4.263913
v 4.408050 4.902179 -4.193953
v 4.389950 4.902179 -4.126223
v 4.358984 4.902179 -4.063326
v 4.316343 4.902179 -4.007679
v 4.263665 4.902179 -3.961419
v 4.202974 4.902179 -3.926325
v 4.136602 4.902179 -3.903746
v 4.067102 4.902179 -3.894550
v 3.997142 4.902179 -3.899088
v 3.929412 4.902179 -3.917188
v 3.866515 4.902179 -3.948154
v 3.810868 4.902179 -3.990796
v 3.764608 4.902179 -4.043474
v 3.729515 4.902179 -4.104165
v 3.706936 4.902179 -4.170536
v 3.697739 4.902179 -4.240036
v 3.702278 4.902179 -4.309996
v 3.720378 4.902179 -4.377726
v 3.751343 4.902179 -4.440623
v 3.793985 4.902179 -4.496271
v 3.846663 4.902179 -4.542530
v 3.907354 4.902179 -4.577624
v 3.973725 4.902179 -4.600203
v 4.043226 4.902179 -4.609400
v 4.113185 4.902179 -4.604861
v 4.180915 4.902179 -4.586761
v 4.243813 4.902179 -4.555795
v 4.299460 4.902179 -4.513154
v 4.345719 4.902179 -4.460475
v 4.380813 4.902179 -4.399785
v 4.403392 4.902179 -4.333413
v 4.240047 4.550283 -4.258150
v 4.237700 4.550283 -4.221962
v 4.228337 4.550283 -4.186928
v 4.212319 4.550283 -4.154393
v 4.190262 4.550283 -4.125609
v 4.163014 4.550283 -4.101681
v 4.131620 4.550283 -4.083528
v 4.097289 4.550283 -4.071848
v 4.061339 4.550283 -4.067091
v 4.025151 4.550283 -4.069439
v 3.990117 4.550283 -4.078802
v 3.957583 4.550283 -4.094819
v 3.928798 4.550283 -4.116876
v 3.904870 4.550283 -4.144125
v 3.886717 4.550283 -4.175518
v 3.875038 4.550283 -4.209849
v 3.870281 4.550283 -4.245800
v 3.872628 4.550283 -4.281987
v 3.881991 4.550283 -4.317021
v 3.898008 4.550283 -4.349556
v 3.920065 4.550283 -4.378340
v 3.947314 4.550283 -4.402268
v 3.978707 4.550283 -4.420421
v 4.013039 4.550283 -4.432101
v 4.048989 4.550283 -4.436858
v 4.085176 4.550283 -4.434510
v 4.120211 4.550283 -4.425148
v 4.152745 4.550283 -4.409130
v 4.181530 4.550283 -4.387073
v 4.205458 4.550283 -4.359825
v 4.223610 4.550283 -4.328431
v 4.235290 4.550283 -4.294100
v 4.240047 4.029220 -4.258150
v 4.237700 4.029220 -4.221962
v 4.228337 4.029220 -4.186928
v 4.212319 4.029220 -4.154393
v 4.190262 4.029220 -4.125609
v 4.163014 4.029220 -4.101680
v 4.131620 4.029220 -4.083528
v 4.097289 4.029220 -4.071848
v 4.061339 4.029220 -4.067091
v 4.025151 4.029220 -4.069439
v 3.990117 4.029220 -4.078802
v 3.957583 4.029220 -4.094819
v 3.928798 4.029220 -4.116876
v 3.904870 4.029220 -4.144125
v 3.886717 4.029220 -4.175518
v 3.875038 4.029220 -4.209849
v 3.870281 4.029220 -4.245800
v 3.872628 4.029220 -4.281987
v 3.881991 4.029220 -4.317021
v 3.898008 4.029220 -4.349556
v 3.920065 4.029220 -4.378340
v 3.947314 4.029220 -4.402268
v 3.978707 4.029220 -4.420421
v 4.013039 4.029220 -4.432101
v 4.048989 4.029220 -4.436858
v 4.085176 4.029220 -4.434510
v 4.120211 4.029220 -4.425148
v 4.152745 4.029220 -4.409130
v 4.181530 4.029220 -4.387073
v 4.205458 4.029220 -4.359825
v 4.223610 4.029220 -4.328431
v 4.235290 4.029220 -4.294100
v 4.543471 5.656233 -4.268284
v 4.534426 5.662952 -4.267982
v 4.536993 5.658140 -4.268068
v 4.528339 5.662952 -4.174175
v 4.537270 5.656233 -4.172707
v 4.530874 5.658140 -4.173759
v 4.504069 5.662952 -4.083358
v 4.512542 5.656233 -4.080175
v 4.506474 5.658140 -4.082455
v 4.462549 5.662952 -3.999021
v 4.470238 5.656233 -3.994246
v 4.464730 5.658140 -3.997666
v 4.405372 5.662952 -3.924404
v 4.411982 5.656233 -3.918222
v 4.407248 5.658140 -3.922650
v 4.334737 5.662952 -3.862376
v 4.340014 5.656233 -3.855023
v 4.336234 5.658140 -3.860290
v 4.253358 5.662952 -3.815320
v 4.257099 5.656233 -3.807079
v 4.254420 5.658140 -3.812982
v 4.164363 5.662952 -3.785045
v 4.166424 5.656233 -3.776232
v 4.164948 5.658140 -3.782544
v 4.071171 5.662952 -3.772713
v 4.071473 5.656233 -3.763667
v 4.071257 5.658140 -3.770146
v 3.977364 5.662952 -3.778799
v 3.975896 5.656233 -3.769868
v 3.976948 5.658140 -3.776265
v 3.886547 5.662952 -3.803069
v 3.883365 5.656233 -3.794596
v 3.885644 5.658140 -3.800665
v 3.802210 5.662952 -3.844590
v 3.797436 5.656233 -3.836901
v 3.800855 5.658140 -3.842408
v 3.727594 5.662952 -3.901767
v 3.721411 5.656233 -3.895157
v 3.725839 5.658140 -3.899891
v 3.665565 5.662952 -3.972402
v 3.658212 5.656233 -3.967125
v 3.663479 5.658140 -3.970904
v 3.618510 5.662952 -4.053780
v 3.610268 5.656233 -4.050040
v 3.616171 5.658140 -4.052719
v 3.588234 5.662952 -4.142776
v 3.579421 5.656233 -4.140715
v 3.585733 5.658140 -4.142191
v 3.575902 5.662952 -4.235967
v 3.566857 5.656233 -4.235665
v 3.573335 5.658140 -4.235881
v 3.581988 5.662952 -4.329774
v 3.573058 5.656233 -4.331243
v 3.579454 5.658140 -4.330191
v 3.606258 5.662952 -4.420591
v 3.597785 5.656233 -4.423774
v 3.603854 5.658140 -4.421494
v 3.647779 5.662952 -4.504929
v 3.640090 5.656233 -4.509703
v 3.645597 5.658140 -4.506283
v 3.704956 5.662952 -4.579545
v 3.698346 5.656233 -4.585727
v 3.703080 5.658140 -4.581299
v 3.775591 5.662952 -4.641573
v 3.770314 5.656233 -4.648926
v 3.774093 5.658140 -4.643660
v 3.856970 5.662952 -4.688629
v 3.853229 5.656233 -4.696870
v 3.855908 5.658140 -4.690968
v 3.945965 5.662952 -4.718904
v 3.943904 5.656233 -4.727717
v 3.945380 5.658140 -4.721406
v 4.039156 5.662952 -4.731236
v 4.038855 5.656233 -4.740282
v 4.039071 5.658140 -4.733803
v 4.132964 5.662952 -4.725150
v 4.134432 5.656233 -4.734081
v 4.133380 5.658140 -4.727684
v 4.223781 5.662952 -4.700880
v 4.226963 5.656233 -4.709353
v 4.224684 5.658140 -4.703285
v 4.308118 5.662952 -4.659359
v 4.312892 5.656233 -4.667048
v 4.309473 5.658140 -4.661541
v 4.382734 5.662952 -4.602182
v 4.388916 5.656233 -4.608792
v 4.384489 5.658140 -4.604058
v 4.444762 5.662952 -4.531548
v 4.452116 5.656233 -4.536824
v 4.446849 5.658140 -4.533045
v 4.491818 5.662952 -4.450169
v 4.500060 5.656233 -4.453909
v 4.494157 5.658140 -4.451231
v 4.522094 5.662952 -4.361174
v 4.530907 5.656233 -4.363235
v 4.524595 5.658140 -4.361758
v 4.549126 5.656233 -4.170757
v 4.558057 5.649515 -4.169289
v 4.555523 5.654327 -4.169705
v 4.564525 5.649515 -4.268987
v 4.555480 5.656233 -4.268685
v 4.561958 5.654327 -4.268901
v 4.523790 5.656233 -4.075951
v 4.532263 5.649515 -4.072768
v 4.529859 5.654327 -4.073671
v 4.480445 5.656233 -3.987908
v 4.488134 5.649515 -3.983134
v 4.485952 5.654327 -3.984489
v 4.420757 5.656233 -3.910014
v 4.427366 5.649515 -3.903831
v 4.425491 5.654327 -3.905586
v 4.347019 5.656233 -3.845261
v 4.352295 5.649515 -3.837908
v 4.350798 5.654327 -3.839994
v 4.262065 5.656233 -3.796138
v 4.265806 5.649515 -3.787897
v 4.264744 5.654327 -3.790235
v 4.169160 5.656233 -3.764532
v 4.171221 5.649515 -3.755719
v 4.170636 5.654327 -3.758220
v 4.071874 5.656233 -3.751659
v 4.072176 5.649515 -3.742613
v 4.072091 5.654327 -3.745180
v 3.973947 5.656233 -3.758012
v 3.972478 5.649515 -3.749082
v 3.972895 5.654327 -3.751616
v 3.879140 5.656233 -3.783348
v 3.875957 5.649515 -3.774876
v 3.876860 5.654327 -3.777280
v 3.791098 5.656233 -3.826693
v 3.786323 5.649515 -3.819005
v 3.787678 5.654327 -3.821186
v 3.713203 5.656233 -3.886382
v 3.707021 5.649515 -3.879772
v 3.708775 5.654327 -3.881648
v 3.648450 5.656233 -3.960120
v 3.641097 5.649515 -3.954843
v 3.643184 5.654327 -3.956341
v 3.599327 5.656233 -4.045074
v 3.591086 5.649515 -4.041333
v 3.593425 5.654327 -4.042394
v 3.567722 5.656233 -4.137979
v 3.558909 5.649515 -4.135917
v 3.561409 5.654327 -4.136502
v 3.554848 5.656233 -4.235264
v 3.545803 5.649515 -4.234962
v 3.548369 5.654327 -4.235048
v 3.561202 5.656233 -4.333192
v 3.552271 5.649515 -4.334661
v 3.554805 5.654327 -4.334244
v 3.586538 5.656233 -4.427999
v 3.578065 5.649515 -4.431181
v 3.580469 5.654327 -4.430278
v 3.629883 5.656233 -4.516041
v 3.622194 5.649515 -4.520815
v 3.624376 5.654327 -4.519460
v 3.689571 5.656233 -4.593935
v 3.682961 5.649515 -4.600118
v 3.684837 5.654327 -4.598363
v 3.763309 5.656233 -4.658688
v 3.758032 5.649515 -4.666041
v 3.759530 5.654327 -4.663955
v 3.848263 5.656233 -4.707811
v 3.844522 5.649515 -4.716053
v 3.845584 5.654327 -4.713714
v 3.941168 5.656233 -4.739417
v 3.939107 5.649515 -4.748230
v 3.939692 5.654327 -4.745729
v 4.038454 5.656233 -4.752290
v 4.038151 5.649515 -4.761336
v 4.038237 5.654327 -4.758769
v 4.136381 5.656233 -4.745937
v 4.137850 5.649515 -4.754868
v 4.137433 5.654327 -4.752334
v 4.231188 5.656233 -4.720601
v 4.234370 5.649515 -4.729074
v 4.233467 5.654327 -4.726669
v 4.319230 5.656233 -4.677256
v 4.324004 5.649515 -4.684945
v 4.322649 5.654327 -4.682763
v 4.397124 5.656233 -4.617568
v 4.403307 5.649515 -4.624177
v 4.401553 5.654327 -4.622302
v 4.461877 5.656233 -4.543829
v 4.469231 5.649515 -4.549106
v 4.467144 5.654327 -4.547609
v 4.511001 5.656233 -4.458876
v 4.519242 5.649515 -4.462616
v 4.516903 5.654327 -4.461555
v 4.542606 5.656233 -4.365971
v 4.551419 5.649515 -4.368032
v 4.548918 5.654327 -4.367447
v 4.506260 6.199051 -4.177805
v 4.528339 6.182442 -4.174175
v 4.517432 6.196968 -4.175968
v 4.525570 6.190846 -4.174630
v 4.534426 6.182442 -4.267982
v 4.512063 6.199051 -4.267235
v 4.531621 6.190846 -4.267888
v 4.523377 6.196968 -4.267613
v 4.483123 6.199051 -4.091226
v 4.504069 6.182442 -4.083358
v 4.493721 6.196968 -4.087245
v 4.501442 6.190846 -4.084345
v 4.443540 6.199051 -4.010824
v 4.462549 6.182442 -3.999021
v 4.453157 6.196968 -4.004852
v 4.460164 6.190846 -4.000501
v 4.389030 6.199051 -3.939689
v 4.405372 6.182442 -3.924404
v 4.397299 6.196968 -3.931956
v 4.403322 6.190846 -3.926322
v 4.321692 6.199051 -3.880555
v 4.334737 6.182442 -3.862376
v 4.328292 6.196968 -3.871357
v 4.333101 6.190846 -3.864656
v 4.244110 6.199051 -3.835695
v 4.253358 6.182442 -3.815320
v 4.248789 6.196968 -3.825386
v 4.252198 6.190846 -3.817876
v 4.159267 6.199051 -3.806832
v 4.164363 6.182442 -3.785045
v 4.161846 6.196968 -3.795808
v 4.163724 6.190846 -3.787777
v 4.070424 6.199051 -3.795076
v 4.071171 6.182442 -3.772713
v 4.070802 6.196968 -3.783761
v 4.071077 6.190846 -3.775518
v 3.980994 6.199051 -3.800878
v 3.977364 6.182442 -3.778799
v 3.979158 6.196968 -3.789707
v 3.977820 6.190846 -3.781568
v 3.894415 6.199051 -3.824015
v 3.886547 6.182442 -3.803069
v 3.890434 6.196968 -3.813417
v 3.887534 6.190846 -3.805696
v 3.814013 6.199051 -3.863599
v 3.802210 6.182442 -3.844590
v 3.808041 6.196968 -3.853981
v 3.803690 6.190846 -3.846974
v 3.742878 6.199051 -3.918108
v 3.727594 6.182442 -3.901767
v 3.735145 6.196968 -3.909840
v 3.729511 6.190846 -3.903816
v 3.683745 6.199051 -3.985447
v 3.665565 6.182442 -3.972402
v 3.674547 6.196968 -3.978846
v 3.667846 6.190846 -3.974038
v 3.638885 6.199051 -4.063028
v 3.618510 6.182442 -4.053780
v 3.628575 6.196968 -4.058349
v 3.621065 6.190846 -4.054940
v 3.610022 6.199051 -4.147871
v 3.588234 6.182442 -4.142776
v 3.598998 6.196968 -4.145293
v 3.590967 6.190846 -4.143414
v 3.598265 6.199051 -4.236714
v 3.575902 6.182442 -4.235967
v 3.586950 6.196968 -4.236336
v 3.578707 6.190846 -4.236061
v 3.604067 6.199051 -4.326144
v 3.581988 6.182442 -4.329774
v 3.592896 6.196968 -4.327981
v 3.584758 6.190846 -4.329319
v 3.627205 6.199051 -4.412724
v 3.606258 6.182442 -4.420591
v 3.616606 6.196968 -4.416704
v 3.608885 6.190846 -4.419604
v 3.666788 6.199051 -4.493125
v 3.647779 6.182442 -4.504929
v 3.657170 6.196968 -4.499097
v 3.650163 6.190846 -4.503448
v 3.721297 6.199051 -4.564260
v 3.704956 6.182442 -4.579545
v 3.713029 6.196968 -4.571994
v 3.707006 6.190846 -4.577628
v 3.788636 6.199051 -4.623394
v 3.775591 6.182442 -4.641573
v 3.782036 6.196968 -4.632592
v 3.777227 6.190846 -4.639293
v 3.866218 6.199051 -4.668254
v 3.856970 6.182442 -4.688629
v 3.861538 6.196968 -4.678563
v 3.858130 6.190846 -4.686073
v 3.951060 6.199051 -4.697117
v 3.945965 6.182442 -4.718904
v 3.948482 6.196968 -4.708141
v 3.946604 6.190846 -4.716172
v 4.039904 6.199051 -4.708873
v 4.039156 6.182442 -4.731236
v 4.039526 6.196968 -4.720188
v 4.039250 6.190846 -4.728431
v 4.129333 6.199051 -4.703071
v 4.132964 6.182442 -4.725150
v 4.131170 6.196968 -4.714242
v 4.132508 6.190846 -4.722381
v 4.215913 6.199051 -4.679934
v 4.223781 6.182442 -4.700880
v 4.219893 6.196968 -4.690532
v 4.222794 6.190846 -4.698253
v 4.296315 6.199051 -4.640350
v 4.308118 6.182442 -4.659359
v 4.302287 6.196968 -4.649968
v 4.306637 6.190846 -4.656975
v 4.367449 6.199051 -4.585841
v 4.382734 6.182442 -4.602182
v 4.375183 6.196968 -4.594110
v 4.380817 6.190846 -4.600133
v 4.426583 6.199051 -4.518502
v 4.444762 6.182442 -4.531548
v 4.435781 6.196968 -4.525103
v 4.442482 6.190846 -4.529912
v 4.471443 6.199051 -4.440921
v 4.491818 6.182442 -4.450169
v 4.481752 6.196968 -4.445600
v 4.489263 6.190846 -4.449009
v 4.500306 6.199051 -4.356078
v 4.522094 6.182442 -4.361174
v 4.511330 6.196968 -4.358656
v 4.519361 6.190846 -4.360535
v 3.588234 6.051782 -4.142776
v 3.588234 5.878619 -4.142776
v 3.575902 6.051782 -4.235967
v 3.575902 5.878619 -4.235967
v 3.581988 6.051782 -4.329774
v 3.581988 5.878619 -4.329774
v 3.606258 6.051782 -4.420591
v 3.606258 5.878619 -4.420591
v 3.647779 6.051782 -4.504929
v 3.647779 5.878619 -4.504929
v 3.704956 6.051782 -4.579545
v 3.704956 5.878619 -4.579545
v 3.775591 6.051782 -4.641573
v 3.775591 5.878619 -4.641573
v 3.856970 6.051782 -4.688629
v 3.856970 5.878619 -4.688629
v 3.945965 6.051782 -4.718904
v 3.945965 5.878619 -4.718904
v 4.039156 6.051782 -4.731236
v 4.039156 5.878619 -4.731236
v 4.132964 6.051782 -4.725150
v 4.132964 5.878619 -4.725150
v 4.223781 6.051782 -4.700880
v 4.223781 5.878619 -4.700880
v 4.308118 6.051782 -4.659359
v 4.308118 5.878619 -4.659359
v 4.382734 6.051782 -4.602182
v 4.382734 5.878619 -4.602182
v 4.444762 6.051782 -4.531548
v 4.444762 5.878619 -4.531548
v 4.491818 6.051782 -4.450169
v 4.491818 5.878619 -4.450169
v 3.977364 6.051782 -3.778799
v 3.977364 5.878619 -3.778799
v 4.164363 6.051782 -3.785045
v 4.164363 5.878619 -3.785045
v 4.071171 5.891081 -3.772713
v 4.071171 6.051782 -3.772713
v 4.070159 6.039320 -3.803005
v 4.070159 5.891081 -3.803005
v 4.071171 5.891081 -3.772713
v 3.994037 5.965897 -3.777717
v 3.977382 5.878632 -3.778798
v 4.032144 5.900465 -3.775245
v 4.003712 5.928042 -3.777090
v 3.994037 5.964504 -3.777717
v 4.071171 6.039320 -3.772713
v 3.977382 6.051769 -3.778798
v 4.003712 6.002359 -3.777090
v 4.032144 6.029936 -3.775245
v 4.147799 5.965897 -3.782853
v 4.071171 5.891081 -3.772713
v 4.164345 5.878632 -3.785042
v 4.138188 5.928042 -3.781581
v 4.109943 5.900465 -3.777843
v 4.071171 6.039320 -3.772713
v 4.147799 5.964504 -3.782853
v 4.164345 6.051769 -3.785042
v 4.109943 6.029936 -3.777843
v 4.138188 6.002359 -3.781581
v 4.070159 6.039320 -3.803005
v 3.993026 5.964504 -3.808009
v 4.031132 6.029936 -3.805537
v 4.002700 6.002359 -3.807381
v 3.993026 5.965897 -3.808009
v 4.070159 5.891081 -3.803005
v 4.002700 5.928042 -3.807381
v 4.031132 5.900465 -3.805537
v 4.146788 5.964504 -3.813144
v 4.070159 6.039320 -3.803005
v 4.137177 6.002359 -3.811873
v 4.108931 6.029936 -3.808135
v 4.070159 5.891081 -3.803005
v 4.146788 5.965897 -3.813144
v 4.108931 5.900465 -3.808135
v 4.137177 5.928042 -3.811873
vn 0.9868 -0.0000 0.1622
vn 0.9564 0.2462 0.1572
vn 0.9073 0.2462 0.3408
vn 0.9361 -0.0000 0.3516
vn 0.9737 -0.0000 -0.2277
vn 0.9438 0.2462 -0.2207
vn 0.9687 0.2462 -0.0324
vn 0.9994 -0.0000 -0.0334
vn 0.8496 -0.0000 0.5275
vn 0.8234 0.2462 0.5113
vn 0.7078 0.2462 0.6621
vn 0.7303 -0.0000 0.6831
vn 0.5651 0.2462 0.7874
vn 0.5830 -0.0000 0.8125
vn 0.4006 0.2462 0.8826
vn 0.4133 -0.0000 0.9106
vn 0.2207 0.2462 0.9438
vn 0.2277 -0.0000 0.9737
vn 0.0324 0.2462 0.9687
vn 0.0334 -0.0000 0.9994
vn -0.1572 0.2462 0.9564
vn -0.1622 -0.0000 0.9868
vn -0.3408 0.2462 0.9073
vn -0.3516 -0.0000 0.9361
vn -0.5113 0.2462 0.8234
vn -0.5275 -0.0000 0.8496
vn -0.6621 0.2462 0.7078
vn -0.6831 -0.0000 0.7303
vn -0.7874 0.2462 0.5651
vn -0.8125 -0.0000 0.5830
vn -0.8826 0.2462 0.4006
vn -0.9106 -0.0000 0.4133
vn -0.9438 0.2462 0.2207
vn -0.9737 -0.0000 0.2277
vn -0.9687 0.2462 0.0324
vn -0.9994 -0.0000 0.0334
vn -0.9564 0.2462 -0.1572
vn -0.9868 -0.0000 -0.1622
vn -0.9073 0.2462 -0.3408
vn -0.9361 -0.0000 -0.3516
vn -0.8234 0.2462 -0.5113
vn -0.8496 -0.0000 -0.5275
vn -0.7078 0.2462 -0.6621
vn -0.7303 -0.0000 -0.6831
vn -0.5651 0.2462 -0.7874
vn -0.5830 -0.0000 -0.8125
vn -0.4006 0.2462 -0.8826
vn -0.4133 -0.0000 -0.9106
vn -0.2207 0.2462 -0.9438
vn -0.2277 -0.0000 -0.9737
vn -0.0324 0.2462 -0.9687
vn -0.0334 -0.0000 -0.9994
vn 0.1572 0.2462 -0.9564
vn 0.1622 -0.0000 -0.9868
vn 0.3408 0.2462 -0.9073
vn 0.3516 -0.0000 -0.9361
vn 0.5113 0.2462 -0.8234
vn 0.5275 -0.0000 -0.8496
vn 0.6621 0.2462 -0.7078
vn 0.6831 -0.0000 -0.7303
vn 0.7874 0.2462 -0.5651
vn 0.8125 -0.0000 -0.5830
vn 0.8826 0.2462 -0.4006
vn 0.9106 -0.0000 -0.4133
vn 0.1601 0.1611 -0.9739
vn 0.3470 0.1611 -0.9239
vn -0.3423 -0.2288 0.9113
vn -0.1579 -0.2288 0.9606
vn 0.9239 0.1611 0.3470
vn 0.8385 0.1611 0.5206
vn 0.7208 0.1611 0.6742
vn 0.5754 0.1611 0.8018
vn 0.4079 0.1611 0.8987
vn 0.2247 0.1611 0.9610
vn 0.0329 0.1611 0.9864
vn -0.1601 0.1611 0.9739
vn -0.3470 0.1611 0.9239
vn -0.5206 0.1611 0.8385
vn -0.6742 0.1611 0.7208
vn -0.8019 0.1611 0.5754
vn -0.8987 0.1611 0.4079
vn -0.9610 0.1611 0.2247
vn -0.9864 0.1611 0.0329
vn -0.9739 0.1611 -0.1601
vn -0.9239 0.1611 -0.3470
vn -0.8385 0.1611 -0.5206
vn -0.7208 0.1611 -0.6742
vn -0.5754 0.1611 -0.8018
vn -0.4079 0.1611 -0.8987
vn -0.2247 0.1611 -0.9610
vn -0.0329 0.1611 -0.9864
vn -0.0300 0.9913 -0.1283
vn -0.0044 0.9913 -0.1316
vn -0.0050 0.9889 -0.1488
vn -0.0339 0.9889 -0.1450
vn 0.5206 0.1611 -0.8385
vn 0.6742 0.1611 -0.7208
vn 0.8019 0.1611 -0.5754
vn 0.8987 0.1611 -0.4079
vn 0.9610 0.1611 -0.2247
vn 0.9550 0.2518 0.1570
vn 0.9672 0.2518 -0.0323
vn 0.9864 0.1611 -0.0329
vn 0.9739 0.1611 0.1601
vn -0.0463 0.9913 0.1233
vn -0.0695 0.9913 0.1119
vn -0.0785 0.9889 0.1265
vn -0.0524 0.9889 0.1394
vn 0.0214 0.9913 -0.1300
vn 0.0242 0.9889 -0.1469
vn -0.0900 0.9913 0.0962
vn -0.1017 0.9889 0.1087
vn 0.0463 0.9913 -0.1233
vn 0.0524 0.9889 -0.1394
vn -0.1070 0.9913 0.0768
vn -0.1210 0.9889 0.0868
vn 0.0695 0.9913 -0.1119
vn 0.0785 0.9889 -0.1265
vn -0.1199 0.9913 0.0544
vn -0.1356 0.9889 0.0615
vn 0.1316 0.9913 -0.0044
vn 0.1300 0.9913 0.0214
vn 0.1469 0.9889 0.0242
vn 0.1488 0.9889 -0.0050
vn 0.0900 0.9913 -0.0962
vn 0.1017 0.9889 -0.1087
vn -0.1283 0.9913 0.0300
vn -0.1450 0.9889 0.0339
vn 0.1233 0.9913 0.0463
vn 0.1394 0.9889 0.0524
vn 0.1070 0.9913 -0.0768
vn 0.1210 0.9889 -0.0868
vn -0.1316 0.9913 0.0044
vn -0.1488 0.9889 0.0050
vn 0.1119 0.9913 0.0695
vn 0.1265 0.9889 0.0785
vn 0.1199 0.9913 -0.0544
vn 0.1356 0.9889 -0.0615
vn -0.1300 0.9913 -0.0214
vn -0.1469 0.9889 -0.0242
vn 0.0962 0.9913 0.0900
vn 0.1087 0.9889 0.1017
vn 0.1283 0.9913 -0.0300
vn 0.1450 0.9889 -0.0339
vn -0.1233 0.9913 -0.0463
vn -0.1394 0.9889 -0.0524
vn 0.0768 0.9913 0.1070
vn 0.0868 0.9889 0.1210
vn -0.1119 0.9913 -0.0695
vn -0.1265 0.9889 -0.0785
vn 0.0544 0.9913 0.1199
vn 0.0615 0.9889 0.1356
vn -0.0962 0.9913 -0.0900
vn -0.1087 0.9889 -0.1017
vn 0.0300 0.9913 0.1283
vn 0.0339 0.9889 0.1450
vn -0.0768 0.9913 -0.1070
vn -0.0868 0.9889 -0.1210
vn 0.0044 0.9913 0.1316
vn 0.0050 0.9889 0.1488
vn -0.0544 0.9913 -0.1199
vn -0.0615 0.9889 -0.1356
vn -0.0214 0.9913 0.1300
vn -0.0242 0.9889 0.1469
vn -0.0000 -1.0000 -0.0000
vn -0.4023 -0.2288 -0.8864
vn -0.2217 -0.2288 -0.9479
vn -0.2214 -0.2336 -0.9468
vn -0.4019 -0.2336 -0.8854
vn -0.0325 -0.2288 -0.9729
vn -0.5135 -0.2288 0.8270
vn 0.1579 -0.2288 -0.9606
vn -0.6650 -0.2288 0.7109
vn 0.3423 -0.2288 -0.9113
vn -0.7909 -0.2288 0.5676
vn 0.5135 -0.2288 -0.8270
vn -0.8864 -0.2288 0.4023
vn 0.9606 -0.2288 0.1579
vn 0.9729 -0.2288 -0.0325
vn 0.6650 -0.2288 -0.7109
vn -0.9479 -0.2288 0.2217
vn 0.9113 -0.2288 0.3423
vn 0.7909 -0.2288 -0.5676
vn -0.9729 -0.2288 0.0325
vn 0.8270 -0.2288 0.5135
vn 0.8864 -0.2288 -0.4023
vn -0.9606 -0.2288 -0.1579
vn 0.7109 -0.2288 0.6650
vn 0.9479 -0.2288 -0.2217
vn -0.9113 -0.2288 -0.3423
vn 0.5676 -0.2288 0.7909
vn -0.8270 -0.2288 -0.5135
vn 0.4023 -0.2288 0.8864
vn -0.7109 -0.2288 -0.6650
vn 0.2217 -0.2288 0.9479
vn -0.5676 -0.2288 -0.7909
vn 0.0325 -0.2288 0.9729
vn 0.1578 -0.2336 -0.9594
vn 0.3419 -0.2336 -0.9102
vn -0.3419 -0.2336 0.9102
vn -0.1578 -0.2336 0.9594
vn -0.0325 -0.2336 -0.9718
vn -0.5129 -0.2336 0.8260
vn -0.6642 -0.2336 0.7101
vn -0.7900 -0.2336 0.5669
vn 0.5129 -0.2336 -0.8260
vn -0.8854 -0.2336 0.4019
vn 0.9594 -0.2336 0.1578
vn 0.9718 -0.2336 -0.0325
vn 0.6642 -0.2336 -0.7101
vn -0.9468 -0.2336 0.2214
vn 0.9102 -0.2336 0.3419
vn 0.7900 -0.2336 -0.5669
vn -0.9718 -0.2336 0.0325
vn 0.8260 -0.2336 0.5129
vn 0.8854 -0.2336 -0.4019
vn -0.9594 -0.2336 -0.1578
vn 0.7101 -0.2336 0.6642
vn 0.9468 -0.2336 -0.2214
vn -0.9102 -0.2336 -0.3419
vn 0.5669 -0.2336 0.7900
vn -0.8260 -0.2336 -0.5129
vn 0.4019 -0.2336 0.8854
vn -0.7101 -0.2336 -0.6642
vn 0.2214 -0.2336 0.9468
vn -0.5669 -0.2336 -0.7900
vn 0.0325 -0.2336 0.9718
vn 0.8817 0.4709 -0.0294
vn 0.8705 0.4709 0.1431
vn 0.2784 0.9594 0.0458
vn 0.2820 0.9594 -0.0094
vn 0.8259 0.4709 0.3102
vn 0.2641 0.9594 0.0992
vn 0.7495 0.4709 0.4654
vn 0.2397 0.9594 0.1488
vn 0.6443 0.4709 0.6026
vn 0.2061 0.9594 0.1927
vn 0.5143 0.4709 0.7168
vn 0.1645 0.9594 0.2292
vn 0.3646 0.4709 0.8033
vn 0.1166 0.9594 0.2569
vn 0.2009 0.4709 0.8590
vn 0.0643 0.9594 0.2747
vn 0.0294 0.4709 0.8817
vn 0.0094 0.9594 0.2820
vn -0.1431 0.4709 0.8705
vn -0.0458 0.9594 0.2784
vn -0.3102 0.4709 0.8259
vn -0.0992 0.9594 0.2641
vn -0.4654 0.4709 0.7495
vn -0.1488 0.9594 0.2397
vn -0.6026 0.4709 0.6443
vn -0.1927 0.9594 0.2061
vn -0.7168 0.4709 0.5143
vn -0.2292 0.9594 0.1645
vn -0.8033 0.4709 0.3646
vn -0.2569 0.9594 0.1166
vn -0.8590 0.4709 0.2009
vn -0.2747 0.9594 0.0643
vn -0.8817 0.4709 0.0294
vn -0.2820 0.9594 0.0094
vn -0.8705 0.4709 -0.1431
vn -0.2784 0.9594 -0.0458
vn -0.8259 0.4709 -0.3102
vn -0.2641 0.9594 -0.0992
vn -0.7495 0.4709 -0.4654
vn -0.2397 0.9594 -0.1488
vn -0.6443 0.4709 -0.6026
vn -0.2061 0.9594 -0.1927
vn -0.5143 0.4709 -0.7168
vn -0.1645 0.9594 -0.2292
vn -0.3646 0.4709 -0.8033
vn -0.1166 0.9594 -0.2569
vn -0.2009 0.4709 -0.8590
vn -0.0643 0.9594 -0.2747
vn -0.0294 0.4709 -0.8817
vn -0.0094 0.9594 -0.2820
vn 0.1431 0.4709 -0.8705
vn 0.0458 0.9594 -0.2784
vn 0.3102 0.4709 -0.8259
vn 0.0992 0.9594 -0.2641
vn 0.4654 0.4709 -0.7495
vn 0.1488 0.9594 -0.2397
vn 0.6026 0.4709 -0.6443
vn 0.1927 0.9594 -0.2061
vn 0.7168 0.4709 -0.5143
vn 0.2292 0.9594 -0.1645
vn 0.8033 0.4709 -0.3646
vn 0.2569 0.9594 -0.1166
vn 0.8590 0.4709 -0.2009
vn 0.2747 0.9594 -0.0643
vn 0.9060 0.2518 0.3403
vn 0.8222 0.2518 0.5105
vn 0.7068 0.2518 0.6611
vn 0.5642 0.2518 0.7863
vn 0.4000 0.2518 0.8813
vn 0.2204 0.2518 0.9424
vn 0.0323 0.2518 0.9672
vn -0.1570 0.2518 0.9550
vn -0.3403 0.2518 0.9060
vn -0.5105 0.2518 0.8222
vn -0.6611 0.2518 0.7068
vn -0.7863 0.2518 0.5642
vn -0.8813 0.2518 0.4000
vn -0.9424 0.2518 0.2204
vn -0.9672 0.2518 0.0323
vn -0.9550 0.2518 -0.1570
vn -0.9060 0.2518 -0.3403
vn -0.8222 0.2518 -0.5105
vn -0.7068 0.2518 -0.6611
vn -0.5642 0.2518 -0.7863
vn -0.4000 0.2518 -0.8813
vn -0.2204 0.2518 -0.9424
vn -0.0323 0.2518 -0.9672
vn 0.1570 0.2518 -0.9550
vn 0.3403 0.2518 -0.9060
vn 0.5105 0.2518 -0.8222
vn 0.6611 0.2518 -0.7068
vn 0.7863 0.2518 -0.5642
vn 0.8813 0.2518 -0.4000
vn 0.9424 0.2518 -0.2204
vn 0.0946 0.9954 0.0156
vn 0.0958 0.9954 -0.0032
vn 0.0933 0.9954 -0.0218
vn 0.0873 0.9954 -0.0396
vn 0.0779 0.9954 -0.0559
vn 0.0655 0.9954 -0.0700
vn 0.0506 0.9954 -0.0814
vn 0.0337 0.9954 -0.0897
vn 0.0156 0.9954 -0.0946
vn -0.0032 0.9954 -0.0958
vn -0.0218 0.9954 -0.0933
vn -0.0396 0.9954 -0.0873
vn -0.0559 0.9954 -0.0779
vn -0.0700 0.9954 -0.0655
vn -0.0814 0.9954 -0.0506
vn -0.0897 0.9954 -0.0337
vn -0.0946 0.9954 -0.0156
vn -0.0958 0.9954 0.0032
vn -0.0933 0.9954 0.0218
vn -0.0873 0.9954 0.0396
vn -0.0779 0.9954 0.0559
vn -0.0655 0.9954 0.0700
vn -0.0506 0.9954 0.0814
vn -0.0337 0.9954 0.0897
vn -0.0156 0.9954 0.0946
vn 0.0032 0.9954 0.0958
vn 0.0218 0.9954 0.0933
vn 0.0396 0.9954 0.0873
vn 0.0559 0.9954 0.0779
vn 0.0700 0.9954 0.0655
vn 0.0814 0.9954 0.0506
vn 0.0897 0.9954 0.0337
vn 0.9480 0.3167 -0.0317
vn 0.9359 0.3167 0.1539
vn 0.5881 0.8030 0.0967
vn 0.5957 0.8030 -0.0199
vn 0.1786 0.9835 0.0294
vn 0.1809 0.9835 -0.0060
vn 0.8879 0.3167 0.3335
vn 0.5580 0.8030 0.2096
vn 0.1694 0.9835 0.0636
vn 0.8058 0.3167 0.5003
vn 0.5064 0.8030 0.3144
vn 0.1537 0.9835 0.0955
vn 0.6927 0.3167 0.6479
vn 0.4353 0.8030 0.4072
vn 0.1322 0.9835 0.1236
vn 0.5530 0.3168 0.7706
vn 0.3475 0.8030 0.4843
vn 0.1055 0.9835 0.1470
vn 0.3920 0.3167 0.8637
vn 0.2464 0.8030 0.5427
vn 0.0748 0.9835 0.1648
vn 0.2160 0.3167 0.9236
vn 0.1357 0.8029 0.5804
vn 0.1357 0.8030 0.5804
vn 0.0412 0.9835 0.1762
vn 0.0317 0.3167 0.9480
vn 0.0199 0.8029 0.5957
vn 0.0060 0.9835 0.1809
vn -0.1539 0.3167 0.9359
vn -0.0967 0.8029 0.5881
vn -0.0967 0.8030 0.5881
vn -0.0294 0.9835 0.1786
vn -0.3335 0.3167 0.8879
vn -0.2096 0.8030 0.5580
vn -0.0636 0.9835 0.1694
vn -0.5003 0.3168 0.8058
vn -0.3144 0.8029 0.5064
vn -0.0955 0.9835 0.1537
vn -0.6479 0.3168 0.6927
vn -0.4072 0.8030 0.4353
vn -0.1236 0.9835 0.1322
vn -0.7706 0.3167 0.5530
vn -0.4843 0.8030 0.3475
vn -0.1470 0.9835 0.1055
vn -0.8637 0.3167 0.3920
vn -0.5428 0.8030 0.2464
vn -0.1648 0.9835 0.0748
vn -0.9236 0.3167 0.2160
vn -0.5804 0.8030 0.1357
vn -0.1762 0.9835 0.0412
vn -0.9480 0.3167 0.0317
vn -0.5957 0.8030 0.0199
vn -0.1809 0.9835 0.0060
vn -0.9359 0.3167 -0.1539
vn -0.5881 0.8030 -0.0967
vn -0.1786 0.9835 -0.0294
vn -0.8879 0.3167 -0.3335
vn -0.5580 0.8030 -0.2096
vn -0.1694 0.9835 -0.0636
vn -0.8058 0.3167 -0.5003
vn -0.5064 0.8030 -0.3144
vn -0.1537 0.9835 -0.0955
vn -0.6927 0.3167 -0.6479
vn -0.4353 0.8030 -0.4072
vn -0.1322 0.9835 -0.1236
vn -0.5530 0.3168 -0.7706
vn -0.3475 0.8030 -0.4843
vn -0.1055 0.9835 -0.1470
vn -0.3920 0.3167 -0.8637
vn -0.2464 0.8030 -0.5427
vn -0.0748 0.9835 -0.1648
vn -0.2160 0.3167 -0.9236
vn -0.1357 0.8029 -0.5804
vn -0.1357 0.8030 -0.5804
vn -0.0412 0.9835 -0.1762
vn -0.0317 0.3167 -0.9480
vn -0.0199 0.8029 -0.5957
vn -0.0060 0.9835 -0.1809
vn 0.1539 0.3167 -0.9359
vn 0.0967 0.8029 -0.5881
vn 0.0967 0.8030 -0.5881
vn 0.0294 0.9835 -0.1786
vn 0.3335 0.3167 -0.8879
vn 0.2096 0.8030 -0.5580
vn 0.0636 0.9835 -0.1694
vn 0.5003 0.3168 -0.8058
vn 0.3144 0.8030 -0.5064
vn 0.0955 0.9835 -0.1537
vn 0.6479 0.3168 -0.6927
vn 0.4072 0.8030 -0.4353
vn 0.1236 0.9835 -0.1322
vn 0.7706 0.3167 -0.5530
vn 0.4843 0.8030 -0.3475
vn 0.1470 0.9835 -0.1055
vn 0.8637 0.3167 -0.3920
vn 0.5428 0.8030 -0.2464
vn 0.1648 0.9835 -0.0748
vn 0.9236 0.3167 -0.2160
vn 0.5804 0.8030 -0.1357
vn 0.1762 0.9835 -0.0412
vn -0.0647 -0.0000 0.9979
vn -0.0000 1.0000 -0.0000
vn 0.1131 0.9936 -0.0038
vn 0.1201 0.9928 -0.0040
vn -0.1131 0.9936 0.0038
vn -0.1201 0.9928 0.0040
vn 0.1312 -0.0000 0.9914
vn -0.9685 0.2470 0.0323
vn -0.8605 0.5086 0.0287
vn -0.8533 0.5206 0.0285
vn -0.6968 0.7169 0.0233
vn -0.2342 0.9721 0.0078
vn 0.9685 0.2470 -0.0323
vn 0.8533 0.5206 -0.0285
vn 0.8605 0.5086 -0.0287
vn 0.6968 0.7169 -0.0233
vn 0.2342 0.9721 -0.0078
vn 0.2342 -0.9721 -0.0078
vn 0.6968 -0.7169 -0.0233
vn 0.8533 -0.5206 -0.0285
vn 0.8605 -0.5086 -0.0287
vn 0.9685 -0.2470 -0.0323
vn -0.9685 -0.2470 0.0323
vn -0.8533 -0.5206 0.0285
vn -0.8605 -0.5086 0.0287
vn -0.6968 -0.7169 0.0233
vn -0.2342 -0.9721 0.0078
vt 0.968750 0.500000
vt 0.968750 0.994139
vt 0.937500 0.994139
vt 0.937500 0.500000
vt 0.031250 0.500000
vt 0.031250 0.994139
vt 0.000000 0.994139
vt 0.000000 0.500000
vt 0.906250 0.500000
vt 0.906250 0.994139
vt 0.875000 0.994139
vt 0.875000 0.500000
vt 0.875000 0.994139
vt 0.843750 0.994139
vt 0.843750 0.500000
vt 0.812500 0.994139
vt 0.812500 0.500000
vt 0.781250 0.994139
vt 0.781250 0.500000
vt 0.750000 0.994139
vt 0.750000 0.500000
vt 0.718750 0.994139
vt 0.718750 0.500000
vt 0.687500 0.994139
vt 0.687500 0.500000
vt 0.656250 0.994139
vt 0.656250 0.500000
vt 0.656250 0.994139
vt 0.625000 0.994139
vt 0.625000 0.500000
vt 0.625000 0.994139
vt 0.593750 0.994139
vt 0.593750 0.500000
vt 0.562500 0.994139
vt 0.562500 0.500000
vt 0.531250 0.994139
vt 0.531250 0.500000
vt 0.500000 0.994139
vt 0.500000 0.500000
vt 0.468750 0.994139
vt 0.468750 0.500000
vt 0.437500 0.994139
vt 0.437500 0.500000
vt 0.406250 0.994139
vt 0.406250 0.500000
vt 0.406250 0.994139
vt 0.375000 0.994139
vt 0.375000 0.500000
vt 0.375000 0.994139
vt 0.343750 0.994139
vt 0.343750 0.500000
vt 0.312500 0.994139
vt 0.312500 0.500000
vt 0.281250 0.994139
vt 0.281250 0.500000
vt 0.250000 0.994139
vt 0.250000 0.500000
vt 0.218750 0.994139
vt 0.218750 0.500000
vt 0.187500 0.994139
vt 0.187500 0.500000
vt 0.156250 0.994139
vt 0.156250 0.500000
vt 0.156250 0.994139
vt 0.125000 0.994139
vt 0.125000 0.500000
vt 0.125000 0.994139
vt 0.093750 0.994139
vt 0.093750 0.500000
vt 0.062500 0.994139
vt 0.062500 0.500000
vt 0.041372 0.336417
vt 0.028521 0.294055
vt 0.028521 0.294055
vt 0.041372 0.336417
vt 0.906250 0.994139
vt 0.915175 0.217145
vt 0.905591 0.185552
vt 0.375458 0.437761
vt 0.336417 0.458628
vt 0.336417 0.458628
vt 0.409677 0.409677
vt 0.437761 0.375458
vt 0.437761 0.375458
vt 0.458628 0.336417
vt 0.458628 0.336417
vt 0.471479 0.294055
vt 0.471479 0.294055
vt 0.475818 0.250000
vt 0.475818 0.250000
vt 0.471479 0.205945
vt 0.471479 0.205945
vt 0.458628 0.163583
vt 0.458628 0.163583
vt 0.437761 0.124542
vt 0.437761 0.124542
vt 0.409677 0.090323
vt 0.375458 0.062239
vt 0.336417 0.041372
vt 0.336417 0.041372
vt 0.294055 0.028521
vt 0.250000 0.024182
vt 0.250000 0.024182
vt 0.205945 0.028521
vt 0.205945 0.028521
vt 0.163583 0.041372
vt 0.163583 0.041372
vt 0.124542 0.062239
vt 0.124542 0.062239
vt 0.090323 0.090323
vt 0.062239 0.124542
vt 0.041372 0.163583
vt 0.028521 0.205945
vt 0.028521 0.205945
vt 0.024182 0.250000
vt 0.024182 0.250000
vt 0.024341 0.205114
vt 0.019920 0.250000
vt 0.014262 0.250000
vt 0.018792 0.204010
vt 0.062239 0.375458
vt 0.090323 0.409677
vt 0.090323 0.409677
vt 0.124542 0.437760
vt 0.124542 0.437761
vt 0.163583 0.458628
vt 0.163583 0.458628
vt 0.205945 0.471479
vt 0.294055 0.471479
vt 0.250000 0.475818
vt 0.250000 0.475818
vt 0.294055 0.471479
vt 1.000000 0.500000
vt 1.000000 0.994139
vt 0.250000 0.475818
vt 0.462566 0.161952
vt 0.441304 0.122175
vt 0.446009 0.119031
vt 0.467793 0.159787
vt 0.024341 0.294886
vt 0.018792 0.295990
vt 0.412691 0.087309
vt 0.416692 0.083308
vt 0.037434 0.338048
vt 0.032207 0.340213
vt 0.412691 0.087309
vt 0.377825 0.058696
vt 0.380969 0.053991
vt 0.416692 0.083308
vt 0.058696 0.377825
vt 0.053991 0.380969
vt 0.338048 0.037434
vt 0.340213 0.032207
vt 0.250000 0.480080
vt 0.294886 0.475659
vt 0.295990 0.481208
vt 0.250000 0.485738
vt 0.087309 0.412691
vt 0.083308 0.416692
vt 0.294886 0.024341
vt 0.295990 0.018792
vt 0.294886 0.475659
vt 0.338048 0.462566
vt 0.340213 0.467793
vt 0.295990 0.481208
vt 0.087309 0.412691
vt 0.122175 0.441304
vt 0.119031 0.446009
vt 0.083308 0.416692
vt 0.250000 0.019920
vt 0.250000 0.014262
vt 0.295990 0.018792
vt 0.377825 0.441304
vt 0.380969 0.446009
vt 0.161952 0.462566
vt 0.159787 0.467793
vt 0.205114 0.024341
vt 0.204010 0.018792
vt 0.412691 0.412691
vt 0.416692 0.416692
vt 0.205114 0.475659
vt 0.204010 0.481208
vt 0.159787 0.467793
vt 0.161952 0.037434
vt 0.159787 0.032207
vt 0.204010 0.018792
vt 0.412691 0.412691
vt 0.441304 0.377825
vt 0.446009 0.380969
vt 0.416692 0.416692
vt 0.205114 0.475659
vt 0.204010 0.481208
vt 0.122175 0.058696
vt 0.119031 0.053991
vt 0.462566 0.338048
vt 0.467793 0.340213
vt 0.087309 0.087309
vt 0.083308 0.083308
vt 0.462566 0.338048
vt 0.475659 0.294886
vt 0.481208 0.295990
vt 0.467793 0.340213
vt 0.087309 0.087309
vt 0.058696 0.122175
vt 0.053991 0.119031
vt 0.083308 0.083308
vt 0.475659 0.294886
vt 0.480080 0.250000
vt 0.485738 0.250000
vt 0.037434 0.161952
vt 0.032207 0.159787
vt 0.475659 0.205114
vt 0.481208 0.204010
vt 0.024341 0.205114
vt 0.032207 0.159787
vt 0.475659 0.205114
vt 0.462566 0.161952
vt 0.467793 0.159787
vt 0.481208 0.204010
vt 0.782855 0.415175
vt 0.750000 0.418411
vt 0.750000 0.490000
vt 0.796822 0.485388
vt 0.814448 0.405591
vt 0.841844 0.471731
vt 0.843564 0.390029
vt 0.883337 0.449553
vt 0.869085 0.369085
vt 0.919706 0.419706
vt 0.890028 0.343564
vt 0.949553 0.383337
vt 0.905592 0.314448
vt 0.971731 0.341844
vt 0.915175 0.282855
vt 0.985388 0.296822
vt 0.918411 0.250000
vt 0.990000 0.250000
vt 0.985388 0.203178
vt 0.971731 0.158156
vt 0.890028 0.156436
vt 0.949553 0.116663
vt 0.869084 0.130916
vt 0.919706 0.080294
vt 0.843564 0.109971
vt 0.883337 0.050447
vt 0.814448 0.094409
vt 0.841844 0.028269
vt 0.782855 0.084825
vt 0.796822 0.014612
vt 0.750000 0.081589
vt 0.750000 0.010000
vt 0.717145 0.084825
vt 0.703178 0.014612
vt 0.685552 0.094409
vt 0.658156 0.028269
vt 0.656436 0.109971
vt 0.616663 0.050447
vt 0.630916 0.130916
vt 0.580294 0.080294
vt 0.609972 0.156436
vt 0.550447 0.116663
vt 0.594409 0.185552
vt 0.528269 0.158156
vt 0.584825 0.217145
vt 0.514612 0.203178
vt 0.581589 0.250000
vt 0.510000 0.250000
vt 0.584825 0.282855
vt 0.514612 0.296822
vt 0.594409 0.314448
vt 0.528269 0.341844
vt 0.609971 0.343564
vt 0.550447 0.383337
vt 0.630916 0.369084
vt 0.580294 0.419706
vt 0.656436 0.390029
vt 0.616663 0.449553
vt 0.685552 0.405591
vt 0.658156 0.471731
vt 0.717145 0.415175
vt 0.703178 0.485388
vt 0.999921 1.000000
vt 0.968829 1.000000
vt 0.296704 0.485400
vt 0.250118 0.489988
vt 0.968671 1.000000
vt 0.937579 1.000000
vt 0.341731 0.471765
vt 0.296935 0.485354
vt 0.937421 1.000000
vt 0.906329 1.000000
vt 0.383232 0.449609
vt 0.341949 0.471675
vt 0.906171 1.000000
vt 0.875079 1.000000
vt 0.419614 0.419781
vt 0.383428 0.449478
vt 0.874921 1.000000
vt 0.843829 1.000000
vt 0.449477 0.383428
vt 0.419781 0.419614
vt 0.843671 1.000000
vt 0.812579 1.000000
vt 0.471675 0.341949
vt 0.449609 0.383232
vt 0.812421 1.000000
vt 0.781329 1.000000
vt 0.485354 0.296935
vt 0.471765 0.341731
vt 0.781171 1.000000
vt 0.750079 1.000000
vt 0.489988 0.250118
vt 0.485400 0.296704
vt 0.749921 1.000000
vt 0.718829 1.000000
vt 0.485400 0.203296
vt 0.489988 0.249882
vt 0.718671 1.000000
vt 0.687579 1.000000
vt 0.471765 0.158269
vt 0.485354 0.203065
vt 0.687421 1.000000
vt 0.656329 1.000000
vt 0.449609 0.116768
vt 0.471675 0.158051
vt 0.656171 1.000000
vt 0.625079 1.000000
vt 0.419781 0.080386
vt 0.449478 0.116572
vt 0.624921 1.000000
vt 0.593829 1.000000
vt 0.383428 0.050523
vt 0.419614 0.080219
vt 0.593671 1.000000
vt 0.562579 1.000000
vt 0.341949 0.028325
vt 0.383232 0.050391
vt 0.562421 1.000000
vt 0.531329 1.000000
vt 0.296935 0.014646
vt 0.341731 0.028235
vt 0.531171 1.000000
vt 0.500079 1.000000
vt 0.250118 0.010012
vt 0.296704 0.014600
vt 0.499921 1.000000
vt 0.468829 1.000000
vt 0.203296 0.014600
vt 0.249882 0.010012
vt 0.468671 1.000000
vt 0.437579 1.000000
vt 0.158269 0.028235
vt 0.203065 0.014646
vt 0.437421 1.000000
vt 0.406329 1.000000
vt 0.116768 0.050391
vt 0.158051 0.028325
vt 0.406171 1.000000
vt 0.375079 1.000000
vt 0.080386 0.080219
vt 0.116572 0.050523
vt 0.374921 1.000000
vt 0.343829 1.000000
vt 0.050523 0.116572
vt 0.080219 0.080386
vt 0.343671 1.000000
vt 0.312579 1.000000
vt 0.028325 0.158051
vt 0.050391 0.116768
vt 0.312421 1.000000
vt 0.281329 1.000000
vt 0.014646 0.203065
vt 0.028235 0.158269
vt 0.281171 1.000000
vt 0.250079 1.000000
vt 0.010012 0.249882
vt 0.014600 0.203296
vt 0.249921 1.000000
vt 0.218829 1.000000
vt 0.014600 0.296704
vt 0.010012 0.250118
vt 0.218671 1.000000
vt 0.187579 1.000000
vt 0.028235 0.341731
vt 0.014646 0.296935
vt 0.187421 1.000000
vt 0.156329 1.000000
vt 0.050391 0.383232
vt 0.028325 0.341949
vt 0.156171 1.000000
vt 0.125079 1.000000
vt 0.080219 0.419614
vt 0.050523 0.383428
vt 0.124921 1.000000
vt 0.093829 1.000000
vt 0.116572 0.449477
vt 0.080386 0.419781
vt 0.093671 1.000000
vt 0.062579 1.000000
vt 0.158051 0.471675
vt 0.116768 0.449609
vt 0.062421 1.000000
vt 0.031329 1.000000
vt 0.203065 0.485354
vt 0.158269 0.471765
vt 0.031171 1.000000
vt 0.000079 1.000000
vt 0.249882 0.489988
vt 0.203296 0.485400
vt 0.294055 0.471479
vt 0.336417 0.458628
vt 0.375458 0.437761
vt 0.409677 0.409677
vt 0.437761 0.375458
vt 0.458628 0.336417
vt 0.471479 0.294055
vt 0.475818 0.250000
vt 0.471479 0.205945
vt 0.437761 0.124542
vt 0.409677 0.090323
vt 0.375458 0.062239
vt 0.294055 0.028521
vt 0.205945 0.028521
vt 0.124542 0.062239
vt 0.062239 0.124542
vt 0.028521 0.205945
vt 0.028521 0.294055
vt 0.041372 0.336417
vt 0.062239 0.375458
vt 0.090323 0.409677
vt 0.163583 0.458628
vt 0.205945 0.471479
vt 0.291999 0.461144
vt 0.250000 0.465281
vt 0.208001 0.461144
vt 0.167616 0.448893
vt 0.130396 0.429000
vt 0.097774 0.402226
vt 0.071001 0.369604
vt 0.051107 0.332384
vt 0.038856 0.291999
vt 0.034719 0.250000
vt 0.038856 0.208001
vt 0.051107 0.167616
vt 0.071001 0.130397
vt 0.097774 0.097774
vt 0.130396 0.071001
vt 0.167616 0.051107
vt 0.208001 0.038856
vt 0.250000 0.034719
vt 0.291999 0.038856
vt 0.332384 0.051107
vt 0.369604 0.071001
vt 0.402226 0.097774
vt 0.428999 0.130396
vt 0.448893 0.167616
vt 0.461144 0.208001
vt 0.465281 0.250000
vt 0.461144 0.291999
vt 0.448893 0.332384
vt 0.428999 0.369604
vt 0.402226 0.402226
vt 0.369604 0.428999
vt 0.332384 0.448893
vt 0.250000 0.475805
vt 0.294052 0.471466
vt 0.250000 0.470612
vt 0.293039 0.466373
vt 0.336412 0.458616
vt 0.334425 0.453819
vt 0.375451 0.437750
vt 0.372566 0.433432
vt 0.409668 0.409668
vt 0.405996 0.405996
vt 0.437750 0.375450
vt 0.433432 0.372565
vt 0.458617 0.336412
vt 0.453819 0.334425
vt 0.471466 0.294052
vt 0.466373 0.293039
vt 0.475805 0.250000
vt 0.470612 0.250000
vt 0.471466 0.205948
vt 0.466373 0.206961
vt 0.458617 0.163588
vt 0.453819 0.165575
vt 0.437750 0.124549
vt 0.433432 0.127434
vt 0.409668 0.090332
vt 0.405996 0.094004
vt 0.375450 0.062250
vt 0.372565 0.066568
vt 0.336412 0.041383
vt 0.334425 0.046181
vt 0.294052 0.028534
vt 0.293039 0.033627
vt 0.250000 0.024195
vt 0.250000 0.029388
vt 0.205948 0.028534
vt 0.206961 0.033627
vt 0.163588 0.041383
vt 0.165575 0.046181
vt 0.124549 0.062250
vt 0.127434 0.066568
vt 0.090332 0.090332
vt 0.094004 0.094004
vt 0.062250 0.124549
vt 0.066568 0.127434
vt 0.041383 0.163588
vt 0.046181 0.165575
vt 0.028534 0.205948
vt 0.033627 0.206961
vt 0.024195 0.250000
vt 0.029388 0.250000
vt 0.028534 0.294052
vt 0.033627 0.293039
vt 0.041383 0.336412
vt 0.046181 0.334425
vt 0.062250 0.375450
vt 0.066568 0.372565
vt 0.090332 0.409668
vt 0.094004 0.405996
vt 0.124549 0.437750
vt 0.127434 0.433432
vt 0.163588 0.458617
vt 0.165575 0.453819
vt 0.205948 0.471466
vt 0.206961 0.466373
vt 0.163583 0.458628
vt 0.124542 0.437760
vt 0.028521 0.294055
vt 0.028521 0.205945
vt 0.294055 0.028521
vt 0.409677 0.090323
vt 0.471479 0.205945
vt 0.471480 0.205954
vt 0.471479 0.294055
vt 0.458628 0.336417
vt 0.472250 0.286225
vt 0.471479 0.294046
vt 0.471479 0.294046
vt 0.471480 0.205954
vt 0.472250 0.213775
vt 0.471479 0.205954
vt 0.471480 0.294046
vt 0.474012 0.231671
vt 0.472697 0.218319
vt 0.472250 0.213775
vt 0.472250 0.213775
vt 0.472250 0.286225
vt 0.472250 0.286225
vt 0.474012 0.268329
vt 0.472697 0.281681
vt 0.472250 0.286225
vt 0.472399 0.284710
vt 0.474012 0.268329
vt 0.472399 0.215290
vt 0.474012 0.231671
vt 0.472399 0.215290
vt 0.472250 0.286225
vt 0.474012 0.268329
vt 0.472250 0.213775
s 1
usemtl Material.004
f 1374/1752/1253 1598/1753/1254 1604/1754/1255 1375/1755/1256
f 1404/1756/1257 1691/1757/1258 1600/1758/1259 1373/1759/1260
f 1376/1760/1261 1607/1761/1262 1610/1762/1263 1377/1763/1264
f 1377/1763/1264 1610/1764/1263 1613/1765/1265 1378/1766/1266
f 1378/1766/1266 1613/1765/1265 1616/1767/1267 1379/1768/1268
f 1379/1768/1268 1616/1767/1267 1619/1769/1269 1380/1770/1270
f 1380/1770/1270 1619/1769/1269 1622/1771/1271 1381/1772/1272
f 1381/1772/1272 1622/1771/1271 1625/1773/1273 1382/1774/1274
f 1382/1774/1274 1625/1773/1273 1628/1775/1275 1383/1776/1276
f 1383/1776/1276 1628/1775/1275 1631/1777/1277 1384/1778/1278
f 1384/1778/1278 1631/1779/1277 1634/1780/1279 1385/1781/1280
f 1385/1781/1280 1634/1782/1279 1637/1783/1281 1386/1784/1282
f 1386/1784/1282 1637/1783/1281 1640/1785/1283 1387/1786/1284
f 1387/1786/1284 1640/1785/1283 1643/1787/1285 1388/1788/1286
f 1388/1788/1286 1643/1787/1285 1646/1789/1287 1389/1790/1288
f 1389/1790/1288 1646/1789/1287 1649/1791/1289 1390/1792/1290
f 1390/1792/1290 1649/1791/1289 1652/1793/1291 1391/1794/1292
f 1391/1794/1292 1652/1793/1291 1655/1795/1293 1392/1796/1294
f 1392/1796/1294 1655/1797/1293 1658/1798/1295 1393/1799/1296
f 1393/1799/1296 1658/1800/1295 1661/1801/1297 1394/1802/1298
f 1394/1802/1298 1661/1801/1297 1664/1803/1299 1395/1804/1300
f 1395/1804/1300 1664/1803/1299 1667/1805/1301 1396/1806/1302
f 1396/1806/1302 1667/1805/1301 1670/1807/1303 1397/1808/1304
f 1397/1808/1304 1670/1807/1303 1673/1809/1305 1398/1810/1306
f 1398/1810/1306 1673/1809/1305 1676/1811/1307 1399/1812/1308
f 1399/1812/1308 1676/1811/1307 1679/1813/1309 1400/1814/1310
f 1400/1814/1310 1679/1815/1309 1682/1816/1311 1401/1817/1312
f 1401/1817/1312 1682/1818/1311 1685/1819/1313 1402/1820/1314
f 1402/1820/1314 1685/1819/1313 1688/1821/1315 1403/1822/1316
f 1403/1822/1316 1688/1821/1315 1691/1757/1258 1404/1756/1257
f 1843/1823/1308 1841/1824/1306 1794/1825/1317 1798/1826/1318
f 1375/1755/1256 1604/1754/1255 1607/1827/1262 1376/1760/1261
f 1322/1828/1274 1323/1829/1276 1415/1829/1319 1414/1828/1320
f 1364/1830/1261 1368/1831/1256 1702/1832/1321 1706/1830/1322
f 1362/1833/1264 1364/1830/1261 1706/1830/1322 1710/1833/1323
f 1360/1834/1266 1362/1833/1264 1710/1833/1323 1714/1835/1324
f 1358/1836/1268 1360/1834/1266 1714/1835/1324 1718/1837/1325
f 1855/1838/1270 1358/1836/1268 1718/1837/1325 1722/1839/1326
f 1858/1840/1272 1855/1838/1270 1722/1839/1326 1726/1841/1327
f 1853/1842/1274 1858/1840/1272 1726/1841/1327 1730/1843/1328
f 1354/1844/1276 1853/1842/1274 1730/1843/1328 1734/1845/1329
f 1352/1846/1278 1354/1844/1276 1734/1845/1329 1738/1847/1330
f 1350/1848/1280 1352/1846/1278 1738/1847/1330 1742/1848/1331
f 1348/1849/1282 1350/1848/1280 1742/1848/1331 1746/1849/1332
f 1346/1850/1284 1348/1849/1282 1746/1849/1332 1750/1851/1333
f 1821/1852/1286 1346/1850/1284 1750/1851/1333 1754/1852/1334
f 1823/1853/1288 1821/1852/1286 1754/1852/1334 1758/1854/1335
f 1825/1855/1290 1823/1853/1288 1758/1854/1335 1762/1856/1336
f 1827/1857/1292 1825/1855/1290 1762/1856/1336 1766/1858/1337
f 1829/1859/1294 1827/1857/1292 1766/1858/1337 1770/1860/1338
f 1831/1861/1296 1829/1859/1294 1770/1860/1338 1774/1861/1339
f 1833/1862/1298 1831/1861/1296 1774/1861/1339 1778/1862/1340
f 1835/1863/1300 1833/1862/1298 1778/1862/1340 1782/1863/1341
f 1837/1864/1302 1835/1863/1300 1782/1863/1341 1786/1865/1342
f 1839/1866/1304 1837/1864/1302 1786/1865/1342 1790/1867/1343
f 1571/1868/1344 1574/1869/1345 1669/1870/1346 1666/1871/1347
f 1841/1824/1306 1839/1866/1304 1790/1867/1343 1794/1825/1317
f 1845/1872/1310 1843/1823/1308 1798/1826/1318 1802/1872/1348
f 1847/1873/1312 1845/1872/1310 1802/1872/1348 1806/1874/1349
f 1849/1875/1314 1847/1873/1312 1806/1874/1349 1810/1876/1350
f 1851/1877/1316 1849/1875/1314 1810/1876/1350 1814/1878/1351
f 1365/1879/1257 1851/1877/1316 1814/1878/1351 1818/1879/1352
f 1504/1880/1353 1502/1881/1354 1370/1882/1260 1371/1883/1253
f 1373/1884/1260 1600/1885/1259 1598/1753/1254 1374/1752/1253
f 1369/1886/1260 1365/1879/1257 1818/1879/1352 1697/1886/1355
f 1368/1831/1256 1372/1880/1253 1694/1880/1356 1702/1832/1321
f 1532/1887/1357 1535/1888/1358 1630/1889/1359 1627/1890/1360
f 1574/1869/1345 1577/1891/1361 1672/1892/1362 1669/1870/1346
f 1535/1888/1358 1538/1893/1363 1633/1894/1364 1630/1889/1359
f 1577/1891/1361 1580/1895/1365 1675/1896/1366 1672/1892/1362
f 1538/1897/1363 1541/1898/1367 1636/1899/1368 1633/1900/1364
f 1580/1895/1365 1583/1901/1369 1678/1902/1370 1675/1896/1366
f 1541/1898/1367 1544/1903/1371 1639/1904/1372 1636/1899/1368
f 1501/1905/1373 1505/1906/1374 1597/1907/1375 1601/1908/1376
f 1583/1901/1369 1586/1909/1377 1681/1910/1378 1678/1902/1370
f 1544/1903/1371 1547/1911/1379 1642/1912/1380 1639/1904/1372
f 1505/1913/1374 1508/1914/1381 1603/1915/1382 1597/1916/1375
f 1586/1917/1377 1589/1918/1383 1684/1919/1384 1681/1920/1378
f 1547/1911/1379 1550/1921/1385 1645/1922/1386 1642/1923/1380
f 1508/1914/1381 1511/1924/1387 1606/1925/1388 1603/1915/1382
f 1589/1918/1383 1592/1926/1389 1687/1927/1390 1684/1919/1384
f 1550/1921/1385 1553/1928/1391 1648/1929/1392 1645/1922/1386
f 1511/1924/1387 1514/1930/1393 1609/1931/1394 1606/1925/1388
f 1592/1926/1389 1595/1932/1395 1690/1933/1396 1687/1934/1390
f 1553/1928/1391 1556/1935/1397 1651/1936/1398 1648/1937/1392
f 1514/1938/1393 1517/1939/1399 1612/1940/1400 1609/1941/1394
f 1595/1942/1395 1501/1905/1373 1601/1908/1376 1690/1943/1396
f 1556/1935/1397 1559/1944/1401 1654/1945/1402 1651/1936/1398
f 1517/1939/1399 1520/1946/1403 1615/1947/1404 1612/1940/1400
f 1559/1944/1401 1562/1948/1405 1657/1949/1406 1654/1945/1402
f 1520/1950/1403 1523/1951/1407 1618/1952/1408 1615/1953/1404
f 1562/1954/1405 1565/1955/1409 1660/1956/1410 1657/1957/1406
f 1523/1958/1407 1526/1959/1411 1621/1960/1412 1618/1952/1408
f 1565/1955/1409 1568/1961/1413 1663/1962/1414 1660/1956/1410
f 1526/1959/1411 1529/1963/1415 1624/1964/1416 1621/1960/1412
f 1568/1961/1413 1571/1965/1344 1666/1871/1347 1663/1966/1414
f 1529/1967/1415 1532/1968/1357 1627/1969/1360 1624/1970/1416
f 1314/1971/1417 1313/1972/1417 1373/1973/1417 1374/1974/1417
f 1315/1975/1417 1314/1971/1417 1374/1974/1417 1375/1976/1417
f 1316/1977/1417 1315/1975/1417 1375/1976/1417 1376/1978/1417
f 1317/1979/1417 1316/1977/1417 1376/1978/1417 1377/1980/1417
f 1318/1981/1417 1317/1979/1417 1377/1980/1417 1378/1982/1417
f 1319/1983/1417 1318/1981/1417 1378/1982/1417 1379/1984/1417
f 1320/1985/1417 1319/1983/1417 1379/1984/1417 1380/1986/1417
f 1321/1987/1417 1320/1985/1417 1380/1986/1417 1381/1988/1417
f 1322/1828/1417 1321/1987/1417 1381/1988/1417 1382/1989/1417
f 1323/1829/1417 1322/1828/1417 1382/1989/1417 1383/1990/1417
f 1324/1991/1417 1323/1829/1417 1383/1990/1417 1384/1992/1417
f 1325/1993/1417 1324/1991/1417 1384/1992/1417 1385/1994/1417
f 1326/1995/1417 1325/1993/1417 1385/1994/1417 1386/1996/1417
f 1327/1997/1417 1326/1995/1417 1386/1996/1417 1387/1998/1417
f 1328/1999/1417 1327/1997/1417 1387/1998/1417 1388/2000/1417
f 1329/2001/1417 1328/1999/1417 1388/2000/1417 1389/2002/1417
f 1330/2003/1417 1329/2001/1417 1389/2002/1417 1390/2004/1417
f 1331/2005/1417 1330/2003/1417 1390/2004/1417 1391/2006/1417
f 1332/2007/1417 1331/2005/1417 1391/2006/1417 1392/2008/1417
f 1333/2009/1417 1332/2007/1417 1392/2008/1417 1393/2010/1417
f 1334/2011/1417 1333/2009/1417 1393/2010/1417 1394/2012/1417
f 1335/2013/1417 1334/2011/1417 1394/2012/1417 1395/2014/1417
f 1336/2015/1417 1335/2013/1417 1395/2014/1417 1396/2016/1417
f 1337/2017/1417 1336/2015/1417 1396/2016/1417 1397/2018/1417
f 1338/2019/1417 1337/2017/1417 1397/2018/1417 1398/2020/1417
f 1339/2021/1417 1338/2019/1417 1398/2020/1417 1399/2022/1417
f 1340/2023/1417 1339/2021/1417 1399/2022/1417 1400/2024/1417
f 1341/2025/1417 1340/2023/1417 1400/2024/1417 1401/2026/1417
f 1342/2027/1417 1341/2025/1417 1401/2026/1417 1402/2028/1417
f 1343/2029/1417 1342/2027/1417 1402/2028/1417 1403/2030/1417
f 1344/2031/1417 1343/2029/1417 1403/2030/1417 1404/2032/1417
f 1313/1972/1417 1344/2031/1417 1404/2032/1417 1373/1973/1417
f 1336/2015/1302 1337/2017/1304 1429/2017/1422 1428/2015/1419
f 1323/1829/1276 1324/1991/1278 1416/1991/1423 1415/1829/1319
f 1337/2017/1304 1338/2019/1306 1430/2019/1424 1429/2017/1422
f 1324/1991/1278 1325/1993/1280 1417/1993/1425 1416/1991/1423
f 1338/2019/1306 1339/2021/1308 1431/2021/1426 1430/2019/1424
f 1325/1993/1280 1326/1995/1282 1418/1995/1427 1417/1993/1425
f 1339/2021/1308 1340/2023/1310 1432/2023/1428 1431/2021/1426
f 1326/1995/1282 1327/1997/1284 1419/1997/1429 1418/1995/1427
f 1313/1972/1260 1314/1971/1253 1406/1971/1430 1405/1972/1431
f 1340/2023/1310 1341/2025/1312 1433/2025/1432 1432/2023/1428
f 1327/1997/1284 1328/1999/1286 1420/1999/1433 1419/1997/1429
f 1314/1971/1253 1315/1975/1256 1407/1975/1434 1406/1971/1430
f 1341/2025/1312 1342/2027/1314 1434/2027/1435 1433/2025/1432
f 1328/1999/1286 1329/2001/1288 1421/2001/1436 1420/1999/1433
f 1315/1975/1256 1316/1977/1261 1408/1977/1437 1407/1975/1434
f 1342/2027/1314 1343/2029/1316 1435/2029/1438 1434/2027/1435
f 1329/2001/1288 1330/2003/1290 1422/2003/1439 1421/2001/1436
f 1316/1977/1261 1317/1979/1264 1409/1979/1440 1408/1977/1437
f 1343/2029/1316 1344/2031/1257 1436/2031/1441 1435/2029/1438
f 1330/2003/1290 1331/2005/1292 1423/2005/1442 1422/2003/1439
f 1317/1979/1264 1318/1981/1266 1410/1981/1443 1409/1979/1440
f 1344/2031/1257 1313/1972/1260 1405/1972/1431 1436/2031/1441
f 1331/2005/1292 1332/2007/1294 1424/2007/1444 1423/2005/1442
f 1318/1981/1266 1319/1983/1268 1411/1983/1445 1410/1981/1443
f 1332/2007/1294 1333/2009/1296 1425/2009/1446 1424/2007/1444
f 1319/1983/1268 1320/1985/1270 1412/1985/1447 1411/1983/1445
f 1333/2009/1296 1334/2011/1298 1426/2011/1448 1425/2009/1446
f 1320/1985/1270 1321/1987/1272 1413/1987/1449 1412/1985/1447
f 1334/2011/1298 1335/2013/1300 1427/2013/1418 1426/2011/1448
f 1321/1987/1272 1322/1828/1274 1414/1828/1320 1413/1987/1449
f 1335/2013/1300 1336/2015/1302 1428/2015/1419 1427/2013/1418
f 1598/1753/1254 1600/1885/1259 1602/2033/1480 1599/2034/1481
f 1599/2035/1482 1602/2036/1483 1601/1908/1376 1597/1907/1375
f 1604/1754/1255 1598/1753/1254 1599/2037/1481 1605/2038/1484
f 1605/2039/1485 1599/2040/1482 1597/1916/1375 1603/1915/1382
f 1607/1827/1262 1604/1754/1255 1605/2041/1484 1608/2042/1486
f 1608/2043/1487 1605/2044/1485 1603/1915/1382 1606/1925/1388
f 1610/1762/1263 1607/1761/1262 1608/2045/1486 1611/2046/1488
f 1611/2047/1489 1608/2048/1487 1606/1925/1388 1609/1931/1394
f 1613/1765/1265 1610/1764/1263 1611/2049/1488 1614/2050/1490
f 1614/2051/1491 1611/2052/1489 1609/1941/1394 1612/1940/1400
f 1616/1767/1267 1613/1765/1265 1614/2053/1490 1617/2054/1492
f 1617/2055/1493 1614/2056/1491 1612/1940/1400 1615/1947/1404
f 1619/1769/1269 1616/1767/1267 1617/2057/1492 1620/2058/1494
f 1620/2059/1495 1617/2060/1493 1615/1953/1404 1618/1952/1408
f 1622/1771/1271 1619/1769/1269 1620/2061/1494 1623/2062/1496
f 1623/2063/1497 1620/2064/1495 1618/1952/1408 1621/1960/1412
f 1625/1773/1273 1622/1771/1271 1623/2065/1496 1626/2066/1498
f 1626/2067/1499 1623/2068/1497 1621/1960/1412 1624/1964/1416
f 1628/1775/1275 1625/1773/1273 1626/2069/1498 1629/2070/1500
f 1629/2071/1501 1626/2072/1499 1624/1970/1416 1627/1969/1360
f 1631/1777/1277 1628/1775/1275 1629/2073/1500 1632/2074/1502
f 1632/2075/1503 1629/2076/1501 1627/1890/1360 1630/1889/1359
f 1634/1780/1279 1631/1779/1277 1632/2077/1502 1635/2078/1504
f 1635/2079/1505 1632/2080/1503 1630/1889/1359 1633/1894/1364
f 1637/1783/1281 1634/1782/1279 1635/2081/1504 1638/2082/1506
f 1638/2083/1507 1635/2084/1505 1633/1900/1364 1636/1899/1368
f 1640/1785/1283 1637/1783/1281 1638/2085/1506 1641/2086/1508
f 1641/2087/1509 1638/2088/1507 1636/1899/1368 1639/1904/1372
f 1643/1787/1285 1640/1785/1283 1641/2089/1508 1644/2090/1510
f 1644/2091/1511 1641/2092/1509 1639/1904/1372 1642/1912/1380
f 1646/1789/1287 1643/1787/1285 1644/2093/1510 1647/2094/1512
f 1647/2095/1513 1644/2096/1511 1642/1923/1380 1645/1922/1386
f 1649/1791/1289 1646/1789/1287 1647/2097/1512 1650/2098/1514
f 1650/2099/1515 1647/2100/1513 1645/1922/1386 1648/1929/1392
f 1652/1793/1291 1649/1791/1289 1650/2101/1514 1653/2102/1516
f 1653/2103/1517 1650/2104/1515 1648/1937/1392 1651/1936/1398
f 1655/1795/1293 1652/1793/1291 1653/2105/1516 1656/2106/1518
f 1656/2107/1519 1653/2108/1517 1651/1936/1398 1654/1945/1402
f 1658/1798/1295 1655/1797/1293 1656/2109/1518 1659/2110/1520
f 1659/2111/1521 1656/2112/1519 1654/1945/1402 1657/1949/1406
f 1661/1801/1297 1658/1800/1295 1659/2113/1520 1662/2114/1522
f 1662/2115/1523 1659/2116/1521 1657/1957/1406 1660/1956/1410
f 1664/1803/1299 1661/1801/1297 1662/2117/1522 1665/2118/1524
f 1665/2119/1525 1662/2120/1523 1660/1956/1410 1663/1962/1414
f 1667/1805/1301 1664/1803/1299 1665/2121/1524 1668/2122/1526
f 1668/2123/1527 1665/2124/1525 1663/1966/1414 1666/1871/1347
f 1670/1807/1303 1667/1805/1301 1668/2125/1526 1671/2126/1528
f 1671/2127/1529 1668/2128/1527 1666/1871/1347 1669/1870/1346
f 1673/1809/1305 1670/1807/1303 1671/2129/1528 1674/2130/1530
f 1674/2131/1531 1671/2132/1529 1669/1870/1346 1672/1892/1362
f 1676/1811/1307 1673/1809/1305 1674/2133/1530 1677/2134/1532
f 1677/2135/1533 1674/2136/1531 1672/1892/1362 1675/1896/1366
f 1679/1813/1309 1676/1811/1307 1677/2137/1532 1680/2138/1534
f 1680/2139/1535 1677/2140/1533 1675/1896/1366 1678/1902/1370
f 1682/1816/1311 1679/1815/1309 1680/2141/1534 1683/2142/1536
f 1683/2143/1537 1680/2144/1535 1678/1902/1370 1681/1910/1378
f 1685/1819/1313 1682/1818/1311 1683/2145/1536 1686/2146/1538
f 1686/2147/1539 1683/2148/1537 1681/1920/1378 1684/1919/1384
f 1688/1821/1315 1685/1819/1313 1686/2149/1538 1689/2150/1540
f 1689/2151/1541 1686/2152/1539 1684/1919/1384 1687/1927/1390
f 1691/1757/1258 1688/1821/1315 1689/2153/1540 1692/2154/1542
f 1692/2155/1543 1689/2156/1541 1687/1934/1390 1690/1933/1396
f 1600/1758/1259 1691/1757/1258 1692/2157/1542 1602/2158/1480
f 1602/2159/1483 1692/2160/1543 1690/1943/1396 1601/1908/1376
f 1505/1906/1374 1501/1905/1373 1503/1886/1483 1506/1880/1482
f 1506/1880/1481 1503/1886/1480 1502/1881/1354 1504/1880/1353
f 1508/1914/1381 1505/1913/1374 1506/1880/1482 1509/1832/1485
f 1509/1832/1484 1506/1880/1481 1504/2161/1353 1507/1832/1544
f 1511/1924/1387 1508/1914/1381 1509/1832/1485 1512/1830/1487
f 1512/1830/1486 1509/1832/1484 1507/2162/1544 1510/1830/1545
f 1514/1930/1393 1511/1924/1387 1512/1830/1487 1515/1833/1489
f 1515/1833/1488 1512/1830/1486 1510/2163/1545 1513/1833/1546
f 1517/1939/1399 1514/1938/1393 1515/1833/1489 1518/1835/1491
f 1518/1835/1490 1515/1833/1488 1513/2164/1546 1516/1835/1547
f 1520/1946/1403 1517/1939/1399 1518/1835/1491 1521/1837/1493
f 1521/1837/1492 1518/1835/1490 1516/2165/1547 1519/1837/1548
f 1523/1951/1407 1520/1950/1403 1521/1837/1493 1524/1839/1495
f 1524/1839/1494 1521/1837/1492 1519/2166/1548 1522/1839/1549
f 1526/1959/1411 1523/1958/1407 1524/1839/1495 1527/1841/1497
f 1527/1841/1496 1524/1839/1494 1522/2167/1549 1525/1841/1550
f 1529/1963/1415 1526/1959/1411 1527/1841/1497 1530/1843/1499
f 1530/1843/1498 1527/1841/1496 1525/2168/1550 1528/1843/1551
f 1532/1968/1357 1529/1967/1415 1530/1843/1499 1533/1845/1501
f 1533/1845/1500 1530/1843/1498 1528/2169/1551 1531/1845/1552
f 1535/1888/1358 1532/1887/1357 1533/1845/1501 1536/1847/1503
f 1536/1847/1502 1533/1845/1500 1531/1844/1552 1534/1847/1553
f 1538/1893/1363 1535/1888/1358 1536/1847/1503 1539/1848/1505
f 1539/1848/1504 1536/1847/1502 1534/2170/1553 1537/1848/1554
f 1541/1898/1367 1538/1897/1363 1539/1848/1505 1542/1849/1507
f 1542/1849/1506 1539/1848/1504 1537/2171/1554 1540/1849/1555
f 1544/1903/1371 1541/1898/1367 1542/1849/1507 1545/1851/1509
f 1545/1851/1508 1542/1849/1506 1540/2172/1555 1543/1851/1556
f 1547/1911/1379 1544/1903/1371 1545/1851/1509 1548/1852/1511
f 1548/1852/1510 1545/1851/1508 1543/1851/1556 1546/1852/1557
f 1550/1921/1385 1547/1911/1379 1548/1852/1511 1551/1854/1513
f 1551/1854/1512 1548/1852/1510 1546/2173/1557 1549/1854/1558
f 1553/1928/1391 1550/1921/1385 1551/1854/1513 1554/1856/1515
f 1554/1856/1514 1551/1854/1512 1549/1854/1558 1552/1856/1559
f 1556/1935/1397 1553/1928/1391 1554/1856/1515 1557/1858/1517
f 1557/1858/1516 1554/1856/1514 1552/2174/1559 1555/1858/1560
f 1559/1944/1401 1556/1935/1397 1557/1858/1517 1560/1860/1519
f 1560/1860/1518 1557/1858/1516 1555/1858/1560 1558/1860/1561
f 1562/1948/1405 1559/1944/1401 1560/1860/1519 1563/1861/1521
f 1563/1861/1520 1560/1860/1518 1558/2175/1561 1561/1861/1562
f 1565/1955/1409 1562/1954/1405 1563/1861/1521 1566/1862/1523
f 1566/1862/1522 1563/1861/1520 1561/1861/1562 1564/1862/1563
f 1568/1961/1413 1565/1955/1409 1566/1862/1523 1569/1863/1525
f 1569/1863/1524 1566/1862/1522 1564/2176/1563 1567/1863/1564
f 1571/1965/1344 1568/1961/1413 1569/1863/1525 1572/1865/1527
f 1572/1865/1526 1569/1863/1524 1567/1863/1564 1570/1865/1565
f 1574/1869/1345 1571/1868/1344 1572/1865/1527 1575/1867/1529
f 1575/1867/1528 1572/1865/1526 1570/2177/1565 1573/1867/1566
f 1577/1891/1361 1574/1869/1345 1575/1867/1529 1578/1825/1531
f 1578/1825/1530 1575/1867/1528 1573/1867/1566 1576/1825/1567
f 1580/1895/1365 1577/1891/1361 1578/1825/1531 1581/1826/1533
f 1581/1826/1532 1578/1825/1530 1576/2178/1567 1579/1826/1568
f 1583/1901/1369 1580/1895/1365 1581/1826/1533 1584/1872/1535
f 1584/1872/1534 1581/1826/1532 1579/2179/1568 1582/1872/1569
f 1586/1909/1377 1583/1901/1369 1584/1872/1535 1587/1874/1537
f 1587/1874/1536 1584/1872/1534 1582/2180/1569 1585/1874/1570
f 1589/1918/1383 1586/1917/1377 1587/1874/1537 1590/1876/1539
f 1590/1876/1538 1587/1874/1536 1585/2181/1570 1588/1876/1571
f 1592/1926/1389 1589/1918/1383 1590/1876/1539 1593/1878/1541
f 1593/1878/1540 1590/1876/1538 1588/1876/1571 1591/1878/1572
f 1595/1932/1395 1592/1926/1389 1593/1878/1541 1596/1879/1543
f 1596/1879/1542 1593/1878/1540 1591/2182/1572 1594/1879/1573
f 1501/1905/1373 1595/1942/1395 1596/1879/1543 1503/1886/1483
f 1503/1886/1480 1596/1879/1542 1594/2183/1573 1502/1886/1354
f 1693/2184/1574 1698/2185/1575 1817/2186/1576 1813/2187/1577 1809/2188/1578 1805/2189/1579 1801/2190/1580 1797/2191/1581 1793/2192/1582 1789/2193/1583 1785/2194/1584 1781/2195/1585 1777/2196/1586 1773/2197/1587 1769/2198/1588 1765/2199/1589 1761/2200/1590 1757/2201/1591 1753/2202/1592 1749/2203/1593 1745/2204/1594 1741/2205/1595 1737/2206/1596 1733/2207/1597 1729/2208/1598 1725/2209/1599 1721/2210/1600 1717/2211/1601 1713/2212/1602 1709/2213/1603 1705/2214/1604 1701/2215/1605
f 1694/1880/1356 1697/1886/1355 1699/2216/1606 1696/2217/1607
f 1696/2217/1608 1699/2216/1609 1700/2218/1609 1695/2219/1608
f 1695/2219/1610 1700/2218/1611 1698/2185/1575 1693/2184/1574
f 1702/1832/1321 1694/1880/1356 1696/2217/1607 1704/2220/1612
f 1704/2220/1613 1696/2217/1608 1695/2219/1608 1703/2221/1613
f 1703/2221/1614 1695/2219/1610 1693/2184/1574 1701/2215/1605
f 1706/1830/1322 1702/1832/1321 1704/2220/1612 1708/2222/1615
f 1708/2222/1616 1704/2220/1613 1703/2221/1613 1707/2223/1616
f 1707/2223/1617 1703/2221/1614 1701/2215/1605 1705/2214/1604
f 1710/1833/1323 1706/1830/1322 1708/2222/1615 1712/2224/1618
f 1712/2224/1619 1708/2222/1616 1707/2223/1616 1711/2225/1619
f 1711/2225/1620 1707/2223/1617 1705/2214/1604 1709/2213/1603
f 1714/1835/1324 1710/1833/1323 1712/2224/1618 1716/2226/1621
f 1716/2226/1622 1712/2224/1619 1711/2225/1619 1715/2227/1622
f 1715/2227/1623 1711/2225/1620 1709/2213/1603 1713/2212/1602
f 1718/1837/1325 1714/1835/1324 1716/2226/1621 1720/2228/1624
f 1720/2228/1625 1716/2226/1622 1715/2227/1622 1719/2229/1625
f 1719/2229/1626 1715/2227/1623 1713/2212/1602 1717/2211/1601
f 1722/1839/1326 1718/1837/1325 1720/2228/1624 1724/2230/1627
f 1724/2230/1628 1720/2228/1625 1719/2229/1625 1723/2231/1629
f 1723/2231/1630 1719/2229/1626 1717/2211/1601 1721/2210/1600
f 1726/1841/1327 1722/1839/1326 1724/2230/1627 1728/2232/1631
f 1728/2232/1632 1724/2230/1628 1723/2231/1629 1727/2233/1632
f 1727/2233/1633 1723/2231/1630 1721/2210/1600 1725/2209/1599
f 1730/1843/1328 1726/1841/1327 1728/2232/1631 1732/2234/1634
f 1732/2234/1635 1728/2232/1632 1727/2233/1632 1731/2235/1636
f 1731/2235/1637 1727/2233/1633 1725/2209/1599 1729/2208/1598
f 1734/1845/1329 1730/1843/1328 1732/2234/1634 1736/2236/1638
f 1736/2236/1639 1732/2234/1635 1731/2235/1636 1735/2237/1639
f 1735/2237/1640 1731/2235/1637 1729/2208/1598 1733/2207/1597
f 1738/1847/1330 1734/1845/1329 1736/2236/1638 1740/2238/1641
f 1740/2238/1642 1736/2236/1639 1735/2237/1639 1739/2239/1642
f 1739/2239/1643 1735/2237/1640 1733/2207/1597 1737/2206/1596
f 1742/1848/1331 1738/1847/1330 1740/2238/1641 1744/2240/1644
f 1744/2240/1645 1740/2238/1642 1739/2239/1642 1743/2241/1645
f 1743/2241/1646 1739/2239/1643 1737/2206/1596 1741/2205/1595
f 1746/1849/1332 1742/1848/1331 1744/2240/1644 1748/2242/1647
f 1748/2242/1648 1744/2240/1645 1743/2241/1645 1747/2243/1648
f 1747/2243/1649 1743/2241/1646 1741/2205/1595 1745/2204/1594
f 1750/1851/1333 1746/1849/1332 1748/2242/1647 1752/2244/1650
f 1752/2244/1651 1748/2242/1648 1747/2243/1648 1751/2245/1651
f 1751/2245/1652 1747/2243/1649 1745/2204/1594 1749/2203/1593
f 1754/1852/1334 1750/1851/1333 1752/2244/1650 1756/2246/1653
f 1756/2246/1654 1752/2244/1651 1751/2245/1651 1755/2247/1654
f 1755/2247/1655 1751/2245/1652 1749/2203/1593 1753/2202/1592
f 1758/1854/1335 1754/1852/1334 1756/2246/1653 1760/2248/1656
f 1760/2248/1657 1756/2246/1654 1755/2247/1654 1759/2249/1657
f 1759/2249/1658 1755/2247/1655 1753/2202/1592 1757/2201/1591
f 1762/1856/1336 1758/1854/1335 1760/2248/1656 1764/2250/1659
f 1764/2250/1660 1760/2248/1657 1759/2249/1657 1763/2251/1660
f 1763/2251/1661 1759/2249/1658 1757/2201/1591 1761/2200/1590
f 1766/1858/1337 1762/1856/1336 1764/2250/1659 1768/2252/1662
f 1768/2252/1663 1764/2250/1660 1763/2251/1660 1767/2253/1663
f 1767/2253/1664 1763/2251/1661 1761/2200/1590 1765/2199/1589
f 1770/1860/1338 1766/1858/1337 1768/2252/1662 1772/2254/1665
f 1772/2254/1666 1768/2252/1663 1767/2253/1663 1771/2255/1666
f 1771/2255/1667 1767/2253/1664 1765/2199/1589 1769/2198/1588
f 1774/1861/1339 1770/1860/1338 1772/2254/1665 1776/2256/1668
f 1776/2256/1669 1772/2254/1666 1771/2255/1666 1775/2257/1669
f 1775/2257/1670 1771/2255/1667 1769/2198/1588 1773/2197/1587
f 1778/1862/1340 1774/1861/1339 1776/2256/1668 1780/2258/1671
f 1780/2258/1672 1776/2256/1669 1775/2257/1669 1779/2259/1672
f 1779/2259/1673 1775/2257/1670 1773/2197/1587 1777/2196/1586
f 1782/1863/1341 1778/1862/1340 1780/2258/1671 1784/2260/1674
f 1784/2260/1675 1780/2258/1672 1779/2259/1672 1783/2261/1675
f 1783/2261/1676 1779/2259/1673 1777/2196/1586 1781/2195/1585
f 1786/1865/1342 1782/1863/1341 1784/2260/1674 1788/2262/1677
f 1788/2262/1678 1784/2260/1675 1783/2261/1675 1787/2263/1679
f 1787/2263/1680 1783/2261/1676 1781/2195/1585 1785/2194/1584
f 1790/1867/1343 1786/1865/1342 1788/2262/1677 1792/2264/1681
f 1792/2264/1682 1788/2262/1678 1787/2263/1679 1791/2265/1682
f 1791/2265/1683 1787/2263/1680 1785/2194/1584 1789/2193/1583
f 1794/1825/1317 1790/1867/1343 1792/2264/1681 1796/2266/1684
f 1796/2266/1685 1792/2264/1682 1791/2265/1682 1795/2267/1686
f 1795/2267/1687 1791/2265/1683 1789/2193/1583 1793/2192/1582
f 1798/1826/1318 1794/1825/1317 1796/2266/1684 1800/2268/1688
f 1800/2268/1689 1796/2266/1685 1795/2267/1686 1799/2269/1689
f 1799/2269/1690 1795/2267/1687 1793/2192/1582 1797/2191/1581
f 1802/1872/1348 1798/1826/1318 1800/2268/1688 1804/2270/1691
f 1804/2270/1692 1800/2268/1689 1799/2269/1689 1803/2271/1692
f 1803/2271/1693 1799/2269/1690 1797/2191/1581 1801/2190/1580
f 1806/1874/1349 1802/1872/1348 1804/2270/1691 1808/2272/1694
f 1808/2272/1695 1804/2270/1692 1803/2271/1692 1807/2273/1695
f 1807/2273/1696 1803/2271/1693 1801/2190/1580 1805/2189/1579
f 1810/1876/1350 1806/1874/1349 1808/2272/1694 1812/2274/1697
f 1812/2274/1698 1808/2272/1695 1807/2273/1695 1811/2275/1698
f 1811/2275/1699 1807/2273/1696 1805/2189/1579 1809/2188/1578
f 1814/1878/1351 1810/1876/1350 1812/2274/1697 1816/2276/1700
f 1816/2276/1701 1812/2274/1698 1811/2275/1698 1815/2277/1701
f 1815/2277/1702 1811/2275/1699 1809/2188/1578 1813/2187/1577
f 1818/1879/1352 1814/1878/1351 1816/2276/1700 1820/2278/1703
f 1820/2278/1704 1816/2276/1701 1815/2277/1701 1819/2279/1704
f 1819/2279/1705 1815/2277/1702 1813/2187/1577 1817/2186/1576
f 1697/1886/1355 1818/1879/1352 1820/2278/1703 1699/2216/1606
f 1699/2216/1609 1820/2278/1704 1819/2279/1704 1700/2218/1609
f 1700/2218/1611 1819/2279/1705 1817/2186/1576 1698/2185/1575
f 1372/1880/1253 1369/1886/1260 1697/1886/1355 1694/1880/1356
f 1371/1883/1253 1370/1882/1260 1369/1886/1260 1372/1880/1253
f 1507/1832/1544 1504/2161/1353 1371/1883/1253 1367/1831/1256
f 1367/1831/1256 1371/1883/1253 1372/1880/1253 1368/1831/1256
f 1502/1886/1354 1594/2183/1573 1366/1879/1257 1370/1882/1260
f 1370/1882/1260 1366/1879/1257 1365/1879/1257 1369/1886/1260
f 1594/1879/1573 1591/2182/1572 1852/2280/1316 1366/1879/1257
f 1366/1879/1257 1852/2280/1316 1851/1877/1316 1365/1879/1257
f 1591/1878/1572 1588/1876/1571 1850/2281/1314 1852/2280/1316
f 1852/2280/1316 1850/2281/1314 1849/1875/1314 1851/1877/1316
f 1588/1876/1571 1585/2181/1570 1848/1873/1312 1850/2281/1314
f 1850/2281/1314 1848/1873/1312 1847/1873/1312 1849/1875/1314
f 1585/1874/1570 1582/2180/1569 1846/1872/1310 1848/1873/1312
f 1848/1873/1312 1846/1872/1310 1845/1872/1310 1847/1873/1312
f 1582/1872/1569 1579/2179/1568 1844/1823/1308 1846/1872/1310
f 1846/1872/1310 1844/1823/1308 1843/1823/1308 1845/1872/1310
f 1576/1825/1567 1573/1867/1566 1840/1866/1304 1842/2282/1306
f 1842/2282/1306 1840/1866/1304 1839/1866/1304 1841/1824/1306
f 1573/1867/1566 1570/2177/1565 1838/2283/1302 1840/1866/1304
f 1840/1866/1304 1838/2283/1302 1837/1864/1302 1839/1866/1304
f 1570/1865/1565 1567/1863/1564 1836/1863/1300 1838/2283/1302
f 1838/2283/1302 1836/1863/1300 1835/1863/1300 1837/1864/1302
f 1567/1863/1564 1564/2176/1563 1834/2176/1298 1836/1863/1300
f 1836/1863/1300 1834/2176/1298 1833/1862/1298 1835/1863/1300
f 1564/1862/1563 1561/1861/1562 1832/1861/1296 1834/2176/1298
f 1834/2176/1298 1832/1861/1296 1831/1861/1296 1833/1862/1298
f 1561/1861/1562 1558/2175/1561 1830/1859/1294 1832/1861/1296
f 1832/1861/1296 1830/1859/1294 1829/1859/1294 1831/1861/1296
f 1558/1860/1561 1555/1858/1560 1828/1857/1292 1830/1859/1294
f 1830/1859/1294 1828/1857/1292 1827/1857/1292 1829/1859/1294
f 1555/1858/1560 1552/2174/1559 1826/1855/1290 1828/1857/1292
f 1828/1857/1292 1826/1855/1290 1825/1855/1290 1827/1857/1292
f 1552/1856/1559 1549/1854/1558 1824/1854/1288 1826/1855/1290
f 1826/1855/1290 1824/1854/1288 1823/1853/1288 1825/1855/1290
f 1549/1854/1558 1546/2173/1557 1822/2284/1286 1824/1854/1288
f 1824/1854/1288 1822/2284/1286 1821/1852/1286 1823/1853/1288
f 1546/1852/1557 1543/1851/1556 1345/1851/1284 1822/2284/1286
f 1822/2284/1286 1345/1851/1284 1346/1850/1284 1821/1852/1286
f 1543/1851/1556 1540/2172/1555 1347/1849/1282 1345/1851/1284
f 1345/1851/1284 1347/1849/1282 1348/1849/1282 1346/1850/1284
f 1540/1849/1555 1537/2171/1554 1349/2285/1280 1347/1849/1282
f 1347/1849/1282 1349/2285/1280 1350/1848/1280 1348/1849/1282
f 1537/1848/1554 1534/2170/1553 1351/2170/1278 1349/2285/1280
f 1349/2285/1280 1351/2170/1278 1352/1846/1278 1350/1848/1280
f 1534/1847/1553 1531/1844/1552 1353/1844/1276 1351/2170/1278
f 1351/2170/1278 1353/1844/1276 1354/1844/1276 1352/1846/1278
f 1531/1845/1552 1528/2169/1551 1854/2286/1274 1353/1844/1276
f 1353/1844/1276 1854/2286/1274 1853/1842/1274 1354/1844/1276
f 1528/1843/1551 1525/2168/1550 1355/1840/1272 1854/2286/1274
f 1857/1840/1272 1861/1840/1706 1863/2287/1706 1854/2286/1274 1355/1840/1272
f 1525/1841/1550 1522/2167/1549 1856/2288/1270 1355/1840/1272
f 1876/1841/1707 1356/1841/1707 1859/1841/1707 1890/1841/1707
f 1522/1839/1549 1519/2166/1548 1357/2289/1268 1856/2288/1270
f 1856/2288/1270 1357/2289/1268 1358/1836/1268 1855/1838/1270
f 1519/1837/1548 1516/2165/1547 1359/1835/1266 1357/2289/1268
f 1357/2289/1268 1359/1835/1266 1360/1834/1266 1358/1836/1268
f 1516/1835/1547 1513/2164/1546 1361/1833/1264 1359/1835/1266
f 1359/1835/1266 1361/1833/1264 1362/1833/1264 1360/1834/1266
f 1513/1833/1546 1510/2163/1545 1363/1830/1261 1361/1833/1264
f 1361/1833/1264 1363/1830/1261 1364/1830/1261 1362/1833/1264
f 1510/1830/1545 1507/2162/1544 1367/1831/1256 1363/1830/1261
f 1363/1830/1261 1367/1831/1256 1368/1831/1256 1364/1830/1261
f 1579/1826/1568 1576/2178/1567 1842/2282/1306 1844/1823/1308
f 1844/1823/1308 1842/2282/1306 1841/1824/1306 1843/1823/1308
f 1861/1840/1708 1857/1840/1707 1860/1840/1707 1886/1840/1709
f 1857/1840/1707 1872/1840/1710 1893/1840/1711 1860/1840/1707
f 1356/1841/1707 1867/1841/1707 1881/1841/1707 1859/1841/1707
f 1871/2290/1260 1877/2290/1260 1889/2290/1260 1894/2290/1260
f 1878/2291/1712 1877/2290/1712 1871/2290/1712 1873/2292/1712 1856/2288/1270 1855/1838/1270
f 1863/2293/1706 1862/2294/1706 1866/2294/1706 1868/2295/1706 1853/1842/1274 1854/2286/1274
f 1356/1841/1272 1876/1841/1712 1878/2291/1712 1855/1838/1270 1858/1840/1272
f 1868/2295/1706 1867/1841/1706 1356/1841/1272 1858/1840/1272 1853/1842/1274
f 1873/2296/1712 1872/1840/1712 1857/1840/1272 1355/1840/1272 1856/2288/1270
f 1861/1840/1706 1864/2297/1706 1863/2293/1706
f 1864/2297/1706 1865/2298/1706 1863/2293/1706
f 1865/2298/1706 1862/2294/1706 1863/2293/1706
f 1866/2294/1706 1869/2299/1706 1868/2295/1706
f 1869/2299/1706 1870/2294/1706 1868/2295/1706
f 1870/2294/1706 1867/2300/1706 1868/2295/1706
f 1871/2290/1712 1874/2301/1712 1873/2296/1712
f 1874/2301/1712 1875/2301/1712 1873/2296/1712
f 1875/2301/1712 1872/2302/1712 1873/2296/1712
f 1876/1841/1712 1879/2303/1712 1878/2291/1712
f 1879/2303/1712 1880/2304/1712 1878/2291/1712
f 1880/2304/1712 1877/2305/1712 1878/2291/1712
f 1871/2290/1713 1894/2290/1713 1896/2306/1714 1874/2301/1715
f 1874/2301/1715 1896/2306/1714 1895/2307/1716 1875/2303/1716
f 1875/2303/1717 1895/2307/1717 1893/1840/1711 1872/1840/1710
f 1885/2294/1718 1862/2294/1718 1865/2299/1719 1887/2308/1720
f 1887/2308/1720 1865/2299/1719 1864/2297/1721 1888/2309/1721
f 1888/2309/1722 1864/2297/1722 1861/1840/1708 1886/1840/1709
f 1881/1841/1723 1867/1841/1723 1870/2309/1723 1883/2297/1723
f 1883/2297/1724 1870/2309/1724 1869/2299/1725 1884/2310/1726
f 1884/2310/1726 1869/2299/1725 1866/2294/1727 1882/2294/1727
f 1889/2290/1728 1877/2290/1728 1880/2311/1729 1891/2306/1730
f 1891/2306/1730 1880/2311/1729 1879/2303/1731 1892/2312/1731
f 1892/2312/1732 1879/2303/1732 1876/1841/1732 1890/1841/1732
f 1866/2294/1288 1862/2294/1288 1885/2294/1288 1882/2294/1288
usemtl Material.005
f 1427/2013/1418 1428/2015/1419 1460/2015/1420 1459/2013/1421
f 1462/2019/1450 1463/2021/1451 1495/2021/1308 1494/2019/1306
f 1414/1828/1320 1415/1829/1319 1447/1829/1452 1446/1828/1453
f 1428/2015/1419 1429/2017/1422 1461/2017/1454 1460/2015/1420
f 1415/1829/1319 1416/1991/1423 1448/1991/1455 1447/1829/1452
f 1429/2017/1422 1430/2019/1424 1462/2019/1450 1461/2017/1454
f 1416/1991/1423 1417/1993/1425 1449/1993/1456 1448/1991/1455
f 1430/2019/1424 1431/2021/1426 1463/2021/1451 1462/2019/1450
f 1417/1993/1425 1418/1995/1427 1450/1995/1457 1449/1993/1456
f 1431/2021/1426 1432/2023/1428 1464/2023/1458 1463/2021/1451
f 1418/1995/1427 1419/1997/1429 1451/1997/1459 1450/1995/1457
f 1405/1972/1431 1406/1971/1430 1438/1971/1460 1437/1972/1461
f 1432/2023/1428 1433/2025/1432 1465/2025/1462 1464/2023/1458
f 1419/1997/1429 1420/1999/1433 1452/1999/1463 1451/1997/1459
f 1406/1971/1430 1407/1975/1434 1439/1975/1464 1438/1971/1460
f 1433/2025/1432 1434/2027/1435 1466/2027/1465 1465/2025/1462
f 1420/1999/1433 1421/2001/1436 1453/2001/1466 1452/1999/1463
f 1407/1975/1434 1408/1977/1437 1440/1977/1467 1439/1975/1464
f 1434/2027/1435 1435/2029/1438 1467/2029/1468 1466/2027/1465
f 1421/2001/1436 1422/2003/1439 1454/2003/1469 1453/2001/1466
f 1408/1977/1437 1409/1979/1440 1441/1979/1470 1440/1977/1467
f 1435/2029/1438 1436/2031/1441 1468/2031/1471 1467/2029/1468
f 1422/2003/1439 1423/2005/1442 1455/2005/1472 1454/2003/1469
f 1409/1979/1440 1410/1981/1443 1442/1981/1473 1441/1979/1470
f 1436/2031/1441 1405/1972/1431 1437/1972/1461 1468/2031/1471
f 1423/2005/1442 1424/2007/1444 1456/2007/1474 1455/2005/1472
f 1410/1981/1443 1411/1983/1445 1443/1983/1475 1442/1981/1473
f 1424/2007/1444 1425/2009/1446 1457/2009/1476 1456/2007/1474
f 1411/1983/1445 1412/1985/1447 1444/1985/1477 1443/1983/1475
f 1425/2009/1446 1426/2011/1448 1458/2011/1478 1457/2009/1476
f 1412/1985/1447 1413/1987/1449 1445/1987/1479 1444/1985/1477
f 1426/2011/1448 1427/2013/1418 1459/2013/1421 1458/2011/1478
f 1413/1987/1449 1414/1828/1320 1446/1828/1453 1445/1987/1479
f 1469/1972/1417 1470/1971/1417 1471/1975/1417 1472/1977/1417 1473/1979/1417 1474/1981/1417 1475/1983/1417 1476/1985/1417 1477/1987/1417 1478/1828/1417 1479/1829/1417 1480/1991/1417 1481/1993/1417 1482/1995/1417 1483/1997/1417 1484/1999/1417 1485/2001/1417 1486/2003/1417 1487/2005/1417 1488/2007/1417 1489/2009/1417 1490/2011/1417 1491/2013/1417 1492/2015/1417 1493/2017/1417 1494/2019/1417 1495/2021/1417 1496/2023/1417 1497/2025/1417 1498/2027/1417 1499/2029/1417 1500/2031/1417
f 1449/1993/1456 1450/1995/1457 1482/1995/1282 1481/1993/1280
f 1463/2021/1451 1464/2023/1458 1496/2023/1310 1495/2021/1308
f 1450/1995/1457 1451/1997/1459 1483/1997/1284 1482/1995/1282
f 1437/1972/1461 1438/1971/1460 1470/1971/1253 1469/1972/1260
f 1464/2023/1458 1465/2025/1462 1497/2025/1312 1496/2023/1310
f 1451/1997/1459 1452/1999/1463 1484/1999/1286 1483/1997/1284
f 1438/1971/1460 1439/1975/1464 1471/1975/1256 1470/1971/1253
f 1465/2025/1462 1466/2027/1465 1498/2027/1314 1497/2025/1312
f 1452/1999/1463 1453/2001/1466 1485/2001/1288 1484/1999/1286
f 1439/1975/1464 1440/1977/1467 1472/1977/1261 1471/1975/1256
f 1466/2027/1465 1467/2029/1468 1499/2029/1316 1498/2027/1314
f 1453/2001/1466 1454/2003/1469 1486/2003/1290 1485/2001/1288
f 1440/1977/1467 1441/1979/1470 1473/1979/1264 1472/1977/1261
f 1467/2029/1468 1468/2031/1471 1500/2031/1257 1499/2029/1316
f 1454/2003/1469 1455/2005/1472 1487/2005/1292 1486/2003/1290
f 1441/1979/1470 1442/1981/1473 1474/1981/1266 1473/1979/1264
f 1468/2031/1471 1437/1972/1461 1469/1972/1260 1500/2031/1257
f 1455/2005/1472 1456/2007/1474 1488/2007/1294 1487/2005/1292
f 1442/1981/1473 1443/1983/1475 1475/1983/1268 1474/1981/1266
f 1456/2007/1474 1457/2009/1476 1489/2009/1296 1488/2007/1294
f 1443/1983/1475 1444/1985/1477 1476/1985/1270 1475/1983/1268
f 1457/2009/1476 1458/2011/1478 1490/2011/1298 1489/2009/1296
f 1444/1985/1477 1445/1987/1479 1477/1987/1272 1476/1985/1270
f 1458/2011/1478 1459/2013/1421 1491/2013/1300 1490/2011/1298
f 1445/1987/1479 1446/1828/1453 1478/1828/1274 1477/1987/1272
f 1459/2013/1421 1460/2015/1420 1492/2015/1302 1491/2013/1300
f 1446/1828/1453 1447/1829/1452 1479/1829/1276 1478/1828/1274
f 1460/2015/1420 1461/2017/1454 1493/2017/1304 1492/2015/1302
f 1447/1829/1452 1448/1991/1455 1480/1991/1278 1479/1829/1276
f 1461/2017/1454 1462/2019/1450 1494/2019/1306 1493/2017/1304
f 1448/1991/1455 1449/1993/1456 1481/1993/1280 1480/1991/1278
usemtl Material.006
f 1885/2313/1272 1887/2308/1272 1888/2309/1272 1886/1840/1272 1860/1840/1272 1893/1840/1272 1895/2307/1272 1896/2306/1272 1894/2290/1272 1889/2290/1272 1891/2306/1272 1892/2312/1272 1890/1841/1272 1859/1841/1272 1881/1841/1272 1883/2297/1272 1884/2310/1272 1882/2294/1272
o Sphere
v 4.945436 6.568349 -4.097101
v 4.661943 6.409420 -4.146418
v 4.898116 6.568349 -3.926394
v 4.629691 6.409420 -4.030070
v 4.818401 6.568349 -3.768198
v 4.575360 6.409420 -3.922249
v 4.709355 6.568349 -3.628593
v 4.501038 6.409420 -3.827099
v 4.575170 6.568349 -3.512945
v 4.409582 6.409420 -3.748277
v 4.421000 6.568349 -3.425697
v 4.304505 6.409420 -3.688812
v 4.252772 6.568349 -3.370203
v 4.189847 6.409420 -3.650989
v 4.076950 6.568349 -3.348594
v 4.070013 6.409420 -3.636262
v 3.900291 6.568349 -3.361702
v 3.949608 6.409420 -3.645195
v 3.729583 6.568349 -3.409023
v 3.833259 6.409420 -3.677448
v 3.571387 6.568349 -3.488738
v 3.725438 6.409420 -3.731779
v 3.431783 6.568349 -3.597783
v 3.630289 6.409420 -3.806100
v 3.316134 6.568349 -3.731969
v 3.551467 6.409420 -3.897557
v 3.228887 6.568349 -3.886138
v 3.492002 6.409420 -4.002633
v 3.173392 6.568349 -4.054366
v 3.454179 6.409420 -4.117291
v 3.151784 6.568349 -4.230188
v 3.439451 6.409420 -4.237126
v 3.164892 6.568349 -4.406848
v 3.448385 6.409420 -4.357531
v 3.212212 6.568349 -4.577555
v 3.480637 6.409420 -4.473879
v 3.291927 6.568349 -4.735751
v 3.534968 6.409420 -4.581700
v 3.400973 6.568349 -4.875356
v 3.609290 6.409420 -4.676850
v 3.535158 6.568349 -4.991004
v 3.700746 6.409420 -4.755672
v 3.689327 6.568349 -5.078252
v 3.805823 6.409420 -4.815136
v 3.857556 6.568349 -5.133746
v 3.920481 6.409420 -4.852960
v 4.033378 6.568349 -5.155354
v 4.040315 6.409420 -4.867687
v 4.210037 6.568349 -5.142247
v 4.160720 6.409420 -4.858753
v 4.380744 6.568349 -5.094926
v 4.277069 6.409420 -4.826501
v 4.538940 6.568349 -5.015211
v 4.384889 6.409420 -4.772170
v 4.678545 6.568349 -4.906166
v 4.480039 6.409420 -4.697848
v 4.794193 6.568349 -4.771980
v 4.558861 6.409420 -4.606392
v 4.881441 6.568349 -4.617811
v 4.618326 6.409420 -4.501316
v 4.936935 6.568349 -4.449583
v 4.656148 6.409420 -4.386657
v 4.958544 6.568349 -4.273761
v 4.670876 6.409420 -4.266823
v 5.366603 7.732858 -4.283602
v 5.392282 7.471992 -4.284221
v 5.366603 7.211126 -4.283602
v 4.312582 8.783729 -4.207194
v 4.559737 8.707558 -4.164198
v 4.787495 8.583920 -4.124577
v 4.987108 8.417571 -4.089852
v 5.150915 8.214904 -4.061356
v 5.272627 7.983706 -4.040183
v 5.347574 7.732858 -4.027145
v 5.372880 7.471992 -4.022742
v 5.347574 7.211126 -4.027145
v 5.272627 6.960278 -4.040183
v 5.150915 6.729080 -4.061356
v 4.990798 6.530563 -4.089210
v 4.798277 8.583920 -4.269896
v 5.167048 6.729080 -4.278789
v 5.167048 8.214904 -4.278789
v 4.298900 8.783729 -4.157834
v 4.532918 8.707558 -4.067447
v 4.748569 8.583920 -3.984154
v 4.937572 8.417571 -3.911154
v 5.092672 8.214904 -3.851248
v 5.207915 7.983706 -3.806737
v 5.278879 7.732858 -3.779328
v 5.302840 7.471992 -3.770073
v 5.278879 7.211126 -3.779328
v 5.207915 6.960278 -3.806737
v 5.092672 6.729080 -3.851248
v 4.941066 6.530563 -3.909805
v 4.275851 8.783729 -4.112092
v 4.487739 8.707558 -3.977788
v 4.682996 8.583920 -3.854024
v 4.854126 8.417571 -3.745553
v 4.994559 8.214904 -3.656540
v 5.098904 7.983706 -3.590401
v 5.163157 7.732858 -3.549675
v 5.184852 7.471992 -3.535923
v 5.163157 7.211126 -3.549675
v 5.098904 6.960278 -3.590401
v 4.994559 6.729080 -3.656540
v 4.857289 6.530563 -3.743548
v 4.244320 8.783729 -4.071726
v 4.425935 8.707558 -3.898665
v 4.593296 8.583920 -3.739186
v 4.739977 8.417571 -3.599414
v 4.860345 8.214904 -3.484715
v 4.949782 7.983706 -3.399490
v 5.004855 7.732858 -3.347011
v 5.023450 7.471992 -3.329291
v 5.004855 7.211126 -3.347011
v 4.949782 6.960278 -3.399490
v 4.860345 6.729080 -3.484715
v 4.742688 6.530563 -3.596831
v 4.205522 8.783729 -4.038287
v 4.349884 8.707558 -3.833120
v 4.482916 8.583920 -3.644055
v 4.599510 8.417571 -3.478353
v 4.695189 8.214904 -3.342374
v 4.766281 7.983706 -3.241339
v 4.810057 7.732858 -3.179123
v 4.824838 7.471992 -3.158117
v 4.810057 7.211126 -3.179123
v 4.766281 6.960278 -3.241339
v 4.695189 6.729080 -3.342374
v 4.601665 6.530563 -3.475290
v 4.055164 8.809499 -4.251975
v 4.160944 8.783729 -4.013060
v 4.262506 8.707558 -3.783671
v 4.356098 8.583920 -3.572286
v 4.438125 8.417571 -3.387021
v 4.505437 8.214904 -3.234989
v 4.555452 7.983706 -3.122025
v 4.586249 7.732858 -3.052466
v 4.596648 7.471992 -3.028979
v 4.586249 7.211126 -3.052466
v 4.555452 6.960278 -3.122025
v 4.505437 6.729080 -3.234989
v 4.439641 6.530563 -3.383596
v 4.112301 8.783729 -3.997014
v 4.167161 8.707558 -3.752219
v 4.217715 8.583920 -3.526636
v 4.262022 8.417571 -3.328929
v 4.298381 8.214904 -3.166686
v 4.325397 7.983706 -3.046136
v 4.342032 7.732858 -2.971905
v 4.347649 7.471992 -2.946840
v 4.342032 7.211126 -2.971905
v 4.325397 6.960278 -3.046136
v 4.298381 6.729080 -3.166686
v 4.262841 6.530563 -3.325274
v 4.061463 8.783729 -3.990766
v 4.067512 8.707558 -3.739972
v 4.073085 8.583920 -3.508862
v 4.077970 8.417571 -3.306309
v 4.081978 8.214904 -3.140090
v 4.084957 7.983706 -3.016586
v 4.086791 7.732858 -2.940535
v 4.087410 7.471992 -2.914857
v 4.086791 7.211126 -2.940535
v 4.084957 6.960278 -3.016586
v 4.081978 6.729080 -3.140090
v 4.078060 6.530563 -3.302565
v 4.010383 8.783729 -3.994556
v 3.967387 8.707558 -3.747401
v 3.927766 8.583920 -3.519644
v 3.893041 8.417571 -3.320030
v 3.864545 8.214904 -3.156224
v 3.843372 7.983706 -3.034511
v 3.830334 7.732858 -2.959564
v 3.825932 7.471992 -2.934258
v 3.830334 7.211126 -2.959564
v 3.843372 6.960278 -3.034511
v 3.864545 6.729080 -3.156224
v 3.892400 6.530563 -3.316341
v 3.961024 8.783729 -4.008239
v 3.870637 8.707558 -3.774221
v 3.787344 8.583920 -3.558569
v 3.714343 8.417571 -3.369566
v 3.654438 8.214904 -3.214466
v 3.609926 7.983706 -3.099223
v 3.582517 7.732858 -3.028260
v 3.573262 7.471992 -3.004299
v 3.582517 7.211126 -3.028260
v 3.609926 6.960278 -3.099223
v 3.654438 6.729080 -3.214466
v 3.712994 6.530563 -3.366073
v 3.915282 8.783729 -4.031288
v 3.780977 8.707558 -3.819400
v 3.657213 8.583920 -3.624142
v 3.548743 8.417571 -3.453012
v 3.459729 8.214904 -3.312580
v 3.393591 7.983706 -3.208234
v 3.352864 7.732858 -3.143982
v 3.339113 7.471992 -3.122287
v 3.352864 7.211126 -3.143982
v 3.393591 6.960278 -3.208234
v 3.459729 6.729080 -3.312580
v 3.546738 6.530563 -3.449849
v 3.874916 8.783729 -4.062818
v 3.701854 8.707558 -3.881203
v 3.542376 8.583920 -3.713842
v 3.402603 8.417571 -3.567162
v 3.287904 8.214904 -3.446793
v 3.202679 7.983706 -3.357356
v 3.150200 7.732858 -3.302284
v 3.132480 7.471992 -3.283689
v 3.150200 7.211126 -3.302284
v 3.202679 6.960278 -3.357356
v 3.287904 6.729080 -3.446793
v 3.400020 6.530563 -3.564451
v 3.841477 8.783729 -4.101617
v 3.636309 8.707558 -3.957255
v 3.447244 8.583920 -3.824222
v 3.281542 8.417571 -3.707628
v 3.145563 8.214904 -3.611950
v 3.044528 7.983706 -3.540858
v 2.982313 7.732858 -3.497081
v 2.961306 7.471992 -3.482301
v 2.982313 7.211126 -3.497081
v 3.044528 6.960278 -3.540858
v 3.145563 6.729080 -3.611950
v 3.278479 6.530563 -3.705473
v 3.816249 8.783729 -4.146194
v 3.586860 8.707558 -4.044632
v 3.375475 8.583920 -3.951041
v 3.190210 8.417571 -3.869014
v 3.038178 8.214904 -3.801702
v 2.925215 7.983706 -3.751687
v 2.855655 7.732858 -3.720889
v 2.832168 7.471992 -3.710491
v 2.855655 7.211126 -3.720889
v 2.925215 6.960278 -3.751687
v 3.038178 6.729080 -3.801702
v 3.186786 6.530563 -3.867498
v 3.800203 8.783729 -4.194837
v 3.555408 8.707558 -4.139977
v 3.329826 8.583920 -4.089424
v 3.132118 8.417571 -4.045116
v 2.969876 8.214904 -4.008758
v 2.849325 7.983706 -3.981742
v 2.775094 7.732858 -3.965106
v 2.750030 7.471992 -3.959490
v 2.775094 7.211126 -3.965106
v 2.849325 6.960278 -3.981742
v 2.969876 6.729080 -4.008758
v 3.128464 6.530563 -4.044298
v 3.793955 8.783729 -4.245675
v 3.543161 8.707558 -4.239627
v 3.312051 8.583920 -4.234054
v 3.109498 8.417571 -4.229169
v 2.943280 8.214904 -4.225160
v 2.819776 7.983706 -4.222182
v 2.743725 7.732858 -4.220348
v 2.718047 7.471992 -4.219729
v 2.743725 7.211126 -4.220348
v 2.819776 6.960278 -4.222182
v 2.943280 6.729080 -4.225160
v 3.105754 6.530563 -4.229078
v 3.797745 8.783729 -4.296755
v 3.550591 8.707558 -4.339751
v 3.322834 8.583920 -4.379372
v 3.123220 8.417571 -4.414097
v 2.959413 8.214904 -4.442593
v 2.837701 7.983706 -4.463767
v 2.762754 7.732858 -4.476805
v 2.737448 7.471992 -4.481207
v 2.762754 7.211126 -4.476805
v 2.837701 6.960278 -4.463767
v 2.959413 6.729080 -4.442593
v 3.119530 6.530563 -4.414739
v 3.811428 8.783729 -4.346115
v 3.577410 8.707558 -4.436502
v 3.361759 8.583920 -4.519795
v 3.172755 8.417571 -4.592795
v 3.017656 8.214904 -4.652701
v 2.902412 7.983706 -4.697212
v 2.831449 7.732858 -4.724621
v 2.807489 7.471992 -4.733876
v 2.831449 7.211126 -4.724621
v 2.902412 6.960278 -4.697212
v 3.017656 6.729080 -4.652701
v 3.169262 6.530563 -4.594144
v 3.834477 8.783729 -4.391857
v 3.622589 8.707558 -4.526161
v 3.427332 8.583920 -4.649925
v 3.256201 8.417571 -4.758396
v 3.115769 8.214904 -4.847409
v 3.011424 7.983706 -4.913548
v 2.947171 7.732858 -4.954274
v 2.925477 7.471992 -4.968026
v 2.947171 7.211126 -4.954274
v 3.011424 6.960278 -4.913548
v 3.115769 6.729080 -4.847409
v 3.253038 6.530563 -4.760401
v 3.866007 8.783729 -4.432222
v 3.684392 8.707558 -4.605284
v 3.517032 8.583920 -4.764763
v 3.370351 8.417571 -4.904535
v 3.249983 8.214904 -5.019235
v 3.160546 7.983706 -5.104459
v 3.105473 7.732858 -5.156939
v 3.086878 7.471992 -5.174658
v 3.105473 7.211126 -5.156939
v 3.160546 6.960278 -5.104459
v 3.249983 6.729080 -5.019235
v 3.367640 6.530563 -4.907118
v 3.904806 8.783729 -4.465662
v 3.760444 8.707558 -4.670829
v 3.627412 8.583920 -4.859894
v 3.510818 8.417571 -5.025597
v 3.415139 8.214904 -5.161575
v 3.344047 7.983706 -5.262610
v 3.300271 7.732858 -5.324825
v 3.285490 7.471992 -5.345832
v 3.300271 7.211126 -5.324825
v 3.344047 6.960278 -5.262610
v 3.415139 6.729080 -5.161575
v 3.508663 6.530563 -5.028659
v 3.949384 8.783729 -4.490889
v 3.847821 8.707558 -4.720278
v 3.754230 8.583920 -4.931663
v 3.672203 8.417571 -5.116928
v 3.604891 8.214904 -5.268960
v 3.554876 7.983706 -5.381923
v 3.524079 7.732858 -5.451483
v 3.513680 7.471992 -5.474970
v 3.524079 7.211126 -5.451483
v 3.554876 6.960278 -5.381923
v 3.604891 6.729080 -5.268960
v 3.670687 6.530563 -5.120353
v 3.998026 8.783729 -4.506935
v 3.943167 8.707558 -4.751730
v 3.892613 8.583920 -4.977312
v 3.848306 8.417571 -5.175020
v 3.811947 8.214904 -5.337263
v 3.784931 7.983706 -5.457813
v 3.768296 7.732858 -5.532044
v 3.762679 7.471992 -5.557108
v 3.768296 7.211126 -5.532044
v 3.784931 6.960278 -5.457813
v 3.811947 6.729080 -5.337263
v 3.847487 6.530563 -5.178675
v 4.048864 8.783729 -4.513183
v 4.042816 8.707558 -4.763977
v 4.037243 8.583920 -4.995087
v 4.032358 8.417571 -5.197640
v 4.028349 8.214904 -5.363858
v 4.025371 7.983706 -5.487363
v 4.023537 7.732858 -5.563414
v 4.022918 7.471992 -5.589091
v 4.023537 7.211126 -5.563414
v 4.025371 6.960278 -5.487363
v 4.028349 6.729080 -5.363858
v 4.032268 6.530563 -5.201384
v 4.099945 8.783729 -4.509393
v 4.142941 8.707558 -4.756548
v 4.182561 8.583920 -4.984305
v 4.217287 8.417571 -5.183918
v 4.245783 8.214904 -5.347725
v 4.266956 7.983706 -5.469438
v 4.279994 7.732858 -5.544384
v 4.284396 7.471992 -5.569690
v 4.279994 7.211126 -5.544384
v 4.266956 6.960278 -5.469438
v 4.245783 6.729080 -5.347725
v 4.217928 6.530563 -5.187608
v 4.149304 8.783729 -4.495710
v 4.239691 8.707558 -4.729728
v 4.322984 8.583920 -4.945379
v 4.395985 8.417571 -5.134383
v 4.455890 8.214904 -5.289483
v 4.500401 7.983706 -5.404726
v 4.527811 7.732858 -5.475689
v 4.537066 7.471992 -5.499649
v 4.527811 7.211126 -5.475689
v 4.500401 6.960278 -5.404726
v 4.455890 6.729080 -5.289483
v 4.397334 6.530563 -5.137877
v 4.195046 8.783729 -4.472661
v 4.329350 8.707558 -4.684549
v 4.453115 8.583920 -4.879807
v 4.561585 8.417571 -5.050937
v 4.650598 8.214904 -5.191369
v 4.716737 7.983706 -5.295714
v 4.757463 7.732858 -5.359967
v 4.771215 7.471992 -5.381661
v 4.757463 7.211126 -5.359967
v 4.716737 6.960278 -5.295714
v 4.650598 6.729080 -5.191369
v 4.563590 6.530563 -5.054100
v 4.235412 8.783729 -4.441131
v 4.408473 8.707558 -4.622746
v 4.567952 8.583920 -4.790106
v 4.707724 8.417571 -4.936787
v 4.822424 8.214904 -5.057156
v 4.907649 7.983706 -5.146593
v 4.960128 7.732858 -5.201665
v 4.977847 7.471992 -5.220260
v 4.960128 7.211126 -5.201665
v 4.907649 6.960278 -5.146593
v 4.822424 6.729080 -5.057156
v 4.710308 6.530563 -4.939498
v 4.268851 8.783729 -4.402332
v 4.474019 8.707558 -4.546694
v 4.663083 8.583920 -4.679727
v 4.828786 8.417571 -4.796320
v 4.964764 8.214904 -4.891999
v 5.065800 7.983706 -4.963091
v 5.128015 7.732858 -5.006867
v 5.149021 7.471992 -5.021648
v 5.128015 7.211126 -5.006867
v 5.065800 6.960278 -4.963091
v 4.964764 6.729080 -4.891999
v 4.831849 6.530563 -4.798476
v 4.294078 8.783729 -4.357755
v 4.523467 8.707558 -4.459317
v 4.734852 8.583920 -4.552908
v 4.920117 8.417571 -4.634935
v 5.072149 8.214904 -4.702247
v 5.185112 7.983706 -4.752262
v 5.254672 7.732858 -4.783060
v 5.278159 7.471992 -4.793458
v 5.254672 7.211126 -4.783060
v 5.185112 6.960278 -4.752262
v 5.072149 6.729080 -4.702247
v 4.923542 6.530563 -4.636451
v 4.310124 8.783729 -4.309112
v 4.554919 8.707558 -4.363972
v 4.780501 8.583920 -4.414525
v 4.978209 8.417571 -4.458832
v 5.140451 8.214904 -4.495191
v 5.261002 7.983706 -4.522207
v 5.335234 7.732858 -4.538843
v 5.360297 7.471992 -4.544459
v 5.335234 7.211126 -4.538843
v 5.261002 6.960278 -4.522207
v 5.140451 6.729080 -4.495191
v 4.981864 6.530563 -4.459651
v 4.316372 8.783729 -4.258274
v 4.567166 8.707558 -4.264322
v 5.290552 6.960278 -4.281767
v 5.000830 8.417571 -4.274780
v 5.004573 6.530563 -4.274871
v 5.290552 7.983706 -4.281767
v 4.717467 6.409420 -3.996167
v 4.754646 6.409420 -4.130291
v 4.654835 6.409420 -3.871874
v 4.569159 6.409420 -3.762187
v 4.463729 6.409420 -3.671323
v 4.342599 6.409420 -3.602773
v 4.210423 6.409420 -3.559171
v 4.072281 6.409420 -3.542193
v 3.933481 6.409420 -3.552492
v 3.799357 6.409420 -3.589672
v 3.675063 6.409420 -3.652303
v 3.565377 6.409420 -3.737980
v 3.474512 6.409420 -3.843409
v 3.405962 6.409420 -3.964539
v 3.362360 6.409420 -4.096715
v 3.345383 6.409420 -4.234858
v 3.355682 6.409420 -4.373658
v 3.392861 6.409420 -4.507782
v 3.455493 6.409420 -4.632075
v 3.541169 6.409420 -4.741762
v 3.646598 6.409420 -4.832626
v 3.767728 6.409420 -4.901176
v 3.899904 6.409420 -4.944777
v 4.038047 6.409420 -4.961755
v 4.176847 6.409420 -4.951457
v 4.310971 6.409420 -4.914277
v 4.435265 6.409420 -4.851645
v 4.544951 6.409420 -4.765969
v 4.635815 6.409420 -4.660540
v 4.704365 6.409420 -4.539410
v 4.747967 6.409420 -4.407234
v 4.764944 6.409420 -4.269092
v 4.629691 8.010895 -4.030070
v 4.661943 8.010895 -4.146418
v 4.575360 8.010895 -3.922249
v 4.501038 8.010895 -3.827100
v 4.409582 8.010895 -3.748278
v 4.304505 8.010895 -3.688812
v 4.189847 8.010895 -3.650989
v 4.070013 8.010895 -3.636262
v 3.949608 8.010895 -3.645196
v 3.833259 8.010895 -3.677448
v 3.725438 8.010895 -3.731779
v 3.630289 8.010895 -3.806100
v 3.551467 8.010895 -3.897557
v 3.492002 8.010895 -4.002633
v 3.454179 8.010895 -4.117292
v 3.439451 8.010895 -4.237126
v 3.448385 8.010895 -4.357531
v 3.480637 8.010895 -4.473879
v 3.534968 8.010895 -4.581700
v 3.609290 8.010895 -4.676850
v 3.700746 8.010895 -4.755672
v 3.805823 8.010895 -4.815136
v 3.920481 8.010895 -4.852960
v 4.040315 8.010895 -4.867687
v 4.160720 8.010895 -4.858753
v 4.277069 8.010895 -4.826501
v 4.384889 8.010895 -4.772170
v 4.480039 8.010895 -4.697848
v 4.558861 8.010895 -4.606392
v 4.618326 8.010895 -4.501316
v 4.656148 8.010895 -4.386657
v 4.670876 8.010895 -4.266823
vn -0.0390 -0.9992 -0.0068
vn -0.6735 -0.7298 -0.1172
vn -0.0369 -0.9992 -0.0143
vn -0.6377 -0.7298 -0.2463
vn -0.0334 -0.9992 -0.0212
vn -0.5774 -0.7298 -0.3660
vn -0.0286 -0.9992 -0.0273
vn -0.4949 -0.7298 -0.4716
vn -0.0228 -0.9992 -0.0324
vn -0.3934 -0.7298 -0.5591
vn -0.0160 -0.9992 -0.0362
vn -0.2768 -0.7298 -0.6251
vn -0.0087 -0.9992 -0.0386
vn -0.1495 -0.7298 -0.6671
vn -0.0010 -0.9992 -0.0396
vn -0.0165 -0.7298 -0.6834
vn 0.0068 -0.9992 -0.0390
vn 0.1172 -0.7298 -0.6735
vn 0.0143 -0.9992 -0.0369
vn 0.2463 -0.7298 -0.6377
vn 0.0212 -0.9992 -0.0334
vn 0.3660 -0.7298 -0.5774
vn 0.0273 -0.9992 -0.0286
vn 0.4716 -0.7298 -0.4949
vn 0.0324 -0.9992 -0.0228
vn 0.5591 -0.7298 -0.3934
vn 0.0362 -0.9992 -0.0160
vn 0.6251 -0.7298 -0.2768
vn 0.0386 -0.9992 -0.0087
vn 0.6671 -0.7298 -0.1495
vn 0.0396 -0.9992 -0.0010
vn 0.6834 -0.7298 -0.0165
vn 0.0390 -0.9992 0.0068
vn 0.6735 -0.7298 0.1172
vn 0.0369 -0.9992 0.0143
vn 0.6377 -0.7298 0.2463
vn 0.0334 -0.9992 0.0212
vn 0.5774 -0.7298 0.3660
vn 0.0286 -0.9992 0.0273
vn 0.4949 -0.7298 0.4716
vn 0.0228 -0.9992 0.0324
vn 0.3934 -0.7298 0.5591
vn 0.0160 -0.9992 0.0362
vn 0.2768 -0.7298 0.6251
vn 0.0087 -0.9992 0.0386
vn 0.1495 -0.7298 0.6671
vn 0.0010 -0.9992 0.0396
vn 0.0165 -0.7298 0.6834
vn -0.0068 -0.9992 0.0390
vn -0.1172 -0.7298 0.6735
vn -0.0143 -0.9992 0.0369
vn -0.2463 -0.7298 0.6377
vn -0.0212 -0.9992 0.0334
vn -0.3660 -0.7298 0.5774
vn -0.0273 -0.9992 0.0286
vn -0.4716 -0.7298 0.4949
vn -0.0324 -0.9992 0.0228
vn -0.5591 -0.7298 0.3934
vn -0.0362 -0.9992 0.0160
vn -0.6251 -0.7298 0.2768
vn -0.0386 -0.9992 0.0087
vn -0.6671 -0.7298 0.1495
vn -0.0396 -0.9992 0.0010
vn -0.6834 -0.7298 0.0165
vn 0.9807 0.1939 -0.0237
vn 0.9997 -0.0000 -0.0241
vn 0.9807 -0.1939 -0.0237
vn 0.1982 0.9796 0.0345
vn 0.3824 0.9216 0.0665
vn 0.5517 0.8285 0.0960
vn 0.6998 0.7039 0.1217
vn 0.8211 0.5526 0.1428
vn 0.9111 0.3804 0.1585
vn 0.9665 0.1939 0.1681
vn 0.9852 -0.0000 0.1714
vn 0.9665 -0.1939 0.1681
vn 0.9111 -0.3804 0.1585
vn 0.8214 -0.5522 0.1429
vn 0.1398 -0.9899 0.0243
vn 0.5598 0.8285 -0.0135
vn 0.8334 -0.5522 -0.0201
vn 0.8332 0.5526 -0.0201
vn 0.1877 0.9796 0.0725
vn 0.3620 0.9216 0.1398
vn 0.5223 0.8285 0.2018
vn 0.6626 0.7039 0.2559
vn 0.7774 0.5526 0.3003
vn 0.8627 0.3804 0.3332
vn 0.9151 0.1939 0.3535
vn 0.9328 -0.0000 0.3603
vn 0.9151 -0.1939 0.3535
vn 0.8627 -0.3804 0.3332
vn 0.7777 -0.5522 0.3004
vn 0.1324 -0.9899 0.0511
vn 0.1699 0.9796 0.1077
vn 0.3278 0.9216 0.2078
vn 0.4730 0.8285 0.2998
vn 0.5999 0.7039 0.3803
vn 0.7039 0.5526 0.4462
vn 0.7811 0.3804 0.4951
vn 0.8286 0.1939 0.5252
vn 0.8446 -0.0000 0.5354
vn 0.8286 -0.1939 0.5252
vn 0.7811 -0.3804 0.4951
vn 0.7042 -0.5522 0.4463
vn 0.1199 -0.9899 0.0760
vn 0.1456 0.9796 0.1388
vn 0.2810 0.9216 0.2677
vn 0.4054 0.8285 0.3863
vn 0.5142 0.7039 0.4900
vn 0.6034 0.5526 0.5749
vn 0.6695 0.3804 0.6380
vn 0.7102 0.1939 0.6768
vn 0.7239 -0.0000 0.6899
vn 0.7102 -0.1939 0.6768
vn 0.6695 -0.3804 0.6380
vn 0.6036 -0.5522 0.5751
vn 0.1027 -0.9899 0.0979
vn 0.1158 0.9796 0.1645
vn 0.2233 0.9216 0.3174
vn 0.3222 0.8285 0.4580
vn 0.4087 0.7039 0.5809
vn 0.4796 0.5526 0.6816
vn 0.5322 0.3804 0.7563
vn 0.5645 0.1939 0.8023
vn 0.5755 -0.0000 0.8178
vn 0.5645 -0.1939 0.8023
vn 0.5322 -0.3804 0.7563
vn 0.4798 -0.5522 0.6818
vn 0.0817 -0.9899 0.1161
vn -0.0000 1.0000 -0.0000
vn 0.0814 0.9796 0.1839
vn 0.1571 0.9216 0.3549
vn 0.2267 0.8285 0.5120
vn 0.2876 0.7039 0.6495
vn 0.3374 0.5526 0.7621
vn 0.3744 0.3804 0.8456
vn 0.3972 0.1939 0.8970
vn 0.4048 -0.0000 0.9144
vn 0.3972 -0.1939 0.8970
vn 0.3744 -0.3804 0.8456
vn 0.3375 -0.5522 0.7623
vn 0.0575 -0.9899 0.1298
vn 0.0440 0.9796 0.1963
vn 0.0849 0.9216 0.3787
vn 0.1225 0.8285 0.5464
vn 0.1553 0.7039 0.6931
vn 0.1823 0.5526 0.8132
vn 0.2022 0.3804 0.9024
vn 0.2145 0.1939 0.9573
vn 0.2187 -0.0000 0.9758
vn 0.2145 -0.1939 0.9573
vn 0.2022 -0.3804 0.9024
vn 0.1823 -0.5522 0.8135
vn 0.0310 -0.9899 0.1385
vn 0.0048 0.9796 0.2011
vn 0.0094 0.9216 0.3880
vn 0.0135 0.8285 0.5598
vn 0.0171 0.7039 0.7101
vn 0.0201 0.5526 0.8332
vn 0.0223 0.3804 0.9245
vn 0.0237 0.1939 0.9807
vn 0.0241 -0.0000 0.9997
vn 0.0237 -0.1939 0.9807
vn 0.0223 -0.3804 0.9245
vn 0.0201 -0.5522 0.8334
vn 0.0034 -0.9899 0.1419
vn -0.0345 0.9796 0.1982
vn -0.0665 0.9216 0.3824
vn -0.0960 0.8285 0.5517
vn -0.1217 0.7039 0.6998
vn -0.1428 0.5526 0.8211
vn -0.1585 0.3804 0.9111
vn -0.1681 0.1939 0.9665
vn -0.1714 -0.0000 0.9852
vn -0.1681 -0.1939 0.9665
vn -0.1585 -0.3804 0.9111
vn -0.1429 -0.5522 0.8214
vn -0.0243 -0.9899 0.1398
vn -0.0725 0.9796 0.1877
vn -0.1398 0.9216 0.3620
vn -0.2018 0.8285 0.5223
vn -0.2559 0.7039 0.6626
vn -0.3003 0.5526 0.7774
vn -0.3332 0.3804 0.8627
vn -0.3535 0.1939 0.9151
vn -0.3603 -0.0000 0.9328
vn -0.3535 -0.1939 0.9151
vn -0.3332 -0.3804 0.8627
vn -0.3004 -0.5522 0.7777
vn -0.0511 -0.9899 0.1324
vn -0.1077 0.9796 0.1699
vn -0.2078 0.9216 0.3278
vn -0.2998 0.8285 0.4730
vn -0.3803 0.7039 0.5999
vn -0.4462 0.5526 0.7039
vn -0.4951 0.3804 0.7811
vn -0.5252 0.1939 0.8286
vn -0.5354 -0.0000 0.8446
vn -0.5252 -0.1939 0.8286
vn -0.4951 -0.3804 0.7811
vn -0.4463 -0.5522 0.7042
vn -0.0760 -0.9899 0.1199
vn -0.1388 0.9796 0.1456
vn -0.2677 0.9216 0.2810
vn -0.3863 0.8285 0.4054
vn -0.4900 0.7039 0.5142
vn -0.5749 0.5526 0.6034
vn -0.6380 0.3804 0.6695
vn -0.6768 0.1939 0.7102
vn -0.6899 -0.0000 0.7239
vn -0.6768 -0.1939 0.7102
vn -0.6380 -0.3804 0.6695
vn -0.5751 -0.5522 0.6036
vn -0.0979 -0.9899 0.1027
vn -0.1645 0.9796 0.1158
vn -0.3174 0.9216 0.2233
vn -0.4580 0.8285 0.3222
vn -0.5809 0.7039 0.4087
vn -0.6816 0.5526 0.4796
vn -0.7563 0.3804 0.5322
vn -0.8023 0.1939 0.5645
vn -0.8178 -0.0000 0.5755
vn -0.8023 -0.1939 0.5645
vn -0.7563 -0.3804 0.5322
vn -0.6818 -0.5522 0.4798
vn -0.1161 -0.9899 0.0817
vn -0.1839 0.9796 0.0814
vn -0.3549 0.9216 0.1571
vn -0.5120 0.8285 0.2267
vn -0.6495 0.7039 0.2876
vn -0.7621 0.5526 0.3374
vn -0.8456 0.3804 0.3744
vn -0.8970 0.1939 0.3972
vn -0.9144 -0.0000 0.4048
vn -0.8970 -0.1939 0.3972
vn -0.8456 -0.3804 0.3744
vn -0.7623 -0.5522 0.3375
vn -0.1298 -0.9899 0.0575
vn -0.1963 0.9796 0.0440
vn -0.3787 0.9216 0.0849
vn -0.5464 0.8285 0.1225
vn -0.6931 0.7039 0.1553
vn -0.8132 0.5526 0.1823
vn -0.9024 0.3804 0.2022
vn -0.9573 0.1939 0.2145
vn -0.9758 -0.0000 0.2187
vn -0.9573 -0.1939 0.2145
vn -0.9024 -0.3804 0.2022
vn -0.8135 -0.5522 0.1823
vn -0.1385 -0.9899 0.0310
vn -0.2011 0.9796 0.0048
vn -0.3880 0.9216 0.0094
vn -0.5598 0.8285 0.0135
vn -0.7101 0.7039 0.0171
vn -0.8332 0.5526 0.0201
vn -0.9245 0.3804 0.0223
vn -0.9807 0.1939 0.0237
vn -0.9997 -0.0000 0.0241
vn -0.9807 -0.1939 0.0237
vn -0.9245 -0.3804 0.0223
vn -0.8334 -0.5522 0.0201
vn -0.1419 -0.9899 0.0034
vn -0.1982 0.9796 -0.0345
vn -0.3824 0.9216 -0.0665
vn -0.5517 0.8285 -0.0960
vn -0.6998 0.7039 -0.1217
vn -0.8211 0.5526 -0.1428
vn -0.9111 0.3804 -0.1585
vn -0.9665 0.1939 -0.1681
vn -0.9852 -0.0000 -0.1714
vn -0.9665 -0.1939 -0.1681
vn -0.9111 -0.3804 -0.1585
vn -0.8214 -0.5522 -0.1429
vn -0.1398 -0.9899 -0.0243
vn -0.1877 0.9796 -0.0725
vn -0.3620 0.9216 -0.1398
vn -0.5223 0.8285 -0.2018
vn -0.6626 0.7039 -0.2559
vn -0.7774 0.5526 -0.3003
vn -0.8627 0.3804 -0.3332
vn -0.9151 0.1939 -0.3535
vn -0.9328 -0.0000 -0.3603
vn -0.9151 -0.1939 -0.3535
vn -0.8627 -0.3804 -0.3332
vn -0.7777 -0.5522 -0.3004
vn -0.1324 -0.9899 -0.0511
vn -0.1699 0.9796 -0.1077
vn -0.3278 0.9216 -0.2078
vn -0.4730 0.8285 -0.2998
vn -0.5999 0.7039 -0.3803
vn -0.7039 0.5526 -0.4462
vn -0.7811 0.3804 -0.4951
vn -0.8286 0.1939 -0.5252
vn -0.8446 -0.0000 -0.5354
vn -0.8286 -0.1939 -0.5252
vn -0.7811 -0.3804 -0.4951
vn -0.7042 -0.5522 -0.4463
vn -0.1199 -0.9899 -0.0760
vn -0.1456 0.9796 -0.1388
vn -0.2810 0.9216 -0.2677
vn -0.4054 0.8285 -0.3863
vn -0.5142 0.7039 -0.4900
vn -0.6034 0.5526 -0.5749
vn -0.6695 0.3804 -0.6380
vn -0.7102 0.1939 -0.6768
vn -0.7239 -0.0000 -0.6899
vn -0.7102 -0.1939 -0.6768
vn -0.6695 -0.3804 -0.6380
vn -0.6036 -0.5522 -0.5751
vn -0.1027 -0.9899 -0.0979
vn -0.1158 0.9796 -0.1645
vn -0.2233 0.9216 -0.3174
vn -0.3222 0.8285 -0.4580
vn -0.4087 0.7039 -0.5809
vn -0.4796 0.5526 -0.6816
vn -0.5322 0.3804 -0.7563
vn -0.5645 0.1939 -0.8023
vn -0.5755 -0.0000 -0.8178
vn -0.5645 -0.1939 -0.8023
vn -0.5322 -0.3804 -0.7563
vn -0.4798 -0.5522 -0.6818
vn -0.0817 -0.9899 -0.1161
vn -0.0814 0.9796 -0.1839
vn -0.1571 0.9216 -0.3549
vn -0.2267 0.8285 -0.5120
vn -0.2876 0.7039 -0.6495
vn -0.3374 0.5526 -0.7621
vn -0.3744 0.3804 -0.8456
vn -0.3972 0.1939 -0.8970
vn -0.4048 -0.0000 -0.9144
vn -0.3972 -0.1939 -0.8970
vn -0.3744 -0.3804 -0.8456
vn -0.3375 -0.5522 -0.7623
vn -0.0575 -0.9899 -0.1298
vn -0.0440 0.9796 -0.1963
vn -0.0849 0.9216 -0.3787
vn -0.1225 0.8285 -0.5464
vn -0.1553 0.7039 -0.6931
vn -0.1823 0.5526 -0.8132
vn -0.2022 0.3804 -0.9024
vn -0.2145 0.1939 -0.9573
vn -0.2187 -0.0000 -0.9758
vn -0.2145 -0.1939 -0.9573
vn -0.2022 -0.3804 -0.9024
vn -0.1823 -0.5522 -0.8135
vn -0.0310 -0.9899 -0.1385
vn -0.0048 0.9796 -0.2011
vn -0.0094 0.9216 -0.3880
vn -0.0135 0.8285 -0.5598
vn -0.0171 0.7039 -0.7101
vn -0.0201 0.5526 -0.8332
vn -0.0223 0.3804 -0.9245
vn -0.0237 0.1939 -0.9807
vn -0.0241 -0.0000 -0.9997
vn -0.0237 -0.1939 -0.9807
vn -0.0223 -0.3804 -0.9245
vn -0.0201 -0.5522 -0.8334
vn -0.0034 -0.9899 -0.1419
vn 0.0345 0.9796 -0.1982
vn 0.0665 0.9216 -0.3824
vn 0.0960 0.8285 -0.5517
vn 0.1217 0.7039 -0.6998
vn 0.1428 0.5526 -0.8211
vn 0.1585 0.3804 -0.9111
vn 0.1681 0.1939 -0.9665
vn 0.1714 -0.0000 -0.9852
vn 0.1681 -0.1939 -0.9665
vn 0.1585 -0.3804 -0.9111
vn 0.1429 -0.5522 -0.8214
vn 0.0243 -0.9899 -0.1398
vn 0.0725 0.9796 -0.1877
vn 0.1398 0.9216 -0.3620
vn 0.2018 0.8285 -0.5223
vn 0.2559 0.7039 -0.6626
vn 0.3003 0.5526 -0.7774
vn 0.3332 0.3804 -0.8627
vn 0.3535 0.1939 -0.9151
vn 0.3603 -0.0000 -0.9328
vn 0.3535 -0.1939 -0.9151
vn 0.3332 -0.3804 -0.8627
vn 0.3004 -0.5522 -0.7777
vn 0.0511 -0.9899 -0.1324
vn 0.1077 0.9796 -0.1699
vn 0.2078 0.9216 -0.3278
vn 0.2998 0.8285 -0.4730
vn 0.3803 0.7039 -0.5999
vn 0.4462 0.5526 -0.7039
vn 0.4951 0.3804 -0.7811
vn 0.5252 0.1939 -0.8286
vn 0.5354 -0.0000 -0.8446
vn 0.5252 -0.1939 -0.8286
vn 0.4951 -0.3804 -0.7811
vn 0.4463 -0.5522 -0.7042
vn 0.0760 -0.9899 -0.1199
vn 0.1388 0.9796 -0.1456
vn 0.2677 0.9216 -0.2810
vn 0.3863 0.8285 -0.4054
vn 0.4900 0.7039 -0.5142
vn 0.5749 0.5526 -0.6034
vn 0.6380 0.3804 -0.6695
vn 0.6768 0.1939 -0.7102
vn 0.6899 -0.0000 -0.7239
vn 0.6768 -0.1939 -0.7102
vn 0.6380 -0.3804 -0.6695
vn 0.5751 -0.5522 -0.6036
vn 0.0979 -0.9899 -0.1027
vn 0.1645 0.9796 -0.1158
vn 0.3174 0.9216 -0.2233
vn 0.4580 0.8285 -0.3222
vn 0.5809 0.7039 -0.4087
vn 0.6816 0.5526 -0.4796
vn 0.7563 0.3804 -0.5322
vn 0.8023 0.1939 -0.5645
vn 0.8178 -0.0000 -0.5755
vn 0.8023 -0.1939 -0.5645
vn 0.7563 -0.3804 -0.5322
vn 0.6818 -0.5522 -0.4798
vn 0.1161 -0.9899 -0.0817
vn 0.1839 0.9796 -0.0814
vn 0.3549 0.9216 -0.1571
vn 0.5120 0.8285 -0.2267
vn 0.6495 0.7039 -0.2876
vn 0.7621 0.5526 -0.3374
vn 0.8456 0.3804 -0.3744
vn 0.8970 0.1939 -0.3972
vn 0.9144 -0.0000 -0.4048
vn 0.8970 -0.1939 -0.3972
vn 0.8456 -0.3804 -0.3744
vn 0.7623 -0.5522 -0.3375
vn 0.1298 -0.9899 -0.0575
vn 0.1963 0.9796 -0.0440
vn 0.3787 0.9216 -0.0849
vn 0.5464 0.8285 -0.1225
vn 0.6931 0.7039 -0.1553
vn 0.8132 0.5526 -0.1823
vn 0.9024 0.3804 -0.2022
vn 0.9573 0.1939 -0.2145
vn 0.9758 -0.0000 -0.2187
vn 0.9573 -0.1939 -0.2145
vn 0.9024 -0.3804 -0.2022
vn 0.8135 -0.5522 -0.1823
vn 0.1385 -0.9899 -0.0310
vn 0.2011 0.9796 -0.0049
vn 0.3880 0.9216 -0.0094
vn 0.9245 -0.3804 -0.0223
vn 0.7101 0.7039 -0.0171
vn 0.1419 -0.9899 -0.0034
vn 0.9245 0.3804 -0.0223
vn 0.3314 -0.9348 0.1280
vn 0.3500 -0.9348 0.0609
vn 0.3001 -0.9348 0.1902
vn 0.2572 -0.9348 0.2451
vn 0.2044 -0.9348 0.2906
vn 0.1438 -0.9348 0.3249
vn 0.0777 -0.9348 0.3467
vn 0.0086 -0.9348 0.3552
vn -0.0609 -0.9348 0.3500
vn -0.1280 -0.9348 0.3314
vn -0.1902 -0.9348 0.3001
vn -0.2451 -0.9348 0.2572
vn -0.2906 -0.9348 0.2044
vn -0.3249 -0.9348 0.1438
vn -0.3467 -0.9348 0.0777
vn -0.3552 -0.9348 0.0086
vn -0.3500 -0.9348 -0.0609
vn -0.3314 -0.9348 -0.1280
vn -0.3001 -0.9348 -0.1902
vn -0.2572 -0.9348 -0.2451
vn -0.2044 -0.9348 -0.2906
vn -0.1438 -0.9348 -0.3249
vn -0.0777 -0.9348 -0.3467
vn -0.0086 -0.9348 -0.3552
vn 0.0609 -0.9348 -0.3500
vn 0.1280 -0.9348 -0.3314
vn 0.1902 -0.9348 -0.3001
vn 0.2451 -0.9348 -0.2572
vn 0.2906 -0.9348 -0.2044
vn 0.3249 -0.9348 -0.1438
vn 0.3467 -0.9348 -0.0777
vn 0.3552 -0.9348 -0.0086
vn -0.6790 -0.6857 -0.2623
vn -0.7171 -0.6857 -0.1247
vn -0.6148 -0.6857 -0.3897
vn -0.5269 -0.6857 -0.5021
vn -0.4189 -0.6857 -0.5953
vn -0.2947 -0.6857 -0.6656
vn -0.1592 -0.6857 -0.7103
vn -0.0175 -0.6857 -0.7277
vn 0.1248 -0.6857 -0.7171
vn 0.2623 -0.6857 -0.6790
vn 0.3897 -0.6857 -0.6148
vn 0.5021 -0.6857 -0.5270
vn 0.5953 -0.6857 -0.4189
vn 0.6656 -0.6857 -0.2947
vn 0.7103 -0.6857 -0.1592
vn 0.7277 -0.6857 -0.0175
vn 0.7171 -0.6857 0.1248
vn 0.6790 -0.6857 0.2623
vn 0.6148 -0.6857 0.3897
vn 0.5269 -0.6857 0.5021
vn 0.4189 -0.6857 0.5953
vn 0.2947 -0.6857 0.6656
vn 0.1592 -0.6857 0.7103
vn 0.0175 -0.6857 0.7277
vn -0.1248 -0.6857 0.7171
vn -0.2623 -0.6857 0.6790
vn -0.3897 -0.6857 0.6148
vn -0.5021 -0.6857 0.5269
vn -0.5953 -0.6857 0.4189
vn -0.6656 -0.6857 0.2947
vn -0.7103 -0.6857 0.1592
vn -0.7277 -0.6857 0.0176
vt 0.750000 0.187500
vt 0.750000 0.250000
vt 0.718750 0.250000
vt 0.718750 0.187500
vt 0.687500 0.250000
vt 0.687500 0.187500
vt 0.656250 0.250000
vt 0.656250 0.187500
vt 0.625000 0.250000
vt 0.625000 0.187500
vt 0.593750 0.250000
vt 0.593750 0.187500
vt 0.562500 0.250000
vt 0.562500 0.187500
vt 0.531250 0.250000
vt 0.531250 0.187500
vt 0.500000 0.250000
vt 0.500000 0.187500
vt 0.468750 0.250000
vt 0.468750 0.187500
vt 0.437500 0.250000
vt 0.437500 0.187500
vt 0.406250 0.250000
vt 0.406250 0.187500
vt 0.375000 0.250000
vt 0.375000 0.187500
vt 0.343750 0.250000
vt 0.343750 0.187500
vt 0.312500 0.250000
vt 0.312500 0.187500
vt 0.281250 0.250000
vt 0.281250 0.187500
vt 0.250000 0.250000
vt 0.250000 0.187500
vt 0.218750 0.250000
vt 0.218750 0.187500
vt 0.187500 0.250000
vt 0.187500 0.187500
vt 0.156250 0.250000
vt 0.156250 0.187500
vt 0.125000 0.250000
vt 0.125000 0.187500
vt 0.093750 0.250000
vt 0.093750 0.187500
vt 0.062500 0.250000
vt 0.062500 0.187500
vt 0.031250 0.250000
vt 0.031250 0.187500
vt 0.000000 0.250000
vt 0.000000 0.187500
vt 1.000000 0.187500
vt 1.000000 0.250000
vt 0.968750 0.250000
vt 0.968750 0.187500
vt 0.937500 0.250000
vt 0.937500 0.187500
vt 0.906250 0.250000
vt 0.906250 0.187500
vt 0.875000 0.250000
vt 0.875000 0.187500
vt 0.843750 0.250000
vt 0.843750 0.187500
vt 0.781250 0.250000
vt 0.812500 0.250000
vt 0.812500 0.187500
vt 0.781250 0.187500
vt 0.166718 0.187500
vt 0.174114 0.187500
vt 0.750000 0.375000
vt 0.750000 0.437500
vt 0.718750 0.437500
vt 0.718750 0.375000
vt 0.750000 0.812500
vt 0.750000 0.875000
vt 0.718750 0.875000
vt 0.718750 0.812500
vt 0.750000 0.312500
vt 0.718750 0.312500
vt 0.750000 0.750000
vt 0.718750 0.750000
vt 0.750000 0.687500
vt 0.718750 0.687500
vt 0.750000 0.625000
vt 0.718750 0.625000
vt 0.750000 0.562500
vt 0.718750 0.562500
vt 0.750000 0.500000
vt 0.718750 0.500000
vt 0.750000 0.937500
vt 0.734375 1.000000
vt 0.718750 0.937500
vt 0.687500 0.500000
vt 0.687500 0.437500
vt 0.687500 0.937500
vt 0.687500 0.875000
vt 0.687500 0.375000
vt 0.687500 0.812500
vt 0.687500 0.312500
vt 0.687500 0.750000
vt 0.687500 0.687500
vt 0.687500 0.625000
vt 0.687500 0.562500
vt 0.703125 1.000000
vt 0.656250 0.687500
vt 0.656250 0.625000
vt 0.656250 0.562500
vt 0.656250 0.500000
vt 0.671875 1.000000
vt 0.656250 0.937500
vt 0.656250 0.437500
vt 0.656250 0.875000
vt 0.656250 0.375000
vt 0.656250 0.812500
vt 0.656250 0.312500
vt 0.656250 0.750000
vt 0.625000 0.937500
vt 0.625000 0.875000
vt 0.625000 0.437500
vt 0.625000 0.375000
vt 0.625000 0.812500
vt 0.625000 0.312500
vt 0.625000 0.750000
vt 0.625000 0.687500
vt 0.625000 0.625000
vt 0.625000 0.562500
vt 0.625000 0.500000
vt 0.640625 1.000000
vt 0.593750 0.687500
vt 0.593750 0.625000
vt 0.593750 0.562500
vt 0.593750 0.500000
vt 0.609375 1.000000
vt 0.593750 0.937500
vt 0.593750 0.437500
vt 0.593750 0.875000
vt 0.593750 0.375000
vt 0.593750 0.812500
vt 0.593750 0.312500
vt 0.593750 0.750000
vt 0.562500 0.437500
vt 0.562500 0.375000
vt 0.562500 0.875000
vt 0.562500 0.812500
vt 0.562500 0.312500
vt 0.562500 0.750000
vt 0.562500 0.687500
vt 0.562500 0.625000
vt 0.562500 0.562500
vt 0.562500 0.500000
vt 0.578125 1.000000
vt 0.562500 0.937500
vt 0.531250 0.625000
vt 0.531250 0.562500
vt 0.531250 0.500000
vt 0.546875 1.000000
vt 0.531250 0.937500
vt 0.531250 0.437500
vt 0.531250 0.875000
vt 0.531250 0.375000
vt 0.531250 0.812500
vt 0.531250 0.312500
vt 0.531250 0.750000
vt 0.531250 0.687500
vt 0.500000 0.875000
vt 0.500000 0.812500
vt 0.500000 0.375000
vt 0.500000 0.312500
vt 0.500000 0.750000
vt 0.500000 0.687500
vt 0.500000 0.625000
vt 0.500000 0.562500
vt 0.500000 0.500000
vt 0.515625 1.000000
vt 0.500000 0.937500
vt 0.500000 0.437500
vt 0.468750 0.625000
vt 0.468750 0.562500
vt 0.468750 0.500000
vt 0.484375 1.000000
vt 0.468750 0.937500
vt 0.468750 0.437500
vt 0.468750 0.875000
vt 0.468750 0.375000
vt 0.468750 0.812500
vt 0.468750 0.312500
vt 0.468750 0.750000
vt 0.468750 0.687500
vt 0.437500 0.375000
vt 0.437500 0.312500
vt 0.437500 0.812500
vt 0.437500 0.750000
vt 0.437500 0.687500
vt 0.437500 0.625000
vt 0.437500 0.562500
vt 0.437500 0.500000
vt 0.453125 1.000000
vt 0.437500 0.937500
vt 0.437500 0.437500
vt 0.437500 0.875000
vt 0.406250 0.562500
vt 0.406250 0.500000
vt 0.421875 1.000000
vt 0.406250 0.937500
vt 0.406250 0.437500
vt 0.406250 0.875000
vt 0.406250 0.375000
vt 0.406250 0.812500
vt 0.406250 0.312500
vt 0.406250 0.750000
vt 0.406250 0.687500
vt 0.406250 0.625000
vt 0.375000 0.312500
vt 0.375000 0.750000
vt 0.375000 0.687500
vt 0.375000 0.625000
vt 0.375000 0.562500
vt 0.375000 0.500000
vt 0.390625 1.000000
vt 0.375000 0.937500
vt 0.375000 0.437500
vt 0.375000 0.875000
vt 0.375000 0.375000
vt 0.375000 0.812500
vt 0.359375 1.000000
vt 0.343750 0.937500
vt 0.343750 0.500000
vt 0.343750 0.437500
vt 0.343750 0.875000
vt 0.343750 0.375000
vt 0.343750 0.812500
vt 0.343750 0.312500
vt 0.343750 0.750000
vt 0.343750 0.687500
vt 0.343750 0.625000
vt 0.343750 0.562500
vt 0.312500 0.750000
vt 0.312500 0.687500
vt 0.312500 0.625000
vt 0.312500 0.562500
vt 0.312500 0.500000
vt 0.328125 1.000000
vt 0.312500 0.937500
vt 0.312500 0.437500
vt 0.312500 0.875000
vt 0.312500 0.375000
vt 0.312500 0.812500
vt 0.312500 0.312500
vt 0.281250 0.500000
vt 0.281250 0.437500
vt 0.281250 0.937500
vt 0.281250 0.875000
vt 0.281250 0.375000
vt 0.281250 0.812500
vt 0.281250 0.312500
vt 0.281250 0.750000
vt 0.281250 0.687500
vt 0.281250 0.625000
vt 0.281250 0.562500
vt 0.296875 1.000000
vt 0.250000 0.687500
vt 0.250000 0.625000
vt 0.250000 0.562500
vt 0.250000 0.500000
vt 0.265625 1.000000
vt 0.250000 0.937500
vt 0.250000 0.437500
vt 0.250000 0.875000
vt 0.250000 0.375000
vt 0.250000 0.812500
vt 0.250000 0.312500
vt 0.250000 0.750000
vt 0.218750 0.937500
vt 0.218750 0.875000
vt 0.218750 0.437500
vt 0.218750 0.375000
vt 0.218750 0.812500
vt 0.218750 0.312500
vt 0.218750 0.750000
vt 0.218750 0.687500
vt 0.218750 0.625000
vt 0.218750 0.562500
vt 0.218750 0.500000
vt 0.234375 1.000000
vt 0.187500 0.687500
vt 0.187500 0.625000
vt 0.187500 0.562500
vt 0.187500 0.500000
vt 0.203125 1.000000
vt 0.187500 0.937500
vt 0.187500 0.437500
vt 0.187500 0.875000
vt 0.187500 0.375000
vt 0.187500 0.812500
vt 0.187500 0.312500
vt 0.187500 0.750000
vt 0.156250 0.437500
vt 0.156250 0.375000
vt 0.156250 0.875000
vt 0.156250 0.812500
vt 0.156250 0.312500
vt 0.156250 0.750000
vt 0.156250 0.687500
vt 0.156250 0.625000
vt 0.156250 0.562500
vt 0.156250 0.500000
vt 0.171875 1.000000
vt 0.156250 0.937500
vt 0.125000 0.625000
vt 0.125000 0.562500
vt 0.125000 0.500000
vt 0.140625 1.000000
vt 0.125000 0.937500
vt 0.125000 0.437500
vt 0.125000 0.875000
vt 0.125000 0.375000
vt 0.125000 0.812500
vt 0.125000 0.312500
vt 0.125000 0.750000
vt 0.125000 0.687500
vt 0.093750 0.375000
vt 0.093750 0.312500
vt 0.093750 0.812500
vt 0.093750 0.750000
vt 0.093750 0.687500
vt 0.093750 0.625000
vt 0.093750 0.562500
vt 0.093750 0.500000
vt 0.109375 1.000000
vt 0.093750 0.937500
vt 0.093750 0.437500
vt 0.093750 0.875000
vt 0.062500 0.562500
vt 0.062500 0.500000
vt 0.078125 1.000000
vt 0.062500 0.937500
vt 0.062500 0.437500
vt 0.062500 0.875000
vt 0.062500 0.375000
vt 0.062500 0.812500
vt 0.062500 0.312500
vt 0.062500 0.750000
vt 0.062500 0.687500
vt 0.062500 0.625000
vt 0.031250 0.812500
vt 0.031250 0.750000
vt 0.031250 0.312500
vt 0.031250 0.687500
vt 0.031250 0.625000
vt 0.031250 0.562500
vt 0.031250 0.500000
vt 0.046875 1.000000
vt 0.031250 0.937500
vt 0.031250 0.437500
vt 0.031250 0.875000
vt 0.031250 0.375000
vt 0.000000 0.562500
vt 0.000000 0.500000
vt 0.015625 1.000000
vt 0.000000 0.937500
vt 0.000000 0.437500
vt 0.000000 0.875000
vt 0.000000 0.375000
vt 0.000000 0.812500
vt 0.000000 0.312500
vt 0.000000 0.750000
vt 0.000000 0.687500
vt 0.000000 0.625000
vt 1.000000 0.312500
vt 0.968750 0.312500
vt 1.000000 0.687500
vt 1.000000 0.750000
vt 0.968750 0.750000
vt 0.968750 0.687500
vt 1.000000 0.625000
vt 0.968750 0.625000
vt 1.000000 0.562500
vt 0.968750 0.562500
vt 1.000000 0.500000
vt 0.968750 0.500000
vt 1.000000 0.937500
vt 0.984375 1.000000
vt 0.968750 0.937500
vt 1.000000 0.437500
vt 0.968750 0.437500
vt 1.000000 0.875000
vt 0.968750 0.875000
vt 1.000000 0.375000
vt 0.968750 0.375000
vt 1.000000 0.812500
vt 0.968750 0.812500
vt 0.953125 1.000000
vt 0.937500 0.937500
vt 0.937500 0.500000
vt 0.937500 0.437500
vt 0.937500 0.875000
vt 0.937500 0.375000
vt 0.937500 0.812500
vt 0.937500 0.312500
vt 0.937500 0.750000
vt 0.937500 0.687500
vt 0.937500 0.625000
vt 0.937500 0.562500
vt 0.906250 0.750000
vt 0.906250 0.687500
vt 0.906250 0.625000
vt 0.906250 0.562500
vt 0.906250 0.500000
vt 0.921875 1.000000
vt 0.906250 0.937500
vt 0.906250 0.437500
vt 0.906250 0.875000
vt 0.906250 0.375000
vt 0.906250 0.812500
vt 0.906250 0.312500
vt 0.875000 0.500000
vt 0.875000 0.437500
vt 0.875000 0.937500
vt 0.875000 0.875000
vt 0.875000 0.375000
vt 0.875000 0.812500
vt 0.875000 0.312500
vt 0.875000 0.750000
vt 0.875000 0.687500
vt 0.875000 0.625000
vt 0.875000 0.562500
vt 0.890625 1.000000
vt 0.843750 0.687500
vt 0.843750 0.625000
vt 0.843750 0.562500
vt 0.843750 0.500000
vt 0.859375 1.000000
vt 0.843750 0.937500
vt 0.843750 0.437500
vt 0.843750 0.875000
vt 0.843750 0.375000
vt 0.843750 0.812500
vt 0.843750 0.312500
vt 0.843750 0.750000
vt 0.812500 0.437500
vt 0.812500 0.375000
vt 0.812500 0.875000
vt 0.812500 0.812500
vt 0.812500 0.312500
vt 0.812500 0.750000
vt 0.812500 0.687500
vt 0.812500 0.625000
vt 0.812500 0.562500
vt 0.812500 0.500000
vt 0.828125 1.000000
vt 0.812500 0.937500
vt 0.781250 0.625000
vt 0.781250 0.562500
vt 0.781250 0.500000
vt 0.796875 1.000000
vt 0.781250 0.937500
vt 0.781250 0.437500
vt 0.781250 0.875000
vt 0.781250 0.375000
vt 0.781250 0.812500
vt 0.781250 0.312500
vt 0.781250 0.750000
vt 0.781250 0.687500
vt 0.765625 1.000000
vt 0.671031 0.187500
vt 0.698784 0.187500
vt 0.643044 0.187500
vt 0.614886 0.187500
vt 0.586607 0.187500
vt 0.558246 0.187500
vt 0.529837 0.187500
vt 0.501413 0.187500
vt 0.473005 0.187500
vt 0.444643 0.187500
vt 0.416364 0.187500
vt 0.388207 0.187500
vt 0.360220 0.187500
vt 0.332466 0.187500
vt 0.305031 0.187500
vt 0.278035 0.187500
vt 0.251667 0.187500
vt 0.226241 0.187500
vt 0.202347 0.187500
vt 0.181286 0.187500
vt 0.313499 0.187500
vt 0.717751 0.187500
vt 0.857136 0.187500
vt 0.864532 0.187500
vt 0.849964 0.187500
vt 0.828903 0.187500
vt 0.805009 0.187500
vt 0.779583 0.187500
vt 0.753215 0.187500
vt 0.726219 0.187500
s 1
usemtl Material.007
f 1957/2376/1793 1955/2377/1791 2327/2377/2163 2339/2376/2175
f 1907/2326/1743 1905/2324/1741 2026/2324/1862 2039/2326/1875
f 1945/2366/1781 1943/2365/1779 2255/2365/2091 2267/2366/2103
f 1901/2320/1737 1899/2318/1735 1990/2318/1826 2002/2320/1838
f 1949/2370/1785 1947/2368/1783 2279/2368/2115 2291/2370/2127
f 1925/2344/1761 1923/2342/1759 2135/2342/1971 2147/2344/1983
f 1913/2332/1749 1911/2330/1747 2063/2330/1899 2075/2332/1911
f 1931/2350/1767 1929/2348/1765 2171/2348/2007 2183/2350/2019
f 1937/2356/1773 1935/2354/1771 2207/2354/2043 2219/2356/2055
f 1943/2362/1779 1941/2360/1777 2243/2360/2079 2255/2362/2091
f 1897/2316/1733 1959/2315/1795 2344/2315/2180 1975/2316/1811
f 1955/2377/1791 1953/2374/1789 2315/2374/2151 2327/2377/2163
f 1919/2338/1755 1917/2336/1753 2099/2336/1935 2111/2338/1947
f 1923/2342/1759 1921/2340/1757 2123/2340/1959 2135/2342/1971
f 1911/2330/1747 1909/2328/1745 2051/2328/1887 2063/2330/1899
f 1899/2318/1735 1897/2316/1733 1975/2316/1811 1990/2318/1826
f 1929/2348/1765 1927/2346/1763 2159/2346/1995 2171/2348/2007
f 1917/2336/1753 1915/2334/1751 2087/2334/1923 2099/2336/1935
f 1953/2374/1789 1951/2372/1787 2303/2372/2139 2315/2374/2151
f 1959/2315/1795 1957/2376/1793 2339/2376/2175 2344/2315/2180
f 1905/2324/1741 1903/2322/1739 2014/2322/1850 2026/2324/1862
f 1935/2354/1771 1933/2352/1769 2195/2352/2031 2207/2354/2043
f 1947/2368/1783 1945/2366/1781 2267/2366/2103 2279/2368/2115
f 1941/2360/1777 1939/2358/1775 2231/2358/2067 2243/2360/2079
f 1915/2334/1751 1913/2332/1749 2075/2332/1911 2087/2334/1923
f 1927/2346/1763 1925/2344/1761 2147/2344/1983 2159/2346/1995
f 1903/2322/1739 1901/2320/1737 2002/2320/1838 2014/2322/1850
f 1933/2352/1769 1931/2350/1767 2183/2350/2019 2195/2352/2031
f 1909/2328/1745 1907/2326/1743 2039/2326/1875 2051/2328/1887
f 1921/2340/1757 1919/2338/1755 2111/2338/1947 2123/2340/1959
f 1951/2372/1787 1949/2370/1785 2291/2370/2127 2303/2372/2139
f 1939/2358/1775 1937/2356/1773 2219/2356/2055 2231/2358/2067
f 1938/2380/1774 1940/2381/1776 2399/2381/2235 2398/2380/2234
f 2342/2382/2178 1963/2383/1799 1972/2384/1808 1973/2385/1809
f 1976/2386/1812 2341/2387/2177 1965/2388/1801 1966/2389/1802
f 1977/2390/1813 2342/2382/2178 1973/2385/1809 1974/2391/1810
f 2343/2392/2179 1976/2386/1812 1966/2389/1802 1967/2393/1803
f 2344/2315/2180 1977/2390/1813 1974/2391/1810 1975/2316/1811
f 1978/2394/1814 2343/2392/2179 1967/2393/1803 1968/2395/1804
f 2345/2396/2181 1978/2394/1814 1968/2395/1804 1969/2397/1805
f 1961/2398/1797 2345/2396/2181 1969/2397/1805 1970/2399/1806
f 1962/2400/1798 1961/2398/1797 1970/2399/1806 1971/2401/1807
f 2340/2402/2176 2027/2403/1863 1964/2404/1800
f 1963/2383/1799 1962/2400/1798 1971/2401/1807 1972/2384/1808
f 2341/2387/2177 2340/2402/2176 1964/2404/1800 1965/2388/1801
f 1972/2384/1808 1971/2401/1807 1986/2405/1822 1987/2406/1823
f 1965/2388/1801 1964/2404/1800 1979/2407/1815 1980/2408/1816
f 1973/2385/1809 1972/2384/1808 1987/2406/1823 1988/2409/1824
f 1966/2389/1802 1965/2388/1801 1980/2408/1816 1981/2410/1817
f 1974/2391/1810 1973/2385/1809 1988/2409/1824 1989/2411/1825
f 1967/2393/1803 1966/2389/1802 1981/2410/1817 1982/2412/1818
f 1975/2316/1811 1974/2391/1810 1989/2411/1825 1990/2318/1826
f 1968/2395/1804 1967/2393/1803 1982/2412/1818 1983/2413/1819
f 1969/2397/1805 1968/2395/1804 1983/2413/1819 1984/2414/1820
f 1970/2399/1806 1969/2397/1805 1984/2414/1820 1985/2415/1821
f 1971/2401/1807 1970/2399/1806 1985/2415/1821 1986/2405/1822
f 1964/2404/1800 2027/2416/1863 1979/2407/1815
f 1984/2414/1820 1983/2413/1819 1995/2417/1831 1996/2418/1832
f 1985/2415/1821 1984/2414/1820 1996/2418/1832 1997/2419/1833
f 1986/2405/1822 1985/2415/1821 1997/2419/1833 1998/2420/1834
f 1979/2407/1815 2027/2421/1863 1991/2422/1827
f 1987/2406/1823 1986/2405/1822 1998/2420/1834 1999/2423/1835
f 1980/2408/1816 1979/2407/1815 1991/2422/1827 1992/2424/1828
f 1988/2409/1824 1987/2406/1823 1999/2423/1835 2000/2425/1836
f 1981/2410/1817 1980/2408/1816 1992/2424/1828 1993/2426/1829
f 1989/2411/1825 1988/2409/1824 2000/2425/1836 2001/2427/1837
f 1982/2412/1818 1981/2410/1817 1993/2426/1829 1994/2428/1830
f 1990/2318/1826 1989/2411/1825 2001/2427/1837 2002/2320/1838
f 1983/2413/1819 1982/2412/1818 1994/2428/1830 1995/2417/1831
f 1992/2424/1828 1991/2422/1827 2003/2429/1839 2004/2430/1840
f 2000/2425/1836 1999/2423/1835 2011/2431/1847 2012/2432/1848
f 1993/2426/1829 1992/2424/1828 2004/2430/1840 2005/2433/1841
f 2001/2427/1837 2000/2425/1836 2012/2432/1848 2013/2434/1849
f 1994/2428/1830 1993/2426/1829 2005/2433/1841 2006/2435/1842
f 2002/2320/1838 2001/2427/1837 2013/2434/1849 2014/2322/1850
f 1995/2417/1831 1994/2428/1830 2006/2435/1842 2007/2436/1843
f 1996/2418/1832 1995/2417/1831 2007/2436/1843 2008/2437/1844
f 1997/2419/1833 1996/2418/1832 2008/2437/1844 2009/2438/1845
f 1998/2420/1834 1997/2419/1833 2009/2438/1845 2010/2439/1846
f 1991/2422/1827 2027/2440/1863 2003/2429/1839
f 1999/2423/1835 1998/2420/1834 2010/2439/1846 2011/2431/1847
f 2008/2437/1844 2007/2436/1843 2019/2441/1855 2020/2442/1856
f 2009/2438/1845 2008/2437/1844 2020/2442/1856 2021/2443/1857
f 2010/2439/1846 2009/2438/1845 2021/2443/1857 2022/2444/1858
f 2003/2429/1839 2027/2445/1863 2015/2446/1851
f 2011/2431/1847 2010/2439/1846 2022/2444/1858 2023/2447/1859
f 2004/2430/1840 2003/2429/1839 2015/2446/1851 2016/2448/1852
f 2012/2432/1848 2011/2431/1847 2023/2447/1859 2024/2449/1860
f 2005/2433/1841 2004/2430/1840 2016/2448/1852 2017/2450/1853
f 2013/2434/1849 2012/2432/1848 2024/2449/1860 2025/2451/1861
f 2006/2435/1842 2005/2433/1841 2017/2450/1853 2018/2452/1854
f 2014/2322/1850 2013/2434/1849 2025/2451/1861 2026/2324/1862
f 2007/2436/1843 2006/2435/1842 2018/2452/1854 2019/2441/1855
f 2024/2449/1860 2023/2447/1859 2036/2453/1872 2037/2454/1873
f 2017/2450/1853 2016/2448/1852 2029/2455/1865 2030/2456/1866
f 2025/2451/1861 2024/2449/1860 2037/2454/1873 2038/2457/1874
f 2018/2452/1854 2017/2450/1853 2030/2456/1866 2031/2458/1867
f 2026/2324/1862 2025/2451/1861 2038/2457/1874 2039/2326/1875
f 2019/2441/1855 2018/2452/1854 2031/2458/1867 2032/2459/1868
f 2020/2442/1856 2019/2441/1855 2032/2459/1868 2033/2460/1869
f 2021/2443/1857 2020/2442/1856 2033/2460/1869 2034/2461/1870
f 2022/2444/1858 2021/2443/1857 2034/2461/1870 2035/2462/1871
f 2015/2446/1851 2027/2463/1863 2028/2464/1864
f 2023/2447/1859 2022/2444/1858 2035/2462/1871 2036/2453/1872
f 2016/2448/1852 2015/2446/1851 2028/2464/1864 2029/2455/1865
f 2034/2461/1870 2033/2460/1869 2045/2465/1881 2046/2466/1882
f 2035/2462/1871 2034/2461/1870 2046/2466/1882 2047/2467/1883
f 2028/2464/1864 2027/2468/1863 2040/2469/1876
f 2036/2453/1872 2035/2462/1871 2047/2467/1883 2048/2470/1884
f 2029/2455/1865 2028/2464/1864 2040/2469/1876 2041/2471/1877
f 2037/2454/1873 2036/2453/1872 2048/2470/1884 2049/2472/1885
f 2030/2456/1866 2029/2455/1865 2041/2471/1877 2042/2473/1878
f 2038/2457/1874 2037/2454/1873 2049/2472/1885 2050/2474/1886
f 2031/2458/1867 2030/2456/1866 2042/2473/1878 2043/2475/1879
f 2039/2326/1875 2038/2457/1874 2050/2474/1886 2051/2328/1887
f 2032/2459/1868 2031/2458/1867 2043/2475/1879 2044/2476/1880
f 2033/2460/1869 2032/2459/1868 2044/2476/1880 2045/2465/1881
f 2042/2473/1878 2041/2471/1877 2053/2477/1889 2054/2478/1890
f 2050/2474/1886 2049/2472/1885 2061/2479/1897 2062/2480/1898
f 2043/2475/1879 2042/2473/1878 2054/2478/1890 2055/2481/1891
f 2051/2328/1887 2050/2474/1886 2062/2480/1898 2063/2330/1899
f 2044/2476/1880 2043/2475/1879 2055/2481/1891 2056/2482/1892
f 2045/2465/1881 2044/2476/1880 2056/2482/1892 2057/2483/1893
f 2046/2466/1882 2045/2465/1881 2057/2483/1893 2058/2484/1894
f 2047/2467/1883 2046/2466/1882 2058/2484/1894 2059/2485/1895
f 2040/2469/1876 2027/2486/1863 2052/2487/1888
f 2048/2470/1884 2047/2467/1883 2059/2485/1895 2060/2488/1896
f 2041/2471/1877 2040/2469/1876 2052/2487/1888 2053/2477/1889
f 2049/2472/1885 2048/2470/1884 2060/2488/1896 2061/2479/1897
f 2058/2484/1894 2057/2483/1893 2069/2489/1905 2070/2490/1906
f 2059/2485/1895 2058/2484/1894 2070/2490/1906 2071/2491/1907
f 2052/2487/1888 2027/2492/1863 2064/2493/1900
f 2060/2488/1896 2059/2485/1895 2071/2491/1907 2072/2494/1908
f 2053/2477/1889 2052/2487/1888 2064/2493/1900 2065/2495/1901
f 2061/2479/1897 2060/2488/1896 2072/2494/1908 2073/2496/1909
f 2054/2478/1890 2053/2477/1889 2065/2495/1901 2066/2497/1902
f 2062/2480/1898 2061/2479/1897 2073/2496/1909 2074/2498/1910
f 2055/2481/1891 2054/2478/1890 2066/2497/1902 2067/2499/1903
f 2063/2330/1899 2062/2480/1898 2074/2498/1910 2075/2332/1911
f 2056/2482/1892 2055/2481/1891 2067/2499/1903 2068/2500/1904
f 2057/2483/1893 2056/2482/1892 2068/2500/1904 2069/2489/1905
f 2074/2498/1910 2073/2496/1909 2085/2501/1921 2086/2502/1922
f 2067/2499/1903 2066/2497/1902 2078/2503/1914 2079/2504/1915
f 2075/2332/1911 2074/2498/1910 2086/2502/1922 2087/2334/1923
f 2068/2500/1904 2067/2499/1903 2079/2504/1915 2080/2505/1916
f 2069/2489/1905 2068/2500/1904 2080/2505/1916 2081/2506/1917
f 2070/2490/1906 2069/2489/1905 2081/2506/1917 2082/2507/1918
f 2071/2491/1907 2070/2490/1906 2082/2507/1918 2083/2508/1919
f 2064/2493/1900 2027/2509/1863 2076/2510/1912
f 2072/2494/1908 2071/2491/1907 2083/2508/1919 2084/2511/1920
f 2065/2495/1901 2064/2493/1900 2076/2510/1912 2077/2512/1913
f 2073/2496/1909 2072/2494/1908 2084/2511/1920 2085/2501/1921
f 2066/2497/1902 2065/2495/1901 2077/2512/1913 2078/2503/1914
f 2083/2508/1919 2082/2507/1918 2094/2513/1930 2095/2514/1931
f 2076/2510/1912 2027/2515/1863 2088/2516/1924
f 2084/2511/1920 2083/2508/1919 2095/2514/1931 2096/2517/1932
f 2077/2512/1913 2076/2510/1912 2088/2516/1924 2089/2518/1925
f 2085/2501/1921 2084/2511/1920 2096/2517/1932 2097/2519/1933
f 2078/2503/1914 2077/2512/1913 2089/2518/1925 2090/2520/1926
f 2086/2502/1922 2085/2501/1921 2097/2519/1933 2098/2521/1934
f 2079/2504/1915 2078/2503/1914 2090/2520/1926 2091/2522/1927
f 2087/2334/1923 2086/2502/1922 2098/2521/1934 2099/2336/1935
f 2080/2505/1916 2079/2504/1915 2091/2522/1927 2092/2523/1928
f 2081/2506/1917 2080/2505/1916 2092/2523/1928 2093/2524/1929
f 2082/2507/1918 2081/2506/1917 2093/2524/1929 2094/2513/1930
f 2099/2336/1935 2098/2521/1934 2110/2525/1946 2111/2338/1947
f 2092/2523/1928 2091/2522/1927 2103/2526/1939 2104/2527/1940
f 2093/2524/1929 2092/2523/1928 2104/2527/1940 2105/2528/1941
f 2094/2513/1930 2093/2524/1929 2105/2528/1941 2106/2529/1942
f 2095/2514/1931 2094/2513/1930 2106/2529/1942 2107/2530/1943
f 2088/2516/1924 2027/2531/1863 2100/2532/1936
f 2096/2517/1932 2095/2514/1931 2107/2530/1943 2108/2533/1944
f 2089/2518/1925 2088/2516/1924 2100/2532/1936 2101/2534/1937
f 2097/2519/1933 2096/2517/1932 2108/2533/1944 2109/2535/1945
f 2090/2520/1926 2089/2518/1925 2101/2534/1937 2102/2536/1938
f 2098/2521/1934 2097/2519/1933 2109/2535/1945 2110/2525/1946
f 2091/2522/1927 2090/2520/1926 2102/2536/1938 2103/2526/1939
f 2100/2532/1936 2027/2537/1863 2112/2538/1948
f 2108/2533/1944 2107/2530/1943 2119/2539/1955 2120/2540/1956
f 2101/2534/1937 2100/2532/1936 2112/2538/1948 2113/2541/1949
f 2109/2535/1945 2108/2533/1944 2120/2540/1956 2121/2542/1957
f 2102/2536/1938 2101/2534/1937 2113/2541/1949 2114/2543/1950
f 2110/2525/1946 2109/2535/1945 2121/2542/1957 2122/2544/1958
f 2103/2526/1939 2102/2536/1938 2114/2543/1950 2115/2545/1951
f 2111/2338/1947 2110/2525/1946 2122/2544/1958 2123/2340/1959
f 2104/2527/1940 2103/2526/1939 2115/2545/1951 2116/2546/1952
f 2105/2528/1941 2104/2527/1940 2116/2546/1952 2117/2547/1953
f 2106/2529/1942 2105/2528/1941 2117/2547/1953 2118/2548/1954
f 2107/2530/1943 2106/2529/1942 2118/2548/1954 2119/2539/1955
f 2116/2546/1952 2115/2545/1951 2127/2549/1963 2128/2550/1964
f 2117/2547/1953 2116/2546/1952 2128/2550/1964 2129/2551/1965
f 2118/2548/1954 2117/2547/1953 2129/2551/1965 2130/2552/1966
f 2119/2539/1955 2118/2548/1954 2130/2552/1966 2131/2553/1967
f 2112/2538/1948 2027/2554/1863 2124/2555/1960
f 2120/2540/1956 2119/2539/1955 2131/2553/1967 2132/2556/1968
f 2113/2541/1949 2112/2538/1948 2124/2555/1960 2125/2557/1961
f 2121/2542/1957 2120/2540/1956 2132/2556/1968 2133/2558/1969
f 2114/2543/1950 2113/2541/1949 2125/2557/1961 2126/2559/1962
f 2122/2544/1958 2121/2542/1957 2133/2558/1969 2134/2560/1970
f 2115/2545/1951 2114/2543/1950 2126/2559/1962 2127/2549/1963
f 2123/2340/1959 2122/2544/1958 2134/2560/1970 2135/2342/1971
f 2132/2556/1968 2131/2553/1967 2143/2561/1979 2144/2562/1980
f 2125/2557/1961 2124/2555/1960 2136/2563/1972 2137/2564/1973
f 2133/2558/1969 2132/2556/1968 2144/2562/1980 2145/2565/1981
f 2126/2559/1962 2125/2557/1961 2137/2564/1973 2138/2566/1974
f 2134/2560/1970 2133/2558/1969 2145/2565/1981 2146/2567/1982
f 2127/2549/1963 2126/2559/1962 2138/2566/1974 2139/2568/1975
f 2135/2342/1971 2134/2560/1970 2146/2567/1982 2147/2344/1983
f 2128/2550/1964 2127/2549/1963 2139/2568/1975 2140/2569/1976
f 2129/2551/1965 2128/2550/1964 2140/2569/1976 2141/2570/1977
f 2130/2552/1966 2129/2551/1965 2141/2570/1977 2142/2571/1978
f 2131/2553/1967 2130/2552/1966 2142/2571/1978 2143/2561/1979
f 2124/2555/1960 2027/2572/1863 2136/2563/1972
f 2141/2570/1977 2140/2569/1976 2152/2573/1988 2153/2574/1989
f 2142/2571/1978 2141/2570/1977 2153/2574/1989 2154/2575/1990
f 2143/2561/1979 2142/2571/1978 2154/2575/1990 2155/2576/1991
f 2136/2563/1972 2027/2577/1863 2148/2578/1984
f 2144/2562/1980 2143/2561/1979 2155/2576/1991 2156/2579/1992
f 2137/2564/1973 2136/2563/1972 2148/2578/1984 2149/2580/1985
f 2145/2565/1981 2144/2562/1980 2156/2579/1992 2157/2581/1993
f 2138/2566/1974 2137/2564/1973 2149/2580/1985 2150/2582/1986
f 2146/2567/1982 2145/2565/1981 2157/2581/1993 2158/2583/1994
f 2139/2568/1975 2138/2566/1974 2150/2582/1986 2151/2584/1987
f 2147/2344/1983 2146/2567/1982 2158/2583/1994 2159/2346/1995
f 2140/2569/1976 2139/2568/1975 2151/2584/1987 2152/2573/1988
f 2149/2580/1985 2148/2578/1984 2160/2585/1996 2161/2586/1997
f 2157/2581/1993 2156/2579/1992 2168/2587/2004 2169/2588/2005
f 2150/2582/1986 2149/2580/1985 2161/2586/1997 2162/2589/1998
f 2158/2583/1994 2157/2581/1993 2169/2588/2005 2170/2590/2006
f 2151/2584/1987 2150/2582/1986 2162/2589/1998 2163/2591/1999
f 2159/2346/1995 2158/2583/1994 2170/2590/2006 2171/2348/2007
f 2152/2573/1988 2151/2584/1987 2163/2591/1999 2164/2592/2000
f 2153/2574/1989 2152/2573/1988 2164/2592/2000 2165/2593/2001
f 2154/2575/1990 2153/2574/1989 2165/2593/2001 2166/2594/2002
f 2155/2576/1991 2154/2575/1990 2166/2594/2002 2167/2595/2003
f 2148/2578/1984 2027/2596/1863 2160/2585/1996
f 2156/2579/1992 2155/2576/1991 2167/2595/2003 2168/2587/2004
f 2165/2593/2001 2164/2592/2000 2176/2597/2012 2177/2598/2013
f 2166/2594/2002 2165/2593/2001 2177/2598/2013 2178/2599/2014
f 2167/2595/2003 2166/2594/2002 2178/2599/2014 2179/2600/2015
f 2160/2585/1996 2027/2601/1863 2172/2602/2008
f 2168/2587/2004 2167/2595/2003 2179/2600/2015 2180/2603/2016
f 2161/2586/1997 2160/2585/1996 2172/2602/2008 2173/2604/2009
f 2169/2588/2005 2168/2587/2004 2180/2603/2016 2181/2605/2017
f 2162/2589/1998 2161/2586/1997 2173/2604/2009 2174/2606/2010
f 2170/2590/2006 2169/2588/2005 2181/2605/2017 2182/2607/2018
f 2163/2591/1999 2162/2589/1998 2174/2606/2010 2175/2608/2011
f 2171/2348/2007 2170/2590/2006 2182/2607/2018 2183/2350/2019
f 2164/2592/2000 2163/2591/1999 2175/2608/2011 2176/2597/2012
f 2181/2605/2017 2180/2603/2016 2192/2609/2028 2193/2610/2029
f 2174/2606/2010 2173/2604/2009 2185/2611/2021 2186/2612/2022
f 2182/2607/2018 2181/2605/2017 2193/2610/2029 2194/2613/2030
f 2175/2608/2011 2174/2606/2010 2186/2612/2022 2187/2614/2023
f 2183/2350/2019 2182/2607/2018 2194/2613/2030 2195/2352/2031
f 2176/2597/2012 2175/2608/2011 2187/2614/2023 2188/2615/2024
f 2177/2598/2013 2176/2597/2012 2188/2615/2024 2189/2616/2025
f 2178/2599/2014 2177/2598/2013 2189/2616/2025 2190/2617/2026
f 2179/2600/2015 2178/2599/2014 2190/2617/2026 2191/2618/2027
f 2172/2602/2008 2027/2619/1863 2184/2620/2020
f 2180/2603/2016 2179/2600/2015 2191/2618/2027 2192/2609/2028
f 2173/2604/2009 2172/2602/2008 2184/2620/2020 2185/2611/2021
f 2190/2617/2026 2189/2616/2025 2201/2621/2037 2202/2622/2038
f 2191/2618/2027 2190/2617/2026 2202/2622/2038 2203/2623/2039
f 2184/2620/2020 2027/2624/1863 2196/2625/2032
f 2192/2609/2028 2191/2618/2027 2203/2623/2039 2204/2626/2040
f 2185/2611/2021 2184/2620/2020 2196/2625/2032 2197/2627/2033
f 2193/2610/2029 2192/2609/2028 2204/2626/2040 2205/2628/2041
f 2186/2612/2022 2185/2611/2021 2197/2627/2033 2198/2629/2034
f 2194/2613/2030 2193/2610/2029 2205/2628/2041 2206/2630/2042
f 2187/2614/2023 2186/2612/2022 2198/2629/2034 2199/2631/2035
f 2195/2352/2031 2194/2613/2030 2206/2630/2042 2207/2354/2043
f 2188/2615/2024 2187/2614/2023 2199/2631/2035 2200/2632/2036
f 2189/2616/2025 2188/2615/2024 2200/2632/2036 2201/2621/2037
f 2206/2630/2042 2205/2628/2041 2217/2633/2053 2218/2634/2054
f 2199/2631/2035 2198/2629/2034 2210/2635/2046 2211/2636/2047
f 2207/2354/2043 2206/2630/2042 2218/2634/2054 2219/2356/2055
f 2200/2632/2036 2199/2631/2035 2211/2636/2047 2212/2637/2048
f 2201/2621/2037 2200/2632/2036 2212/2637/2048 2213/2638/2049
f 2202/2622/2038 2201/2621/2037 2213/2638/2049 2214/2639/2050
f 2203/2623/2039 2202/2622/2038 2214/2639/2050 2215/2640/2051
f 2196/2625/2032 2027/2641/1863 2208/2642/2044
f 2204/2626/2040 2203/2623/2039 2215/2640/2051 2216/2643/2052
f 2197/2627/2033 2196/2625/2032 2208/2642/2044 2209/2644/2045
f 2205/2628/2041 2204/2626/2040 2216/2643/2052 2217/2633/2053
f 2198/2629/2034 2197/2627/2033 2209/2644/2045 2210/2635/2046
f 2215/2640/2051 2214/2639/2050 2226/2645/2062 2227/2646/2063
f 2208/2642/2044 2027/2647/1863 2220/2648/2056
f 2216/2643/2052 2215/2640/2051 2227/2646/2063 2228/2649/2064
f 2209/2644/2045 2208/2642/2044 2220/2648/2056 2221/2650/2057
f 2217/2633/2053 2216/2643/2052 2228/2649/2064 2229/2651/2065
f 2210/2635/2046 2209/2644/2045 2221/2650/2057 2222/2652/2058
f 2218/2634/2054 2217/2633/2053 2229/2651/2065 2230/2653/2066
f 2211/2636/2047 2210/2635/2046 2222/2652/2058 2223/2654/2059
f 2219/2356/2055 2218/2634/2054 2230/2653/2066 2231/2358/2067
f 2212/2637/2048 2211/2636/2047 2223/2654/2059 2224/2655/2060
f 2213/2638/2049 2212/2637/2048 2224/2655/2060 2225/2656/2061
f 2214/2639/2050 2213/2638/2049 2225/2656/2061 2226/2645/2062
f 2223/2654/2059 2222/2652/2058 2234/2657/2070 2235/2658/2071
f 2231/2358/2067 2230/2653/2066 2242/2659/2078 2243/2360/2079
f 2224/2655/2060 2223/2654/2059 2235/2658/2071 2236/2660/2072
f 2225/2656/2061 2224/2655/2060 2236/2660/2072 2237/2661/2073
f 2226/2645/2062 2225/2656/2061 2237/2661/2073 2238/2662/2074
f 2227/2646/2063 2226/2645/2062 2238/2662/2074 2239/2663/2075
f 2220/2648/2056 2027/2664/1863 2232/2665/2068
f 2228/2649/2064 2227/2646/2063 2239/2663/2075 2240/2666/2076
f 2221/2650/2057 2220/2648/2056 2232/2665/2068 2233/2667/2069
f 2229/2651/2065 2228/2649/2064 2240/2666/2076 2241/2668/2077
f 2222/2652/2058 2221/2650/2057 2233/2667/2069 2234/2657/2070
f 2230/2653/2066 2229/2651/2065 2241/2668/2077 2242/2659/2078
f 2239/2663/2075 2238/2662/2074 2250/2669/2086 2251/2670/2087
f 2232/2665/2068 2027/2671/1863 2244/2672/2080
f 2240/2666/2076 2239/2663/2075 2251/2670/2087 2252/2673/2088
f 2233/2667/2069 2232/2665/2068 2244/2672/2080 2245/2674/2081
f 2241/2668/2077 2240/2666/2076 2252/2673/2088 2253/2675/2089
f 2234/2657/2070 2233/2667/2069 2245/2674/2081 2246/2676/2082
f 2242/2659/2078 2241/2668/2077 2253/2675/2089 2254/2677/2090
f 2235/2658/2071 2234/2657/2070 2246/2676/2082 2247/2678/2083
f 2243/2360/2079 2242/2659/2078 2254/2677/2090 2255/2362/2091
f 2236/2660/2072 2235/2658/2071 2247/2678/2083 2248/2679/2084
f 2237/2661/2073 2236/2660/2072 2248/2679/2084 2249/2680/2085
f 2238/2662/2074 2237/2661/2073 2249/2680/2085 2250/2669/2086
f 2255/2365/2091 2254/2681/2090 2266/2682/2102 2267/2366/2103
f 2248/2683/2084 2247/2684/2083 2259/2685/2095 2260/2686/2096
f 2249/2687/2085 2248/2683/2084 2260/2686/2096 2261/2688/2097
f 2250/2689/2086 2249/2687/2085 2261/2688/2097 2262/2690/2098
f 2251/2691/2087 2250/2689/2086 2262/2690/2098 2263/2692/2099
f 2244/2693/2080 2027/2694/1863 2256/2695/2092
f 2252/2696/2088 2251/2691/2087 2263/2692/2099 2264/2697/2100
f 2245/2698/2081 2244/2693/2080 2256/2695/2092 2257/2699/2093
f 2253/2700/2089 2252/2696/2088 2264/2697/2100 2265/2701/2101
f 2246/2702/2082 2245/2698/2081 2257/2699/2093 2258/2703/2094
f 2254/2681/2090 2253/2700/2089 2265/2701/2101 2266/2682/2102
f 2247/2684/2083 2246/2702/2082 2258/2703/2094 2259/2685/2095
f 2256/2695/2092 2027/2704/1863 2268/2705/2104
f 2264/2697/2100 2263/2692/2099 2275/2706/2111 2276/2707/2112
f 2257/2699/2093 2256/2695/2092 2268/2705/2104 2269/2708/2105
f 2265/2701/2101 2264/2697/2100 2276/2707/2112 2277/2709/2113
f 2258/2703/2094 2257/2699/2093 2269/2708/2105 2270/2710/2106
f 2266/2682/2102 2265/2701/2101 2277/2709/2113 2278/2711/2114
f 2259/2685/2095 2258/2703/2094 2270/2710/2106 2271/2712/2107
f 2267/2366/2103 2266/2682/2102 2278/2711/2114 2279/2368/2115
f 2260/2686/2096 2259/2685/2095 2271/2712/2107 2272/2713/2108
f 2261/2688/2097 2260/2686/2096 2272/2713/2108 2273/2714/2109
f 2262/2690/2098 2261/2688/2097 2273/2714/2109 2274/2715/2110
f 2263/2692/2099 2262/2690/2098 2274/2715/2110 2275/2706/2111
f 2272/2713/2108 2271/2712/2107 2283/2716/2119 2284/2717/2120
f 2273/2714/2109 2272/2713/2108 2284/2717/2120 2285/2718/2121
f 2274/2715/2110 2273/2714/2109 2285/2718/2121 2286/2719/2122
f 2275/2706/2111 2274/2715/2110 2286/2719/2122 2287/2720/2123
f 2268/2705/2104 2027/2721/1863 2280/2722/2116
f 2276/2707/2112 2275/2706/2111 2287/2720/2123 2288/2723/2124
f 2269/2708/2105 2268/2705/2104 2280/2722/2116 2281/2724/2117
f 2277/2709/2113 2276/2707/2112 2288/2723/2124 2289/2725/2125
f 2270/2710/2106 2269/2708/2105 2281/2724/2117 2282/2726/2118
f 2278/2711/2114 2277/2709/2113 2289/2725/2125 2290/2727/2126
f 2271/2712/2107 2270/2710/2106 2282/2726/2118 2283/2716/2119
f 2279/2368/2115 2278/2711/2114 2290/2727/2126 2291/2370/2127
f 2288/2723/2124 2287/2720/2123 2299/2728/2135 2300/2729/2136
f 2281/2724/2117 2280/2722/2116 2292/2730/2128 2293/2731/2129
f 2289/2725/2125 2288/2723/2124 2300/2729/2136 2301/2732/2137
f 2282/2726/2118 2281/2724/2117 2293/2731/2129 2294/2733/2130
f 2290/2727/2126 2289/2725/2125 2301/2732/2137 2302/2734/2138
f 2283/2716/2119 2282/2726/2118 2294/2733/2130 2295/2735/2131
f 2291/2370/2127 2290/2727/2126 2302/2734/2138 2303/2372/2139
f 2284/2717/2120 2283/2716/2119 2295/2735/2131 2296/2736/2132
f 2285/2718/2121 2284/2717/2120 2296/2736/2132 2297/2737/2133
f 2286/2719/2122 2285/2718/2121 2297/2737/2133 2298/2738/2134
f 2287/2720/2123 2286/2719/2122 2298/2738/2134 2299/2728/2135
f 2280/2722/2116 2027/2739/1863 2292/2730/2128
f 2297/2737/2133 2296/2736/2132 2308/2740/2144 2309/2741/2145
f 2298/2738/2134 2297/2737/2133 2309/2741/2145 2310/2742/2146
f 2299/2728/2135 2298/2738/2134 2310/2742/2146 2311/2743/2147
f 2292/2730/2128 2027/2744/1863 2304/2745/2140
f 2300/2729/2136 2299/2728/2135 2311/2743/2147 2312/2746/2148
f 2293/2731/2129 2292/2730/2128 2304/2745/2140 2305/2747/2141
f 2301/2732/2137 2300/2729/2136 2312/2746/2148 2313/2748/2149
f 2294/2733/2130 2293/2731/2129 2305/2747/2141 2306/2749/2142
f 2302/2734/2138 2301/2732/2137 2313/2748/2149 2314/2750/2150
f 2295/2735/2131 2294/2733/2130 2306/2749/2142 2307/2751/2143
f 2303/2372/2139 2302/2734/2138 2314/2750/2150 2315/2374/2151
f 2296/2736/2132 2295/2735/2131 2307/2751/2143 2308/2740/2144
f 2313/2748/2149 2312/2746/2148 2324/2752/2160 2325/2753/2161
f 2306/2749/2142 2305/2747/2141 2317/2754/2153 2318/2755/2154
f 2314/2750/2150 2313/2748/2149 2325/2753/2161 2326/2756/2162
f 2307/2751/2143 2306/2749/2142 2318/2755/2154 2319/2757/2155
f 2315/2374/2151 2314/2750/2150 2326/2756/2162 2327/2377/2163
f 2308/2740/2144 2307/2751/2143 2319/2757/2155 2320/2758/2156
f 2309/2741/2145 2308/2740/2144 2320/2758/2156 2321/2759/2157
f 2310/2742/2146 2309/2741/2145 2321/2759/2157 2322/2760/2158
f 2311/2743/2147 2310/2742/2146 2322/2760/2158 2323/2761/2159
f 2304/2745/2140 2027/2762/1863 2316/2763/2152
f 2312/2746/2148 2311/2743/2147 2323/2761/2159 2324/2752/2160
f 2305/2747/2141 2304/2745/2140 2316/2763/2152 2317/2754/2153
f 2322/2760/2158 2321/2759/2157 2333/2764/2169 2334/2765/2170
f 2323/2761/2159 2322/2760/2158 2334/2765/2170 2335/2766/2171
f 2316/2763/2152 2027/2767/1863 2328/2768/2164
f 2324/2752/2160 2323/2761/2159 2335/2766/2171 2336/2769/2172
f 2317/2754/2153 2316/2763/2152 2328/2768/2164 2329/2770/2165
f 2325/2753/2161 2324/2752/2160 2336/2769/2172 2337/2771/2173
f 2318/2755/2154 2317/2754/2153 2329/2770/2165 2330/2772/2166
f 2326/2756/2162 2325/2753/2161 2337/2771/2173 2338/2773/2174
f 2319/2757/2155 2318/2755/2154 2330/2772/2166 2331/2774/2167
f 2327/2377/2163 2326/2756/2162 2338/2773/2174 2339/2376/2175
f 2320/2758/2156 2319/2757/2155 2331/2774/2167 2332/2775/2168
f 2321/2759/2157 2320/2758/2156 2332/2775/2168 2333/2764/2169
f 2330/2772/2166 2329/2770/2165 2341/2387/2177 1976/2386/1812
f 2338/2773/2174 2337/2771/2173 2342/2382/2178 1977/2390/1813
f 2331/2774/2167 2330/2772/2166 1976/2386/1812 2343/2392/2179
f 2339/2376/2175 2338/2773/2174 1977/2390/1813 2344/2315/2180
f 2332/2775/2168 2331/2774/2167 2343/2392/2179 1978/2394/1814
f 2333/2764/2169 2332/2775/2168 1978/2394/1814 2345/2396/2181
f 2334/2765/2170 2333/2764/2169 2345/2396/2181 1961/2398/1797
f 2335/2766/2171 2334/2765/2170 1961/2398/1797 1962/2400/1798
f 2328/2768/2164 2027/2776/1863 2340/2402/2176
f 2336/2769/2172 2335/2766/2171 1962/2400/1798 1963/2383/1799
f 2329/2770/2165 2328/2768/2164 2340/2402/2176 2341/2387/2177
f 2337/2771/2173 2336/2769/2172 1963/2383/1799 2342/2382/2178
f 2379/2778/2215 2378/2777/2214 2380/2779/2216 2381/2780/2217 2382/2781/2218 2383/2782/2219 2384/2783/2220 2385/2784/2221 2386/2785/2222 2387/2786/2223 2388/2787/2224 2389/2788/2225 2390/2789/2226 2391/2790/2227 2392/2791/2228 2393/2792/2229 2394/2793/2230 2395/2794/2231 2396/2795/2232 2397/2796/2233 2398/2380/2234 2399/2381/2235 2400/2797/2236 2401/2798/2237 2402/2799/2238 2403/2800/2239 2404/2801/2240 2405/2802/2241 2406/2803/2242 2407/2804/2243 2408/2805/2244 2409/2806/2245
f 1912/2784/1748 1914/2785/1750 2386/2785/2222 2385/2784/2221
f 1940/2381/1776 1942/2797/1778 2400/2797/2236 2399/2381/2235
f 1914/2785/1750 1916/2786/1752 2387/2786/2223 2386/2785/2222
f 1942/2797/1778 1944/2798/1780 2401/2798/2237 2400/2797/2236
f 1916/2786/1752 1918/2787/1754 2388/2787/2224 2387/2786/2223
f 1944/2798/1780 1946/2799/1782 2402/2799/2238 2401/2798/2237
f 1918/2787/1754 1920/2788/1756 2389/2788/2225 2388/2787/2224
f 1946/2799/1782 1948/2800/1784 2403/2800/2239 2402/2799/2238
f 1920/2788/1756 1922/2789/1758 2390/2789/2226 2389/2788/2225
f 1948/2800/1784 1950/2801/1786 2404/2801/2240 2403/2800/2239
f 1922/2789/1758 1924/2790/1760 2391/2790/2227 2390/2789/2226
f 1950/2801/1786 1952/2802/1788 2405/2802/2241 2404/2801/2240
f 1924/2790/1760 1926/2791/1762 2392/2791/2228 2391/2790/2227
f 1898/2778/1734 1900/2777/1736 2378/2777/2214 2379/2778/2215
f 1952/2802/1788 1954/2803/1790 2406/2803/2242 2405/2802/2241
f 1926/2791/1762 1928/2792/1764 2393/2792/2229 2392/2791/2228
f 1900/2777/1736 1902/2779/1738 2380/2779/2216 2378/2777/2214
f 1954/2803/1790 1956/2804/1792 2407/2804/2243 2406/2803/2242
f 1928/2792/1764 1930/2793/1766 2394/2793/2230 2393/2792/2229
f 1902/2779/1738 1904/2780/1740 2381/2780/2217 2380/2779/2216
f 1956/2804/1792 1958/2805/1794 2408/2805/2244 2407/2804/2243
f 1930/2793/1766 1932/2794/1768 2395/2794/2231 2394/2793/2230
f 1904/2780/1740 1906/2781/1742 2382/2781/2218 2381/2780/2217
f 1958/2805/1794 1960/2806/1796 2409/2806/2245 2408/2805/2244
f 1932/2794/1768 1934/2795/1770 2396/2795/2232 2395/2794/2231
f 1906/2781/1742 1908/2782/1744 2383/2782/2219 2382/2781/2218
f 1960/2806/1796 1898/2778/1734 2379/2778/2215 2409/2806/2245
f 1934/2795/1770 1936/2796/1772 2397/2796/2233 2396/2795/2232
f 1908/2782/1744 1910/2783/1746 2384/2783/2220 2383/2782/2219
f 1936/2796/1772 1938/2380/1774 2398/2380/2234 2397/2796/2233
f 1910/2783/1746 1912/2784/1748 2385/2784/2221 2384/2783/2220
usemtl Material.008
f 2377/2314/2213 1959/2315/1795 1897/2316/1733 2347/2317/2183
f 2347/2317/2183 1897/2316/1733 1899/2318/1735 2346/2319/2182
f 2346/2319/2182 1899/2318/1735 1901/2320/1737 2348/2321/2184
f 2348/2321/2184 1901/2320/1737 1903/2322/1739 2349/2323/2185
f 2349/2323/2185 1903/2322/1739 1905/2324/1741 2350/2325/2186
f 2350/2325/2186 1905/2324/1741 1907/2326/1743 2351/2327/2187
f 2351/2327/2187 1907/2326/1743 1909/2328/1745 2352/2329/2188
f 2352/2329/2188 1909/2328/1745 1911/2330/1747 2353/2331/2189
f 2353/2331/2189 1911/2330/1747 1913/2332/1749 2354/2333/2190
f 2354/2333/2190 1913/2332/1749 1915/2334/1751 2355/2335/2191
f 2355/2335/2191 1915/2334/1751 1917/2336/1753 2356/2337/2192
f 2356/2337/2192 1917/2336/1753 1919/2338/1755 2357/2339/2193
f 2357/2339/2193 1919/2338/1755 1921/2340/1757 2358/2341/2194
f 2358/2341/2194 1921/2340/1757 1923/2342/1759 2359/2343/2195
f 2359/2343/2195 1923/2342/1759 1925/2344/1761 2360/2345/2196
f 2360/2345/2196 1925/2344/1761 1927/2346/1763 2361/2347/2197
f 2361/2347/2197 1927/2346/1763 1929/2348/1765 2362/2349/2198
f 2362/2349/2198 1929/2348/1765 1931/2350/1767 2363/2351/2199
f 2363/2351/2199 1931/2350/1767 1933/2352/1769 2364/2353/2200
f 2364/2353/2200 1933/2352/1769 1935/2354/1771 2365/2355/2201
f 2365/2355/2201 1935/2354/1771 1937/2356/1773 2366/2357/2202
f 2366/2357/2202 1937/2356/1773 1939/2358/1775 2367/2359/2203
f 2367/2359/2203 1939/2358/1775 1941/2360/1777 2368/2361/2204
f 2368/2361/2204 1941/2360/1777 1943/2362/1779 2369/2363/2205
f 2369/2364/2205 1943/2365/1779 1945/2366/1781 2370/2367/2206
f 2370/2367/2206 1945/2366/1781 1947/2368/1783 2371/2369/2207
f 2371/2369/2207 1947/2368/1783 1949/2370/1785 2372/2371/2208
f 2372/2371/2208 1949/2370/1785 1951/2372/1787 2373/2373/2209
f 2373/2373/2209 1951/2372/1787 1953/2374/1789 2374/2375/2210
f 2374/2375/2210 1953/2374/1789 1955/2377/1791 2375/2378/2211
f 2375/2378/2211 1955/2377/1791 1957/2376/1793 2376/2379/2212
f 2376/2379/2212 1957/2376/1793 1959/2315/1795 2377/2314/2213
f 1900/2777/1736 1898/2778/1734 2347/2317/2183 2346/2319/2182
f 1902/2779/1738 1900/2777/1736 2346/2319/2182 2348/2321/2184
f 1904/2780/1740 1902/2779/1738 2348/2321/2184 2349/2323/2185
f 1906/2781/1742 1904/2780/1740 2349/2323/2185 2350/2325/2186
f 1908/2782/1744 1906/2781/1742 2350/2325/2186 2351/2327/2187
f 1910/2783/1746 1908/2782/1744 2351/2327/2187 2352/2329/2188
f 1912/2784/1748 1910/2783/1746 2352/2329/2188 2353/2331/2189
f 1914/2785/1750 1912/2784/1748 2353/2331/2189 2354/2333/2190
f 1916/2786/1752 1914/2785/1750 2354/2333/2190 2355/2335/2191
f 1918/2787/1754 1916/2786/1752 2355/2335/2191 2356/2337/2192
f 1920/2788/1756 1918/2787/1754 2356/2337/2192 2357/2339/2193
f 1922/2789/1758 1920/2788/1756 2357/2339/2193 2358/2341/2194
f 1924/2790/1760 1922/2789/1758 2358/2341/2194 2359/2343/2195
f 1926/2791/1762 1924/2790/1760 2359/2343/2195 2360/2345/2196
f 1928/2792/1764 1926/2791/1762 2360/2345/2196 2361/2347/2197
f 1930/2793/1766 1928/2792/1764 2361/2347/2197 2362/2349/2198
f 1932/2794/1768 1930/2793/1766 2362/2349/2198 2363/2351/2199
f 1934/2795/1770 1932/2794/1768 2363/2351/2199 2364/2353/2200
f 1936/2796/1772 1934/2795/1770 2364/2353/2200 2365/2355/2201
f 1938/2380/1774 1936/2796/1772 2365/2355/2201 2366/2357/2202
f 1940/2381/1776 1938/2380/1774 2366/2357/2202 2367/2359/2203
f 1942/2797/1778 1940/2381/1776 2367/2359/2203 2368/2361/2204
f 1944/2798/1780 1942/2797/1778 2368/2361/2204 2369/2364/2205
f 1946/2799/1782 1944/2798/1780 2369/2364/2205 2370/2367/2206
f 1948/2800/1784 1946/2799/1782 2370/2367/2206 2371/2369/2207
f 1950/2801/1786 1948/2800/1784 2371/2369/2207 2372/2371/2208
f 1952/2802/1788 1950/2801/1786 2372/2371/2208 2373/2373/2209
f 1954/2803/1790 1952/2802/1788 2373/2373/2209 2374/2375/2210
f 1956/2804/1792 1954/2803/1790 2374/2375/2210 2375/2378/2211
f 1958/2805/1794 1956/2804/1792 2375/2378/2211 2376/2379/2212
f 1960/2806/1796 1958/2805/1794 2376/2379/2212 2377/2314/2213
f 1898/2778/1734 1960/2806/1796 2377/2314/2213 2347/2317/2183
o BézierCurve
v 4.042213 1.161699 -4.235980
v 4.050573 1.169844 -4.224701
v 4.061716 1.180971 -4.220767
v 4.072657 1.192098 -4.225234
v 4.080463 1.200244 -4.236902
v 4.083044 1.203225 -4.252647
v 4.079707 1.200244 -4.268249
v 4.071347 1.192098 -4.279528
v 4.060204 1.180971 -4.283462
v 4.049263 1.169844 -4.278996
v 4.041457 1.161699 -4.267327
v 4.038877 1.158717 -4.251582
v 3.873582 1.361456 -4.231913
v 3.883328 1.367937 -4.220668
v 3.896365 1.376790 -4.216780
v 3.909199 1.385643 -4.221292
v 3.918392 1.392124 -4.232994
v 3.921480 1.394497 -4.248751
v 3.917636 1.392124 -4.264341
v 3.907890 1.385643 -4.275586
v 3.894853 1.376790 -4.279474
v 3.882019 1.367937 -4.274962
v 3.872826 1.361456 -4.263260
v 3.869738 1.359084 -4.247503
v 3.762665 1.565206 -4.229238
v 3.773551 1.569575 -4.218020
v 3.788146 1.575543 -4.214170
v 3.802538 1.581511 -4.218719
v 3.812872 1.585879 -4.230449
v 3.816377 1.587479 -4.246216
v 3.812116 1.585879 -4.261796
v 3.801229 1.581511 -4.273014
v 3.786634 1.575543 -4.276864
v 3.772242 1.569575 -4.272315
v 3.761909 1.565206 -4.260585
v 3.758403 1.563607 -4.244818
v 3.701822 1.774939 -4.227771
v 3.713378 1.777044 -4.216569
v 3.728887 1.779920 -4.212741
v 3.744193 1.782796 -4.217312
v 3.755195 1.784901 -4.229058
v 3.758946 1.785671 -4.244831
v 3.754439 1.784901 -4.260405
v 3.742883 1.782796 -4.271607
v 3.727375 1.779920 -4.275435
v 3.712068 1.777044 -4.270864
v 3.701066 1.774939 -4.259118
v 3.697315 1.774168 -4.243345
v 3.682890 1.992294 -4.227314
v 3.694639 1.992429 -4.216117
v 3.710413 1.992614 -4.212296
v 3.725984 1.992798 -4.216873
v 3.737180 1.992933 -4.228623
v 3.741002 1.992982 -4.244398
v 3.736424 1.992933 -4.259971
v 3.724675 1.992798 -4.271168
v 3.708901 1.992614 -4.274990
v 3.693330 1.992429 -4.270412
v 3.682134 1.992294 -4.258661
v 3.678312 1.992245 -4.242887
v 3.697197 2.219354 -4.227659
v 3.708876 2.218070 -4.216461
v 3.724552 2.216316 -4.212636
v 3.740026 2.214561 -4.217212
v 3.751151 2.213277 -4.228961
v 3.754946 2.212807 -4.244735
v 3.750395 2.213277 -4.260307
v 3.738717 2.214561 -4.271506
v 3.723040 2.216316 -4.275331
v 3.707566 2.218070 -4.270755
v 3.696441 2.219354 -4.259007
v 3.692646 2.219824 -4.243232
v 3.736079 2.458766 -4.228597
v 3.747629 2.456632 -4.217395
v 3.763131 2.453717 -4.213567
v 3.778430 2.450803 -4.218138
v 3.789427 2.448669 -4.229884
v 3.793175 2.447888 -4.245656
v 3.788671 2.448669 -4.261230
v 3.777120 2.450803 -4.272432
v 3.761619 2.453717 -4.276261
v 3.746320 2.456632 -4.271689
v 3.735323 2.458766 -4.259944
v 3.731574 2.459547 -4.244171
v 3.791103 2.713432 -4.229924
v 3.802577 2.710930 -4.218720
v 3.817975 2.707511 -4.214890
v 3.833170 2.704093 -4.219458
v 3.844091 2.701590 -4.231202
v 3.847812 2.700674 -4.246974
v 3.843335 2.701590 -4.262549
v 3.831861 2.704093 -4.273753
v 3.816463 2.707511 -4.277583
v 3.801268 2.710930 -4.273015
v 3.790347 2.713432 -4.261271
v 3.786627 2.714348 -4.245499
v 3.854033 2.986274 -4.231441
v 3.865510 2.983786 -4.220238
v 3.880913 2.980388 -4.216407
v 3.896112 2.976990 -4.220976
v 3.907036 2.974502 -4.232720
v 3.910758 2.973591 -4.248492
v 3.906281 2.974502 -4.264067
v 3.894803 2.976990 -4.275270
v 3.879401 2.980388 -4.279101
v 3.864201 2.983786 -4.274532
v 3.853277 2.986274 -4.262788
v 3.849555 2.987185 -4.247016
v 3.916732 3.280165 -4.232954
v 3.928276 3.277998 -4.221751
v 3.943769 3.275040 -4.217923
v 3.959060 3.272080 -4.222494
v 3.970051 3.269914 -4.234239
v 3.973797 3.269122 -4.250012
v 3.969295 3.269914 -4.265586
v 3.957751 3.272080 -4.276788
v 3.942257 3.275040 -4.280617
v 3.926967 3.277998 -4.276046
v 3.915976 3.280165 -4.264300
v 3.912230 3.280957 -4.248528
v 3.971112 3.597939 -4.234265
v 3.982750 3.596341 -4.223065
v 3.998372 3.594158 -4.219240
v 4.013792 3.591975 -4.223814
v 4.024878 3.590377 -4.235561
v 4.028658 3.589792 -4.251335
v 4.024121 3.590377 -4.266909
v 4.012483 3.591975 -4.278108
v 3.996861 3.594158 -4.281934
v 3.981441 3.596341 -4.277359
v 3.970356 3.597939 -4.265612
v 3.966575 3.598523 -4.249838
v 4.009095 3.942414 -4.235181
v 4.020815 3.941577 -4.223983
v 4.036548 3.940434 -4.220160
v 4.052079 3.939292 -4.224737
v 4.063245 3.938455 -4.236487
v 4.067056 3.938149 -4.252261
v 4.062490 3.938455 -4.267834
v 4.050769 3.939292 -4.279032
v 4.035037 3.940434 -4.282854
v 4.019506 3.941577 -4.278278
v 4.008339 3.942414 -4.266528
v 4.004529 3.942720 -4.250753
v 4.022598 4.316461 -4.235507
v 4.034349 4.316503 -4.224309
v 4.050124 4.316561 -4.220488
v 4.065696 4.316619 -4.225065
v 4.076893 4.316661 -4.236816
v 4.080714 4.316677 -4.252591
v 4.076137 4.316661 -4.268163
v 4.064386 4.316619 -4.279360
v 4.048612 4.316561 -4.283182
v 4.033040 4.316503 -4.278604
v 4.021842 4.316461 -4.266853
v 4.018021 4.316445 -4.251079
vn -0.6530 -0.5616 0.5081
vn -0.3706 -0.3306 0.8680
vn 0.0130 -0.0094 0.9999
vn 0.3957 0.3166 0.8621
vn 0.6714 0.5572 0.4886
vn 0.7636 0.6454 -0.0184
vn 0.6471 0.5572 -0.5204
vn 0.3537 0.3166 -0.8801
vn -0.0352 -0.0094 -0.9993
vn -0.4120 -0.3306 -0.8491
vn -0.6768 -0.5616 -0.4760
vn -0.7638 -0.6452 0.0184
vn -0.7060 -0.4912 0.5101
vn -0.4020 -0.2892 0.8688
vn 0.0103 -0.0094 0.9999
vn 0.4230 0.2752 0.8633
vn 0.7232 0.4867 0.4901
vn 0.8250 0.5648 -0.0199
vn 0.6987 0.4867 -0.5244
vn 0.3809 0.2752 -0.8827
vn -0.0379 -0.0094 -0.9992
vn -0.4434 -0.2892 -0.8484
vn -0.7298 -0.4912 -0.4755
vn -0.8251 -0.5646 0.0199
vn -0.7926 -0.3313 0.5119
vn -0.4535 -0.1953 0.8696
vn 0.0076 -0.0068 0.9999
vn 0.4706 0.1851 0.8627
vn 0.8085 0.3279 0.4887
vn 0.9245 0.3806 -0.0223
vn 0.7840 0.3279 -0.5271
vn 0.4284 0.1851 -0.8844
vn -0.0406 -0.0068 -0.9992
vn -0.4949 -0.1953 -0.8467
vn -0.8164 -0.3313 -0.4731
vn -0.9244 -0.3807 0.0223
vn -0.8430 -0.1597 0.5137
vn -0.4822 -0.0940 0.8710
vn 0.0083 -0.0030 1.0000
vn 0.5003 0.0894 0.8612
vn 0.8592 0.1579 0.4866
vn 0.9828 0.1832 -0.0237
vn 0.8348 0.1579 -0.5275
vn 0.4582 0.0894 -0.8843
vn -0.0399 -0.0030 -0.9992
vn -0.5237 -0.0940 -0.8467
vn -0.8667 -0.1597 -0.4725
vn -0.9827 -0.1836 0.0237
vn -0.8568 -0.0104 0.5155
vn -0.4882 -0.0061 0.8727
vn 0.0118 -0.0002 0.9999
vn 0.5115 0.0057 0.8593
vn 0.8748 0.0100 0.4844
vn 0.9996 0.0115 -0.0241
vn 0.8504 0.0100 -0.5260
vn 0.4695 0.0057 -0.8829
vn -0.0364 -0.0002 -0.9993
vn -0.5297 -0.0061 -0.8481
vn -0.8807 -0.0104 -0.4736
vn -0.9996 -0.0120 0.0241
vn -0.8504 0.0970 0.5171
vn -0.4820 0.0566 0.8744
vn 0.0161 0.0009 0.9999
vn 0.5117 -0.0553 0.8574
vn 0.8705 -0.0968 0.4826
vn 0.9934 -0.1121 -0.0240
vn 0.8462 -0.0968 -0.5240
vn 0.4698 -0.0553 -0.8811
vn -0.0321 0.0009 -0.9995
vn -0.5235 0.0566 -0.8501
vn -0.8743 0.0970 -0.4755
vn -0.9934 0.1118 0.0240
vn -0.8397 0.1612 0.5185
vn -0.4735 0.0935 0.8758
vn 0.0199 0.0008 0.9998
vn 0.5090 -0.0924 0.8558
vn 0.8617 -0.1609 0.4812
vn 0.9823 -0.1860 -0.0237
vn 0.8375 -0.1609 -0.5221
vn 0.4671 -0.0924 -0.8794
vn -0.0283 0.0008 -0.9996
vn -0.5151 0.0935 -0.8520
vn -0.8638 0.1612 -0.4774
vn -0.9823 0.1859 0.0237
vn -0.8332 0.1889 0.5197
vn -0.4678 0.1092 0.8770
vn 0.0230 0.0002 0.9997
vn 0.5079 -0.1088 0.8545
vn 0.8567 -0.1888 0.4800
vn 0.9757 -0.2181 -0.0235
vn 0.8326 -0.1888 -0.5207
vn 0.4661 -0.1088 -0.8780
vn -0.0252 0.0002 -0.9997
vn -0.5096 0.1092 -0.8535
vn -0.8573 0.1889 -0.4790
vn -0.9757 0.2180 0.0235
vn -0.8328 0.1876 0.5208
vn -0.4661 0.1082 0.8781
vn 0.0254 -0.0003 0.9997
vn 0.5098 -0.1086 0.8534
vn 0.8576 -0.1878 0.4789
vn 0.9759 -0.2167 -0.0235
vn 0.8335 -0.1878 -0.5196
vn 0.4681 -0.1086 -0.8770
vn -0.0228 -0.0003 -0.9997
vn -0.5079 0.1082 -0.8546
vn -0.8569 0.1876 -0.4801
vn -0.9759 0.2168 0.0235
vn -0.8373 0.1633 0.5218
vn -0.4675 0.0939 0.8790
vn 0.0274 -0.0006 0.9996
vn 0.5142 -0.0948 0.8524
vn 0.8631 -0.1636 0.4779
vn 0.9817 -0.1887 -0.0237
vn 0.8390 -0.1636 -0.5189
vn 0.4725 -0.0948 -0.8762
vn -0.0208 -0.0006 -0.9998
vn -0.5093 0.0939 -0.8554
vn -0.8615 0.1633 -0.4808
vn -0.9817 0.1888 0.0237
vn -0.8440 0.1204 0.5226
vn -0.4704 0.0691 0.8797
vn 0.0290 -0.0007 0.9996
vn 0.5194 -0.0701 0.8516
vn 0.8706 -0.1207 0.4770
vn 0.9900 -0.1392 -0.0239
vn 0.8465 -0.1207 -0.5184
vn 0.4778 -0.0701 -0.8757
vn -0.0192 -0.0007 -0.9998
vn -0.5123 0.0691 -0.8561
vn -0.8682 0.1204 -0.4813
vn -0.9900 0.1392 0.0239
vn -0.8498 0.0630 0.5233
vn -0.4730 0.0361 0.8803
vn 0.0302 -0.0004 0.9995
vn 0.5238 -0.0368 0.8510
vn 0.8770 -0.0632 0.4764
vn 0.9971 -0.0729 -0.0240
vn 0.8530 -0.0632 -0.5181
vn 0.4822 -0.0368 -0.8753
vn -0.0181 -0.0004 -0.9998
vn -0.5149 0.0361 -0.8565
vn -0.8741 0.0630 -0.4817
vn -0.9970 0.0729 0.0240
vn -0.8516 0.0312 0.5233
vn -0.4739 0.0179 0.8804
vn 0.0307 -0.0002 0.9995
vn 0.5255 -0.0182 0.8506
vn 0.8790 -0.0313 0.4759
vn 0.9991 -0.0361 -0.0241
vn 0.8550 -0.0313 -0.5177
vn 0.4839 -0.0182 -0.8749
vn -0.0176 -0.0002 -0.9998
vn -0.5158 0.0179 -0.8565
vn -0.8758 0.0312 -0.4816
vn -0.9991 0.0361 0.0241
vt 0.000000 1.000000
vt 0.083333 1.000000
vt 0.083333 0.916667
vt 0.000000 0.916667
vt 0.000000 0.083333
vt 0.083333 0.083333
vt 0.083333 0.000000
vt 0.000000 0.000000
vt 0.000000 0.166667
vt 0.083333 0.166667
vt 0.000000 0.250000
vt 0.083333 0.250000
vt 0.000000 0.333333
vt 0.083333 0.333333
vt 0.000000 0.416667
vt 0.083333 0.416667
vt 0.000000 0.500000
vt 0.083333 0.500000
vt 0.000000 0.583333
vt 0.083333 0.583333
vt 0.000000 0.666667
vt 0.083333 0.666667
vt 0.000000 0.750000
vt 0.083333 0.750000
vt 0.000000 0.833333
vt 0.083333 0.833333
vt 0.166667 1.000000
vt 0.166667 0.916667
vt 0.166667 0.083333
vt 0.166667 0.000000
vt 0.166667 0.166667
vt 0.166667 0.250000
vt 0.166667 0.333333
vt 0.166667 0.416667
vt 0.166667 0.500000
vt 0.166667 0.583333
vt 0.166667 0.666667
vt 0.166667 0.750000
vt 0.166667 0.833333
vt 0.250000 1.000000
vt 0.250000 0.916667
vt 0.250000 0.083333
vt 0.250000 0.000000
vt 0.250000 0.166667
vt 0.250000 0.250000
vt 0.250000 0.333333
vt 0.250000 0.416667
vt 0.250000 0.500000
vt 0.250000 0.583333
vt 0.250000 0.666667
vt 0.250000 0.750000
vt 0.250000 0.833333
vt 0.333333 1.000000
vt 0.333333 0.916667
vt 0.333333 0.083333
vt 0.333333 0.000000
vt 0.333333 0.166667
vt 0.333333 0.250000
vt 0.333333 0.333333
vt 0.333333 0.416667
vt 0.333333 0.500000
vt 0.333333 0.583333
vt 0.333333 0.666667
vt 0.333333 0.750000
vt 0.333333 0.833333
vt 0.416667 1.000000
vt 0.416667 0.916667
vt 0.416667 0.083333
vt 0.416667 0.000000
vt 0.416667 0.166667
vt 0.416667 0.250000
vt 0.416667 0.333333
vt 0.416667 0.416667
vt 0.416667 0.500000
vt 0.416667 0.583333
vt 0.416667 0.666667
vt 0.416667 0.750000
vt 0.416667 0.833333
vt 0.500000 1.000000
vt 0.500000 0.916667
vt 0.500000 0.083333
vt 0.500000 0.000000
vt 0.500000 0.166667
vt 0.500000 0.250000
vt 0.500000 0.333333
vt 0.500000 0.416667
vt 0.500000 0.500000
vt 0.500000 0.583333
vt 0.500000 0.666667
vt 0.500000 0.750000
vt 0.500000 0.833333
vt 0.583333 1.000000
vt 0.583333 0.916667
vt 0.583333 0.083333
vt 0.583333 0.000000
vt 0.583333 0.166667
vt 0.583333 0.250000
vt 0.583333 0.333333
vt 0.583333 0.416667
vt 0.583333 0.500000
vt 0.583333 0.583333
vt 0.583333 0.666667
vt 0.583333 0.750000
vt 0.583333 0.833333
vt 0.666667 1.000000
vt 0.666667 0.916667
vt 0.666667 0.083333
vt 0.666667 0.000000
vt 0.666667 0.166667
vt 0.666667 0.250000
vt 0.666667 0.333333
vt 0.666667 0.416667
vt 0.666667 0.500000
vt 0.666667 0.583333
vt 0.666667 0.666667
vt 0.666667 0.750000
vt 0.666667 0.833333
vt 0.750000 1.000000
vt 0.750000 0.916667
vt 0.750000 0.083333
vt 0.750000 0.000000
vt 0.750000 0.166667
vt 0.750000 0.250000
vt 0.750000 0.333333
vt 0.750000 0.416667
vt 0.750000 0.500000
vt 0.750000 0.583333
vt 0.750000 0.666667
vt 0.750000 0.750000
vt 0.750000 0.833333
vt 0.833333 1.000000
vt 0.833333 0.916667
vt 0.833333 0.083333
vt 0.833333 0.000000
vt 0.833333 0.166667
vt 0.833333 0.250000
vt 0.833333 0.333333
vt 0.833333 0.416667
vt 0.833333 0.500000
vt 0.833333 0.583333
vt 0.833333 0.666667
vt 0.833333 0.750000
vt 0.833333 0.833333
vt 0.916667 1.000000
vt 0.916667 0.916667
vt 0.916667 0.083333
vt 0.916667 0.000000
vt 0.916667 0.166667
vt 0.916667 0.250000
vt 0.916667 0.333333
vt 0.916667 0.416667
vt 0.916667 0.500000
vt 0.916667 0.583333
vt 0.916667 0.666667
vt 0.916667 0.750000
vt 0.916667 0.833333
vt 1.000000 1.000000
vt 1.000000 0.916667
vt 1.000000 0.083333
vt 1.000000 0.000000
vt 1.000000 0.166667
vt 1.000000 0.250000
vt 1.000000 0.333333
vt 1.000000 0.416667
vt 1.000000 0.500000
vt 1.000000 0.583333
vt 1.000000 0.666667
vt 1.000000 0.750000
vt 1.000000 0.833333
s 1
usemtl Material.003
f 2410/2807/2246 2422/2808/2258 2433/2809/2269 2421/2810/2257
f 2411/2811/2247 2423/2812/2259 2422/2813/2258 2410/2814/2246
f 2412/2815/2248 2424/2816/2260 2423/2812/2259 2411/2811/2247
f 2413/2817/2249 2425/2818/2261 2424/2816/2260 2412/2815/2248
f 2414/2819/2250 2426/2820/2262 2425/2818/2261 2413/2817/2249
f 2415/2821/2251 2427/2822/2263 2426/2820/2262 2414/2819/2250
f 2416/2823/2252 2428/2824/2264 2427/2822/2263 2415/2821/2251
f 2417/2825/2253 2429/2826/2265 2428/2824/2264 2416/2823/2252
f 2418/2827/2254 2430/2828/2266 2429/2826/2265 2417/2825/2253
f 2419/2829/2255 2431/2830/2267 2430/2828/2266 2418/2827/2254
f 2420/2831/2256 2432/2832/2268 2431/2830/2267 2419/2829/2255
f 2421/2810/2257 2433/2809/2269 2432/2832/2268 2420/2831/2256
f 2422/2808/2258 2434/2833/2270 2445/2834/2281 2433/2809/2269
f 2423/2812/2259 2435/2835/2271 2434/2836/2270 2422/2813/2258
f 2424/2816/2260 2436/2837/2272 2435/2835/2271 2423/2812/2259
f 2425/2818/2261 2437/2838/2273 2436/2837/2272 2424/2816/2260
f 2426/2820/2262 2438/2839/2274 2437/2838/2273 2425/2818/2261
f 2427/2822/2263 2439/2840/2275 2438/2839/2274 2426/2820/2262
f 2428/2824/2264 2440/2841/2276 2439/2840/2275 2427/2822/2263
f 2429/2826/2265 2441/2842/2277 2440/2841/2276 2428/2824/2264
f 2430/2828/2266 2442/2843/2278 2441/2842/2277 2429/2826/2265
f 2431/2830/2267 2443/2844/2279 2442/2843/2278 2430/2828/2266
f 2432/2832/2268 2444/2845/2280 2443/2844/2279 2431/2830/2267
f 2433/2809/2269 2445/2834/2281 2444/2845/2280 2432/2832/2268
f 2434/2833/2270 2446/2846/2282 2457/2847/2293 2445/2834/2281
f 2435/2835/2271 2447/2848/2283 2446/2849/2282 2434/2836/2270
f 2436/2837/2272 2448/2850/2284 2447/2848/2283 2435/2835/2271
f 2437/2838/2273 2449/2851/2285 2448/2850/2284 2436/2837/2272
f 2438/2839/2274 2450/2852/2286 2449/2851/2285 2437/2838/2273
f 2439/2840/2275 2451/2853/2287 2450/2852/2286 2438/2839/2274
f 2440/2841/2276 2452/2854/2288 2451/2853/2287 2439/2840/2275
f 2441/2842/2277 2453/2855/2289 2452/2854/2288 2440/2841/2276
f 2442/2843/2278 2454/2856/2290 2453/2855/2289 2441/2842/2277
f 2443/2844/2279 2455/2857/2291 2454/2856/2290 2442/2843/2278
f 2444/2845/2280 2456/2858/2292 2455/2857/2291 2443/2844/2279
f 2445/2834/2281 2457/2847/2293 2456/2858/2292 2444/2845/2280
f 2446/2846/2282 2458/2859/2294 2469/2860/2305 2457/2847/2293
f 2447/2848/2283 2459/2861/2295 2458/2862/2294 2446/2849/2282
f 2448/2850/2284 2460/2863/2296 2459/2861/2295 2447/2848/2283
f 2449/2851/2285 2461/2864/2297 2460/2863/2296 2448/2850/2284
f 2450/2852/2286 2462/2865/2298 2461/2864/2297 2449/2851/2285
f 2451/2853/2287 2463/2866/2299 2462/2865/2298 2450/2852/2286
f 2452/2854/2288 2464/2867/2300 2463/2866/2299 2451/2853/2287
f 2453/2855/2289 2465/2868/2301 2464/2867/2300 2452/2854/2288
f 2454/2856/2290 2466/2869/2302 2465/2868/2301 2453/2855/2289
f 2455/2857/2291 2467/2870/2303 2466/2869/2302 2454/2856/2290
f 2456/2858/2292 2468/2871/2304 2467/2870/2303 2455/2857/2291
f 2457/2847/2293 2469/2860/2305 2468/2871/2304 2456/2858/2292
f 2458/2859/2294 2470/2872/2306 2481/2873/2317 2469/2860/2305
f 2459/2861/2295 2471/2874/2307 2470/2875/2306 2458/2862/2294
f 2460/2863/2296 2472/2876/2308 2471/2874/2307 2459/2861/2295
f 2461/2864/2297 2473/2877/2309 2472/2876/2308 2460/2863/2296
f 2462/2865/2298 2474/2878/2310 2473/2877/2309 2461/2864/2297
f 2463/2866/2299 2475/2879/2311 2474/2878/2310 2462/2865/2298
f 2464/2867/2300 2476/2880/2312 2475/2879/2311 2463/2866/2299
f 2465/2868/2301 2477/2881/2313 2476/2880/2312 2464/2867/2300
f 2466/2869/2302 2478/2882/2314 2477/2881/2313 2465/2868/2301
f 2467/2870/2303 2479/2883/2315 2478/2882/2314 2466/2869/2302
f 2468/2871/2304 2480/2884/2316 2479/2883/2315 2467/2870/2303
f 2469/2860/2305 2481/2873/2317 2480/2884/2316 2468/2871/2304
f 2470/2872/2306 2482/2885/2318 2493/2886/2329 2481/2873/2317
f 2471/2874/2307 2483/2887/2319 2482/2888/2318 2470/2875/2306
f 2472/2876/2308 2484/2889/2320 2483/2887/2319 2471/2874/2307
f 2473/2877/2309 2485/2890/2321 2484/2889/2320 2472/2876/2308
f 2474/2878/2310 2486/2891/2322 2485/2890/2321 2473/2877/2309
f 2475/2879/2311 2487/2892/2323 2486/2891/2322 2474/2878/2310
f 2476/2880/2312 2488/2893/2324 2487/2892/2323 2475/2879/2311
f 2477/2881/2313 2489/2894/2325 2488/2893/2324 2476/2880/2312
f 2478/2882/2314 2490/2895/2326 2489/2894/2325 2477/2881/2313
f 2479/2883/2315 2491/2896/2327 2490/2895/2326 2478/2882/2314
f 2480/2884/2316 2492/2897/2328 2491/2896/2327 2479/2883/2315
f 2481/2873/2317 2493/2886/2329 2492/2897/2328 2480/2884/2316
f 2482/2885/2318 2494/2898/2330 2505/2899/2341 2493/2886/2329
f 2483/2887/2319 2495/2900/2331 2494/2901/2330 2482/2888/2318
f 2484/2889/2320 2496/2902/2332 2495/2900/2331 2483/2887/2319
f 2485/2890/2321 2497/2903/2333 2496/2902/2332 2484/2889/2320
f 2486/2891/2322 2498/2904/2334 2497/2903/2333 2485/2890/2321
f 2487/2892/2323 2499/2905/2335 2498/2904/2334 2486/2891/2322
f 2488/2893/2324 2500/2906/2336 2499/2905/2335 2487/2892/2323
f 2489/2894/2325 2501/2907/2337 2500/2906/2336 2488/2893/2324
f 2490/2895/2326 2502/2908/2338 2501/2907/2337 2489/2894/2325
f 2491/2896/2327 2503/2909/2339 2502/2908/2338 2490/2895/2326
f 2492/2897/2328 2504/2910/2340 2503/2909/2339 2491/2896/2327
f 2493/2886/2329 2505/2899/2341 2504/2910/2340 2492/2897/2328
f 2494/2898/2330 2506/2911/2342 2517/2912/2353 2505/2899/2341
f 2495/2900/2331 2507/2913/2343 2506/2914/2342 2494/2901/2330
f 2496/2902/2332 2508/2915/2344 2507/2913/2343 2495/2900/2331
f 2497/2903/2333 2509/2916/2345 2508/2915/2344 2496/2902/2332
f 2498/2904/2334 2510/2917/2346 2509/2916/2345 2497/2903/2333
f 2499/2905/2335 2511/2918/2347 2510/2917/2346 2498/2904/2334
f 2500/2906/2336 2512/2919/2348 2511/2918/2347 2499/2905/2335
f 2501/2907/2337 2513/2920/2349 2512/2919/2348 2500/2906/2336
f 2502/2908/2338 2514/2921/2350 2513/2920/2349 2501/2907/2337
f 2503/2909/2339 2515/2922/2351 2514/2921/2350 2502/2908/2338
f 2504/2910/2340 2516/2923/2352 2515/2922/2351 2503/2909/2339
f 2505/2899/2341 2517/2912/2353 2516/2923/2352 2504/2910/2340
f 2506/2911/2342 2518/2924/2354 2529/2925/2365 2517/2912/2353
f 2507/2913/2343 2519/2926/2355 2518/2927/2354 2506/2914/2342
f 2508/2915/2344 2520/2928/2356 2519/2926/2355 2507/2913/2343
f 2509/2916/2345 2521/2929/2357 2520/2928/2356 2508/2915/2344
f 2510/2917/2346 2522/2930/2358 2521/2929/2357 2509/2916/2345
f 2511/2918/2347 2523/2931/2359 2522/2930/2358 2510/2917/2346
f 2512/2919/2348 2524/2932/2360 2523/2931/2359 2511/2918/2347
f 2513/2920/2349 2525/2933/2361 2524/2932/2360 2512/2919/2348
f 2514/2921/2350 2526/2934/2362 2525/2933/2361 2513/2920/2349
f 2515/2922/2351 2527/2935/2363 2526/2934/2362 2514/2921/2350
f 2516/2923/2352 2528/2936/2364 2527/2935/2363 2515/2922/2351
f 2517/2912/2353 2529/2925/2365 2528/2936/2364 2516/2923/2352
f 2518/2924/2354 2530/2937/2366 2541/2938/2377 2529/2925/2365
f 2519/2926/2355 2531/2939/2367 2530/2940/2366 2518/2927/2354
f 2520/2928/2356 2532/2941/2368 2531/2939/2367 2519/2926/2355
f 2521/2929/2357 2533/2942/2369 2532/2941/2368 2520/2928/2356
f 2522/2930/2358 2534/2943/2370 2533/2942/2369 2521/2929/2357
f 2523/2931/2359 2535/2944/2371 2534/2943/2370 2522/2930/2358
f 2524/2932/2360 2536/2945/2372 2535/2944/2371 2523/2931/2359
f 2525/2933/2361 2537/2946/2373 2536/2945/2372 2524/2932/2360
f 2526/2934/2362 2538/2947/2374 2537/2946/2373 2525/2933/2361
f 2527/2935/2363 2539/2948/2375 2538/2947/2374 2526/2934/2362
f 2528/2936/2364 2540/2949/2376 2539/2948/2375 2527/2935/2363
f 2529/2925/2365 2541/2938/2377 2540/2949/2376 2528/2936/2364
f 2530/2937/2366 2542/2950/2378 2553/2951/2389 2541/2938/2377
f 2531/2939/2367 2543/2952/2379 2542/2953/2378 2530/2940/2366
f 2532/2941/2368 2544/2954/2380 2543/2952/2379 2531/2939/2367
f 2533/2942/2369 2545/2955/2381 2544/2954/2380 2532/2941/2368
f 2534/2943/2370 2546/2956/2382 2545/2955/2381 2533/2942/2369
f 2535/2944/2371 2547/2957/2383 2546/2956/2382 2534/2943/2370
f 2536/2945/2372 2548/2958/2384 2547/2957/2383 2535/2944/2371
f 2537/2946/2373 2549/2959/2385 2548/2958/2384 2536/2945/2372
f 2538/2947/2374 2550/2960/2386 2549/2959/2385 2537/2946/2373
f 2539/2948/2375 2551/2961/2387 2550/2960/2386 2538/2947/2374
f 2540/2949/2376 2552/2962/2388 2551/2961/2387 2539/2948/2375
f 2541/2938/2377 2553/2951/2389 2552/2962/2388 2540/2949/2376
f 2542/2950/2378 2554/2963/2390 2565/2964/2401 2553/2951/2389
f 2543/2952/2379 2555/2965/2391 2554/2966/2390 2542/2953/2378
f 2544/2954/2380 2556/2967/2392 2555/2965/2391 2543/2952/2379
f 2545/2955/2381 2557/2968/2393 2556/2967/2392 2544/2954/2380
f 2546/2956/2382 2558/2969/2394 2557/2968/2393 2545/2955/2381
f 2547/2957/2383 2559/2970/2395 2558/2969/2394 2546/2956/2382
f 2548/2958/2384 2560/2971/2396 2559/2970/2395 2547/2957/2383
f 2549/2959/2385 2561/2972/2397 2560/2971/2396 2548/2958/2384
f 2550/2960/2386 2562/2973/2398 2561/2972/2397 2549/2959/2385
f 2551/2961/2387 2563/2974/2399 2562/2973/2398 2550/2960/2386
f 2552/2962/2388 2564/2975/2400 2563/2974/2399 2551/2961/2387
f 2553/2951/2389 2565/2964/2401 2564/2975/2400 2552/2962/2388
o BézierCurve
v 4.042213 1.161699 -4.235980
v 4.050573 1.169844 -4.224701
v 4.061716 1.180971 -4.220767
v 4.072657 1.192098 -4.225234
v 4.080463 1.200244 -4.236902
v 4.083044 1.203225 -4.252647
v 4.079707 1.200244 -4.268249
v 4.071347 1.192098 -4.279528
v 4.060204 1.180971 -4.283462
v 4.049263 1.169844 -4.278996
v 4.041457 1.161699 -4.267327
v 4.038877 1.158717 -4.251582
v 3.873582 1.361456 -4.231913
v 3.883328 1.367937 -4.220668
v 3.896365 1.376790 -4.216780
v 3.909199 1.385643 -4.221292
v 3.918392 1.392124 -4.232994
v 3.921480 1.394497 -4.248751
v 3.917636 1.392124 -4.264341
v 3.907890 1.385643 -4.275586
v 3.894853 1.376790 -4.279474
v 3.882019 1.367937 -4.274962
v 3.872826 1.361456 -4.263260
v 3.869738 1.359084 -4.247503
v 3.762665 1.565206 -4.229238
v 3.773551 1.569575 -4.218020
v 3.788146 1.575543 -4.214170
v 3.802538 1.581511 -4.218719
v 3.812872 1.585879 -4.230449
v 3.816377 1.587479 -4.246216
v 3.812116 1.585879 -4.261796
v 3.801229 1.581511 -4.273014
v 3.786634 1.575543 -4.276864
v 3.772242 1.569575 -4.272315
v 3.761909 1.565206 -4.260585
v 3.758403 1.563607 -4.244818
v 3.701822 1.774939 -4.227771
v 3.713378 1.777044 -4.216569
v 3.728887 1.779920 -4.212741
v 3.744193 1.782796 -4.217312
v 3.755195 1.784901 -4.229058
v 3.758946 1.785671 -4.244831
v 3.754439 1.784901 -4.260405
v 3.742883 1.782796 -4.271607
v 3.727375 1.779920 -4.275435
v 3.712068 1.777044 -4.270864
v 3.701066 1.774939 -4.259118
v 3.697315 1.774168 -4.243345
v 3.682890 1.992294 -4.227314
v 3.694639 1.992429 -4.216117
v 3.710413 1.992614 -4.212296
v 3.725984 1.992798 -4.216873
v 3.737180 1.992933 -4.228623
v 3.741002 1.992982 -4.244398
v 3.736424 1.992933 -4.259971
v 3.724675 1.992798 -4.271168
v 3.708901 1.992614 -4.274990
v 3.693330 1.992429 -4.270412
v 3.682134 1.992294 -4.258661
v 3.678312 1.992245 -4.242887
v 3.697197 2.219354 -4.227659
v 3.708876 2.218070 -4.216461
v 3.724552 2.216316 -4.212636
v 3.740026 2.214561 -4.217212
v 3.751151 2.213277 -4.228961
v 3.754946 2.212807 -4.244735
v 3.750395 2.213277 -4.260307
v 3.738717 2.214561 -4.271506
v 3.723040 2.216316 -4.275331
v 3.707566 2.218070 -4.270755
v 3.696441 2.219354 -4.259007
v 3.692646 2.219824 -4.243232
v 3.736079 2.458766 -4.228597
v 3.747629 2.456632 -4.217395
v 3.763131 2.453717 -4.213567
v 3.778430 2.450803 -4.218138
v 3.789427 2.448669 -4.229884
v 3.793175 2.447888 -4.245656
v 3.788671 2.448669 -4.261230
v 3.777120 2.450803 -4.272432
v 3.761619 2.453717 -4.276261
v 3.746320 2.456632 -4.271689
v 3.735323 2.458766 -4.259944
v 3.731574 2.459547 -4.244171
v 3.791103 2.713432 -4.229924
v 3.802577 2.710930 -4.218720
v 3.817975 2.707511 -4.214890
v 3.833170 2.704093 -4.219458
v 3.844091 2.701590 -4.231202
v 3.847812 2.700674 -4.246974
v 3.843335 2.701590 -4.262549
v 3.831861 2.704093 -4.273753
v 3.816463 2.707511 -4.277583
v 3.801268 2.710930 -4.273015
v 3.790347 2.713432 -4.261271
v 3.786627 2.714348 -4.245499
v 3.854033 2.986274 -4.231441
v 3.865510 2.983786 -4.220238
v 3.880913 2.980388 -4.216407
v 3.896112 2.976990 -4.220976
v 3.907036 2.974502 -4.232720
v 3.910758 2.973591 -4.248492
v 3.906281 2.974502 -4.264067
v 3.894803 2.976990 -4.275270
v 3.879401 2.980388 -4.279101
v 3.864201 2.983786 -4.274532
v 3.853277 2.986274 -4.262788
v 3.849555 2.987185 -4.247016
v 3.916732 3.280165 -4.232954
v 3.928276 3.277998 -4.221751
v 3.943769 3.275040 -4.217923
v 3.959060 3.272080 -4.222494
v 3.970051 3.269914 -4.234239
v 3.973797 3.269122 -4.250012
v 3.969295 3.269914 -4.265586
v 3.957751 3.272080 -4.276788
v 3.942257 3.275040 -4.280617
v 3.926967 3.277998 -4.276046
v 3.915976 3.280165 -4.264300
v 3.912230 3.280957 -4.248528
v 3.971112 3.597939 -4.234265
v 3.982750 3.596341 -4.223065
v 3.998372 3.594158 -4.219240
v 4.013792 3.591975 -4.223814
v 4.024878 3.590377 -4.235561
v 4.028658 3.589792 -4.251335
v 4.024121 3.590377 -4.266909
v 4.012483 3.591975 -4.278108
v 3.996861 3.594158 -4.281934
v 3.981441 3.596341 -4.277359
v 3.970356 3.597939 -4.265612
v 3.966575 3.598523 -4.249838
v 4.009095 3.942414 -4.235181
v 4.020815 3.941577 -4.223983
v 4.036548 3.940434 -4.220160
v 4.052079 3.939292 -4.224737
v 4.063245 3.938455 -4.236487
v 4.067056 3.938149 -4.252261
v 4.062490 3.938455 -4.267834
v 4.050769 3.939292 -4.279032
v 4.035037 3.940434 -4.282854
v 4.019506 3.941577 -4.278278
v 4.008339 3.942414 -4.266528
v 4.004529 3.942720 -4.250753
v 4.022598 4.316461 -4.235507
v 4.034349 4.316503 -4.224309
v 4.050124 4.316561 -4.220488
v 4.065696 4.316619 -4.225065
v 4.076893 4.316661 -4.236816
v 4.080714 4.316677 -4.252591
v 4.076137 4.316661 -4.268163
v 4.064386 4.316619 -4.279360
v 4.048612 4.316561 -4.283182
v 4.033040 4.316503 -4.278604
v 4.021842 4.316461 -4.266853
v 4.018021 4.316445 -4.251079
vn -0.6530 -0.5616 0.5081
vn -0.3706 -0.3306 0.8680
vn 0.0130 -0.0094 0.9999
vn 0.3957 0.3166 0.8621
vn 0.6714 0.5572 0.4886
vn 0.7636 0.6454 -0.0184
vn 0.6471 0.5572 -0.5204
vn 0.3537 0.3166 -0.8801
vn -0.0352 -0.0094 -0.9993
vn -0.4120 -0.3306 -0.8491
vn -0.6768 -0.5616 -0.4760
vn -0.7638 -0.6452 0.0184
vn -0.7060 -0.4912 0.5101
vn -0.4020 -0.2892 0.8688
vn 0.0103 -0.0094 0.9999
vn 0.4230 0.2752 0.8633
vn 0.7232 0.4867 0.4901
vn 0.8250 0.5648 -0.0199
vn 0.6987 0.4867 -0.5244
vn 0.3809 0.2752 -0.8827
vn -0.0379 -0.0094 -0.9992
vn -0.4434 -0.2892 -0.8484
vn -0.7298 -0.4912 -0.4755
vn -0.8251 -0.5646 0.0199
vn -0.7926 -0.3313 0.5119
vn -0.4535 -0.1953 0.8696
vn 0.0076 -0.0068 0.9999
vn 0.4706 0.1851 0.8627
vn 0.8085 0.3279 0.4887
vn 0.9245 0.3806 -0.0223
vn 0.7840 0.3279 -0.5271
vn 0.4284 0.1851 -0.8844
vn -0.0406 -0.0068 -0.9992
vn -0.4949 -0.1953 -0.8467
vn -0.8164 -0.3313 -0.4731
vn -0.9244 -0.3807 0.0223
vn -0.8430 -0.1597 0.5137
vn -0.4822 -0.0940 0.8710
vn 0.0083 -0.0030 1.0000
vn 0.5003 0.0894 0.8612
vn 0.8592 0.1579 0.4866
vn 0.9828 0.1832 -0.0237
vn 0.8348 0.1579 -0.5275
vn 0.4582 0.0894 -0.8843
vn -0.0399 -0.0030 -0.9992
vn -0.5237 -0.0940 -0.8467
vn -0.8667 -0.1597 -0.4725
vn -0.9827 -0.1836 0.0237
vn -0.8568 -0.0104 0.5155
vn -0.4882 -0.0061 0.8727
vn 0.0118 -0.0002 0.9999
vn 0.5115 0.0057 0.8593
vn 0.8748 0.0100 0.4844
vn 0.9996 0.0115 -0.0241
vn 0.8504 0.0100 -0.5260
vn 0.4695 0.0057 -0.8829
vn -0.0364 -0.0002 -0.9993
vn -0.5297 -0.0061 -0.8481
vn -0.8807 -0.0104 -0.4736
vn -0.9996 -0.0120 0.0241
vn -0.8504 0.0970 0.5171
vn -0.4820 0.0566 0.8744
vn 0.0161 0.0009 0.9999
vn 0.5117 -0.0553 0.8574
vn 0.8705 -0.0968 0.4826
vn 0.9934 -0.1121 -0.0240
vn 0.8462 -0.0968 -0.5240
vn 0.4698 -0.0553 -0.8811
vn -0.0321 0.0009 -0.9995
vn -0.5235 0.0566 -0.8501
vn -0.8743 0.0970 -0.4755
vn -0.9934 0.1118 0.0240
vn -0.8397 0.1612 0.5185
vn -0.4735 0.0935 0.8758
vn 0.0199 0.0008 0.9998
vn 0.5090 -0.0924 0.8558
vn 0.8617 -0.1609 0.4812
vn 0.9823 -0.1860 -0.0237
vn 0.8375 -0.1609 -0.5221
vn 0.4671 -0.0924 -0.8794
vn -0.0283 0.0008 -0.9996
vn -0.5151 0.0935 -0.8520
vn -0.8638 0.1612 -0.4774
vn -0.9823 0.1859 0.0237
vn -0.8332 0.1889 0.5197
vn -0.4678 0.1092 0.8770
vn 0.0230 0.0002 0.9997
vn 0.5079 -0.1088 0.8545
vn 0.8567 -0.1888 0.4800
vn 0.9757 -0.2181 -0.0235
vn 0.8326 -0.1888 -0.5207
vn 0.4661 -0.1088 -0.8780
vn -0.0252 0.0002 -0.9997
vn -0.5096 0.1092 -0.8535
vn -0.8573 0.1889 -0.4790
vn -0.9757 0.2180 0.0235
vn -0.8328 0.1876 0.5208
vn -0.4661 0.1082 0.8781
vn 0.0254 -0.0003 0.9997
vn 0.5098 -0.1086 0.8534
vn 0.8576 -0.1878 0.4789
vn 0.9759 -0.2167 -0.0235
vn 0.8335 -0.1878 -0.5196
vn 0.4681 -0.1086 -0.8770
vn -0.0228 -0.0003 -0.9997
vn -0.5079 0.1082 -0.8546
vn -0.8569 0.1876 -0.4801
vn -0.9759 0.2168 0.0235
vn -0.8373 0.1633 0.5218
vn -0.4675 0.0939 0.8790
vn 0.0274 -0.0006 0.9996
vn 0.5142 -0.0948 0.8524
vn 0.8631 -0.1636 0.4779
vn 0.9817 -0.1887 -0.0237
vn 0.8390 -0.1636 -0.5189
vn 0.4725 -0.0948 -0.8762
vn -0.0208 -0.0006 -0.9998
vn -0.5093 0.0939 -0.8554
vn -0.8615 0.1633 -0.4808
vn -0.9817 0.1888 0.0237
vn -0.8440 0.1204 0.5226
vn -0.4704 0.0691 0.8797
vn 0.0290 -0.0007 0.9996
vn 0.5194 -0.0701 0.8516
vn 0.8706 -0.1207 0.4770
vn 0.9900 -0.1392 -0.0239
vn 0.8465 -0.1207 -0.5184
vn 0.4778 -0.0701 -0.8757
vn -0.0192 -0.0007 -0.9998
vn -0.5123 0.0691 -0.8561
vn -0.8682 0.1204 -0.4813
vn -0.9900 0.1392 0.0239
vn -0.8498 0.0630 0.5233
vn -0.4730 0.0361 0.8803
vn 0.0302 -0.0004 0.9995
vn 0.5238 -0.0368 0.8510
vn 0.8770 -0.0632 0.4764
vn 0.9971 -0.0729 -0.0240
vn 0.8530 -0.0632 -0.5181
vn 0.4822 -0.0368 -0.8753
vn -0.0181 -0.0004 -0.9998
vn -0.5149 0.0361 -0.8565
vn -0.8741 0.0630 -0.4817
vn -0.9970 0.0729 0.0240
vn -0.8516 0.0312 0.5233
vn -0.4739 0.0179 0.8804
vn 0.0307 -0.0002 0.9995
vn 0.5255 -0.0182 0.8506
vn 0.8790 -0.0313 0.4759
vn 0.9991 -0.0361 -0.0241
vn 0.8550 -0.0313 -0.5177
vn 0.4839 -0.0182 -0.8749
vn -0.0176 -0.0002 -0.9998
vn -0.5158 0.0179 -0.8565
vn -0.8758 0.0312 -0.4816
vn -0.9991 0.0361 0.0241
vt 0.000000 1.000000
vt 0.083333 1.000000
vt 0.083333 0.916667
vt 0.000000 0.916667
vt 0.000000 0.083333
vt 0.083333 0.083333
vt 0.083333 0.000000
vt 0.000000 0.000000
vt 0.000000 0.166667
vt 0.083333 0.166667
vt 0.000000 0.250000
vt 0.083333 0.250000
vt 0.000000 0.333333
vt 0.083333 0.333333
vt 0.000000 0.416667
vt 0.083333 0.416667
vt 0.000000 0.500000
vt 0.083333 0.500000
vt 0.000000 0.583333
vt 0.083333 0.583333
vt 0.000000 0.666667
vt 0.083333 0.666667
vt 0.000000 0.750000
vt 0.083333 0.750000
vt 0.000000 0.833333
vt 0.083333 0.833333
vt 0.166667 1.000000
vt 0.166667 0.916667
vt 0.166667 0.083333
vt 0.166667 0.000000
vt 0.166667 0.166667
vt 0.166667 0.250000
vt 0.166667 0.333333
vt 0.166667 0.416667
vt 0.166667 0.500000
vt 0.166667 0.583333
vt 0.166667 0.666667
vt 0.166667 0.750000
vt 0.166667 0.833333
vt 0.250000 1.000000
vt 0.250000 0.916667
vt 0.250000 0.083333
vt 0.250000 0.000000
vt 0.250000 0.166667
vt 0.250000 0.250000
vt 0.250000 0.333333
vt 0.250000 0.416667
vt 0.250000 0.500000
vt 0.250000 0.583333
vt 0.250000 0.666667
vt 0.250000 0.750000
vt 0.250000 0.833333
vt 0.333333 1.000000
vt 0.333333 0.916667
vt 0.333333 0.083333
vt 0.333333 0.000000
vt 0.333333 0.166667
vt 0.333333 0.250000
vt 0.333333 0.333333
vt 0.333333 0.416667
vt 0.333333 0.500000
vt 0.333333 0.583333
vt 0.333333 0.666667
vt 0.333333 0.750000
vt 0.333333 0.833333
vt 0.416667 1.000000
vt 0.416667 0.916667
vt 0.416667 0.083333
vt 0.416667 0.000000
vt 0.416667 0.166667
vt 0.416667 0.250000
vt 0.416667 0.333333
vt 0.416667 0.416667
vt 0.416667 0.500000
vt 0.416667 0.583333
vt 0.416667 0.666667
vt 0.416667 0.750000
vt 0.416667 0.833333
vt 0.500000 1.000000
vt 0.500000 0.916667
vt 0.500000 0.083333
vt 0.500000 0.000000
vt 0.500000 0.166667
vt 0.500000 0.250000
vt 0.500000 0.333333
vt 0.500000 0.416667
vt 0.500000 0.500000
vt 0.500000 0.583333
vt 0.500000 0.666667
vt 0.500000 0.750000
vt 0.500000 0.833333
vt 0.583333 1.000000
vt 0.583333 0.916667
vt 0.583333 0.083333
vt 0.583333 0.000000
vt 0.583333 0.166667
vt 0.583333 0.250000
vt 0.583333 0.333333
vt 0.583333 0.416667
vt 0.583333 0.500000
vt 0.583333 0.583333
vt 0.583333 0.666667
vt 0.583333 0.750000
vt 0.583333 0.833333
vt 0.666667 1.000000
vt 0.666667 0.916667
vt 0.666667 0.083333
vt 0.666667 0.000000
vt 0.666667 0.166667
vt 0.666667 0.250000
vt 0.666667 0.333333
vt 0.666667 0.416667
vt 0.666667 0.500000
vt 0.666667 0.583333
vt 0.666667 0.666667
vt 0.666667 0.750000
vt 0.666667 0.833333
vt 0.750000 1.000000
vt 0.750000 0.916667
vt 0.750000 0.083333
vt 0.750000 0.000000
vt 0.750000 0.166667
vt 0.750000 0.250000
vt 0.750000 0.333333
vt 0.750000 0.416667
vt 0.750000 0.500000
vt 0.750000 0.583333
vt 0.750000 0.666667
vt 0.750000 0.750000
vt 0.750000 0.833333
vt 0.833333 1.000000
vt 0.833333 0.916667
vt 0.833333 0.083333
vt 0.833333 0.000000
vt 0.833333 0.166667
vt 0.833333 0.250000
vt 0.833333 0.333333
vt 0.833333 0.416667
vt 0.833333 0.500000
vt 0.833333 0.583333
vt 0.833333 0.666667
vt 0.833333 0.750000
vt 0.833333 0.833333
vt 0.916667 1.000000
vt 0.916667 0.916667
vt 0.916667 0.083333
vt 0.916667 0.000000
vt 0.916667 0.166667
vt 0.916667 0.250000
vt 0.916667 0.333333
vt 0.916667 0.416667
vt 0.916667 0.500000
vt 0.916667 0.583333
vt 0.916667 0.666667
vt 0.916667 0.750000
vt 0.916667 0.833333
vt 1.000000 1.000000
vt 1.000000 0.916667
vt 1.000000 0.083333
vt 1.000000 0.000000
vt 1.000000 0.166667
vt 1.000000 0.250000
vt 1.000000 0.333333
vt 1.000000 0.416667
vt 1.000000 0.500000
vt 1.000000 0.583333
vt 1.000000 0.666667
vt 1.000000 0.750000
vt 1.000000 0.833333
s 1
usemtl Material.003
f 2566/2976/2402 2578/2977/2414 2589/2978/2425 2577/2979/2413
f 2567/2980/2403 2579/2981/2415 2578/2982/2414 2566/2983/2402
f 2568/2984/2404 2580/2985/2416 2579/2981/2415 2567/2980/2403
f 2569/2986/2405 2581/2987/2417 2580/2985/2416 2568/2984/2404
f 2570/2988/2406 2582/2989/2418 2581/2987/2417 2569/2986/2405
f 2571/2990/2407 2583/2991/2419 2582/2989/2418 2570/2988/2406
f 2572/2992/2408 2584/2993/2420 2583/2991/2419 2571/2990/2407
f 2573/2994/2409 2585/2995/2421 2584/2993/2420 2572/2992/2408
f 2574/2996/2410 2586/2997/2422 2585/2995/2421 2573/2994/2409
f 2575/2998/2411 2587/2999/2423 2586/2997/2422 2574/2996/2410
f 2576/3000/2412 2588/3001/2424 2587/2999/2423 2575/2998/2411
f 2577/2979/2413 2589/2978/2425 2588/3001/2424 2576/3000/2412
f 2578/2977/2414 2590/3002/2426 2601/3003/2437 2589/2978/2425
f 2579/2981/2415 2591/3004/2427 2590/3005/2426 2578/2982/2414
f 2580/2985/2416 2592/3006/2428 2591/3004/2427 2579/2981/2415
f 2581/2987/2417 2593/3007/2429 2592/3006/2428 2580/2985/2416
f 2582/2989/2418 2594/3008/2430 2593/3007/2429 2581/2987/2417
f 2583/2991/2419 2595/3009/2431 2594/3008/2430 2582/2989/2418
f 2584/2993/2420 2596/3010/2432 2595/3009/2431 2583/2991/2419
f 2585/2995/2421 2597/3011/2433 2596/3010/2432 2584/2993/2420
f 2586/2997/2422 2598/3012/2434 2597/3011/2433 2585/2995/2421
f 2587/2999/2423 2599/3013/2435 2598/3012/2434 2586/2997/2422
f 2588/3001/2424 2600/3014/2436 2599/3013/2435 2587/2999/2423
f 2589/2978/2425 2601/3003/2437 2600/3014/2436 2588/3001/2424
f 2590/3002/2426 2602/3015/2438 2613/3016/2449 2601/3003/2437
f 2591/3004/2427 2603/3017/2439 2602/3018/2438 2590/3005/2426
f 2592/3006/2428 2604/3019/2440 2603/3017/2439 2591/3004/2427
f 2593/3007/2429 2605/3020/2441 2604/3019/2440 2592/3006/2428
f 2594/3008/2430 2606/3021/2442 2605/3020/2441 2593/3007/2429
f 2595/3009/2431 2607/3022/2443 2606/3021/2442 2594/3008/2430
f 2596/3010/2432 2608/3023/2444 2607/3022/2443 2595/3009/2431
f 2597/3011/2433 2609/3024/2445 2608/3023/2444 2596/3010/2432
f 2598/3012/2434 2610/3025/2446 2609/3024/2445 2597/3011/2433
f 2599/3013/2435 2611/3026/2447 2610/3025/2446 2598/3012/2434
f 2600/3014/2436 2612/3027/2448 2611/3026/2447 2599/3013/2435
f 2601/3003/2437 2613/3016/2449 2612/3027/2448 2600/3014/2436
f 2602/3015/2438 2614/3028/2450 2625/3029/2461 2613/3016/2449
f 2603/3017/2439 2615/3030/2451 2614/3031/2450 2602/3018/2438
f 2604/3019/2440 2616/3032/2452 2615/3030/2451 2603/3017/2439
f 2605/3020/2441 2617/3033/2453 2616/3032/2452 2604/3019/2440
f 2606/3021/2442 2618/3034/2454 2617/3033/2453 2605/3020/2441
f 2607/3022/2443 2619/3035/2455 2618/3034/2454 2606/3021/2442
f 2608/3023/2444 2620/3036/2456 2619/3035/2455 2607/3022/2443
f 2609/3024/2445 2621/3037/2457 2620/3036/2456 2608/3023/2444
f 2610/3025/2446 2622/3038/2458 2621/3037/2457 2609/3024/2445
f 2611/3026/2447 2623/3039/2459 2622/3038/2458 2610/3025/2446
f 2612/3027/2448 2624/3040/2460 2623/3039/2459 2611/3026/2447
f 2613/3016/2449 2625/3029/2461 2624/3040/2460 2612/3027/2448
f 2614/3028/2450 2626/3041/2462 2637/3042/2473 2625/3029/2461
f 2615/3030/2451 2627/3043/2463 2626/3044/2462 2614/3031/2450
f 2616/3032/2452 2628/3045/2464 2627/3043/2463 2615/3030/2451
f 2617/3033/2453 2629/3046/2465 2628/3045/2464 2616/3032/2452
f 2618/3034/2454 2630/3047/2466 2629/3046/2465 2617/3033/2453
f 2619/3035/2455 2631/3048/2467 2630/3047/2466 2618/3034/2454
f 2620/3036/2456 2632/3049/2468 2631/3048/2467 2619/3035/2455
f 2621/3037/2457 2633/3050/2469 2632/3049/2468 2620/3036/2456
f 2622/3038/2458 2634/3051/2470 2633/3050/2469 2621/3037/2457
f 2623/3039/2459 2635/3052/2471 2634/3051/2470 2622/3038/2458
f 2624/3040/2460 2636/3053/2472 2635/3052/2471 2623/3039/2459
f 2625/3029/2461 2637/3042/2473 2636/3053/2472 2624/3040/2460
f 2626/3041/2462 2638/3054/2474 2649/3055/2485 2637/3042/2473
f 2627/3043/2463 2639/3056/2475 2638/3057/2474 2626/3044/2462
f 2628/3045/2464 2640/3058/2476 2639/3056/2475 2627/3043/2463
f 2629/3046/2465 2641/3059/2477 2640/3058/2476 2628/3045/2464
f 2630/3047/2466 2642/3060/2478 2641/3059/2477 2629/3046/2465
f 2631/3048/2467 2643/3061/2479 2642/3060/2478 2630/3047/2466
f 2632/3049/2468 2644/3062/2480 2643/3061/2479 2631/3048/2467
f 2633/3050/2469 2645/3063/2481 2644/3062/2480 2632/3049/2468
f 2634/3051/2470 2646/3064/2482 2645/3063/2481 2633/3050/2469
f 2635/3052/2471 2647/3065/2483 2646/3064/2482 2634/3051/2470
f 2636/3053/2472 2648/3066/2484 2647/3065/2483 2635/3052/2471
f 2637/3042/2473 2649/3055/2485 2648/3066/2484 2636/3053/2472
f 2638/3054/2474 2650/3067/2486 2661/3068/2497 2649/3055/2485
f 2639/3056/2475 2651/3069/2487 2650/3070/2486 2638/3057/2474
f 2640/3058/2476 2652/3071/2488 2651/3069/2487 2639/3056/2475
f 2641/3059/2477 2653/3072/2489 2652/3071/2488 2640/3058/2476
f 2642/3060/2478 2654/3073/2490 2653/3072/2489 2641/3059/2477
f 2643/3061/2479 2655/3074/2491 2654/3073/2490 2642/3060/2478
f 2644/3062/2480 2656/3075/2492 2655/3074/2491 2643/3061/2479
f 2645/3063/2481 2657/3076/2493 2656/3075/2492 2644/3062/2480
f 2646/3064/2482 2658/3077/2494 2657/3076/2493 2645/3063/2481
f 2647/3065/2483 2659/3078/2495 2658/3077/2494 2646/3064/2482
f 2648/3066/2484 2660/3079/2496 2659/3078/2495 2647/3065/2483
f 2649/3055/2485 2661/3068/2497 2660/3079/2496 2648/3066/2484
f 2650/3067/2486 2662/3080/2498 2673/3081/2509 2661/3068/2497
f 2651/3069/2487 2663/3082/2499 2662/3083/2498 2650/3070/2486
f 2652/3071/2488 2664/3084/2500 2663/3082/2499 2651/3069/2487
f 2653/3072/2489 2665/3085/2501 2664/3084/2500 2652/3071/2488
f 2654/3073/2490 2666/3086/2502 2665/3085/2501 2653/3072/2489
f 2655/3074/2491 2667/3087/2503 2666/3086/2502 2654/3073/2490
f 2656/3075/2492 2668/3088/2504 2667/3087/2503 2655/3074/2491
f 2657/3076/2493 2669/3089/2505 2668/3088/2504 2656/3075/2492
f 2658/3077/2494 2670/3090/2506 2669/3089/2505 2657/3076/2493
f 2659/3078/2495 2671/3091/2507 2670/3090/2506 2658/3077/2494
f 2660/3079/2496 2672/3092/2508 2671/3091/2507 2659/3078/2495
f 2661/3068/2497 2673/3081/2509 2672/3092/2508 2660/3079/2496
f 2662/3080/2498 2674/3093/2510 2685/3094/2521 2673/3081/2509
f 2663/3082/2499 2675/3095/2511 2674/3096/2510 2662/3083/2498
f 2664/3084/2500 2676/3097/2512 2675/3095/2511 2663/3082/2499
f 2665/3085/2501 2677/3098/2513 2676/3097/2512 2664/3084/2500
f 2666/3086/2502 2678/3099/2514 2677/3098/2513 2665/3085/2501
f 2667/3087/2503 2679/3100/2515 2678/3099/2514 2666/3086/2502
f 2668/3088/2504 2680/3101/2516 2679/3100/2515 2667/3087/2503
f 2669/3089/2505 2681/3102/2517 2680/3101/2516 2668/3088/2504
f 2670/3090/2506 2682/3103/2518 2681/3102/2517 2669/3089/2505
f 2671/3091/2507 2683/3104/2519 2682/3103/2518 2670/3090/2506
f 2672/3092/2508 2684/3105/2520 2683/3104/2519 2671/3091/2507
f 2673/3081/2509 2685/3094/2521 2684/3105/2520 2672/3092/2508
f 2674/3093/2510 2686/3106/2522 2697/3107/2533 2685/3094/2521
f 2675/3095/2511 2687/3108/2523 2686/3109/2522 2674/3096/2510
f 2676/3097/2512 2688/3110/2524 2687/3108/2523 2675/3095/2511
f 2677/3098/2513 2689/3111/2525 2688/3110/2524 2676/3097/2512
f 2678/3099/2514 2690/3112/2526 2689/3111/2525 2677/3098/2513
f 2679/3100/2515 2691/3113/2527 2690/3112/2526 2678/3099/2514
f 2680/3101/2516 2692/3114/2528 2691/3113/2527 2679/3100/2515
f 2681/3102/2517 2693/3115/2529 2692/3114/2528 2680/3101/2516
f 2682/3103/2518 2694/3116/2530 2693/3115/2529 2681/3102/2517
f 2683/3104/2519 2695/3117/2531 2694/3116/2530 2682/3103/2518
f 2684/3105/2520 2696/3118/2532 2695/3117/2531 2683/3104/2519
f 2685/3094/2521 2697/3107/2533 2696/3118/2532 2684/3105/2520
f 2686/3106/2522 2698/3119/2534 2709/3120/2545 2697/3107/2533
f 2687/3108/2523 2699/3121/2535 2698/3122/2534 2686/3109/2522
f 2688/3110/2524 2700/3123/2536 2699/3121/2535 2687/3108/2523
f 2689/3111/2525 2701/3124/2537 2700/3123/2536 2688/3110/2524
f 2690/3112/2526 2702/3125/2538 2701/3124/2537 2689/3111/2525
f 2691/3113/2527 2703/3126/2539 2702/3125/2538 2690/3112/2526
f 2692/3114/2528 2704/3127/2540 2703/3126/2539 2691/3113/2527
f 2693/3115/2529 2705/3128/2541 2704/3127/2540 2692/3114/2528
f 2694/3116/2530 2706/3129/2542 2705/3128/2541 2693/3115/2529
f 2695/3117/2531 2707/3130/2543 2706/3129/2542 2694/3116/2530
f 2696/3118/2532 2708/3131/2544 2707/3130/2543 2695/3117/2531
f 2697/3107/2533 2709/3120/2545 2708/3131/2544 2696/3118/2532
f 2698/3119/2534 2710/3132/2546 2721/3133/2557 2709/3120/2545
f 2699/3121/2535 2711/3134/2547 2710/3135/2546 2698/3122/2534
f 2700/3123/2536 2712/3136/2548 2711/3134/2547 2699/3121/2535
f 2701/3124/2537 2713/3137/2549 2712/3136/2548 2700/3123/2536
f 2702/3125/2538 2714/3138/2550 2713/3137/2549 2701/3124/2537
f 2703/3126/2539 2715/3139/2551 2714/3138/2550 2702/3125/2538
f 2704/3127/2540 2716/3140/2552 2715/3139/2551 2703/3126/2539
f 2705/3128/2541 2717/3141/2553 2716/3140/2552 2704/3127/2540
f 2706/3129/2542 2718/3142/2554 2717/3141/2553 2705/3128/2541
f 2707/3130/2543 2719/3143/2555 2718/3142/2554 2706/3129/2542
f 2708/3131/2544 2720/3144/2556 2719/3143/2555 2707/3130/2543
f 2709/3120/2545 2721/3133/2557 2720/3144/2556 2708/3131/2544
o Plane
v -16.306841 0.000000 16.311243
v 24.577368 0.000000 16.311243
v -16.306841 31.280519 -24.572966
v 24.577368 31.280519 -24.572966
v -16.306841 0.000000 -18.656097
v -16.306841 5.916867 -24.572966
v -16.306841 0.148348 -19.972723
v -16.306841 0.585954 -21.223330
v -16.306841 1.290874 -22.345203
v -16.306841 2.227761 -23.282091
v -16.306841 3.349635 -23.987011
v -16.306841 4.600240 -24.424616
v 24.577368 5.916867 -24.572966
v 24.577368 0.000000 -18.656097
v 24.577368 4.600240 -24.424616
v 24.577368 3.349635 -23.987011
v 24.577368 2.227761 -23.282091
v 24.577368 1.290874 -22.345203
v 24.577368 0.585954 -21.223330
v 24.577368 0.148348 -19.972723
vn -0.0000 1.0000 -0.0000
vn -0.0000 -0.0000 1.0000
vn -0.0000 0.9984 0.0561
vn -0.0000 0.0561 0.9984
vn -0.0000 0.9749 0.2225
vn -0.0000 0.9010 0.4339
vn -0.0000 0.7818 0.6235
vn -0.0000 0.6235 0.7818
vn -0.0000 0.4339 0.9010
vn -0.0000 0.2225 0.9749
vt 0.000000 1.000000
vt 1.000000 1.000000
vt 0.000000 0.945510
vt 1.000000 0.945510
vt 0.000000 0.918070
vt 1.000000 0.918070
vt 0.000000 0.887481
vt 1.000000 0.887481
vt 0.000000 0.855277
vt 1.000000 0.855277
vt 0.000000 0.000000
vt 1.000000 0.000000
s 1
usemtl Material.009
f 2727/3145/2561 2734/3146/2561 2725/3146/2559 2724/3145/2559
f 2734/3146/2561 2727/3145/2561 2733/3145/2567 2736/3146/2567
f 2736/3146/2567 2733/3145/2567 2732/3145/2566 2737/3146/2566
f 2737/3146/2566 2732/3145/2566 2731/3145/2565 2738/3146/2565
f 2738/3146/2565 2731/3145/2565 2730/3147/2564 2739/3148/2564
f 2739/3148/2564 2730/3147/2564 2729/3149/2563 2740/3150/2563
f 2740/3150/2563 2729/3149/2563 2728/3151/2562 2741/3152/2562
f 2741/3152/2562 2728/3151/2562 2726/3153/2560 2735/3154/2560
f 2722/3155/2558 2723/3156/2558 2735/3154/2560 2726/3153/2560
o bottle.001
v 5.494557 4.377220 -2.880372
v 5.199313 4.377220 -2.625916
v 4.860100 4.377220 -2.433948
v 4.489954 4.377220 -2.311845
v 4.103099 4.377220 -2.264301
v 3.714402 4.377220 -2.293142
v 3.338800 4.377220 -2.397259
v 2.990728 4.377220 -2.572653
v 2.683562 4.377220 -2.812582
v 2.429105 4.377220 -3.107825
v 5.494557 0.962937 -2.880372
v 5.199313 0.962937 -2.625916
v 4.860100 0.962937 -2.433948
v 4.489954 0.962937 -2.311845
v 4.103099 0.962937 -2.264301
v 3.714402 0.962937 -2.293142
v 3.338800 0.962937 -2.397259
v 2.990728 0.962937 -2.572653
v 2.683562 0.962937 -2.812582
v 2.429105 0.962937 -3.107825
vn 0.6528 -0.0000 0.7575
vn 0.5755 -0.0000 0.8178
vn 0.4048 -0.0000 0.9144
vn 0.2187 -0.0000 0.9758
vn 0.0241 -0.0000 0.9997
vn -0.1714 -0.0000 0.9852
vn -0.3603 -0.0000 0.9328
vn -0.5354 -0.0000 0.8446
vn -0.6899 -0.0000 0.7239
vn -0.7575 -0.0000 0.6528
vt 0.226797 0.063736
vt 0.226797 0.930687
vt 0.160315 0.914813
vt 0.149203 0.063736
vt 0.304391 0.063736
vt 0.304391 0.930687
vt 0.381985 0.063736
vt 0.381985 0.930687
vt 0.459578 0.063736
vt 0.459578 0.930687
vt 0.537172 0.063736
vt 0.537172 0.930687
vt 0.614766 0.063736
vt 0.614766 0.930687
vt 0.692359 0.063736
vt 0.692359 0.930687
vt 0.769953 0.063736
vt 0.769953 0.930687
vt 0.847547 0.063736
vt 0.839610 0.917988
s 1
usemtl Material.010
f 2760/3157/2576 2750/3158/2576 2751/3159/2577 2761/3160/2577
f 2759/3161/2575 2749/3162/2575 2750/3158/2576 2760/3157/2576
f 2758/3163/2574 2748/3164/2574 2749/3162/2575 2759/3161/2575
f 2757/3165/2573 2747/3166/2573 2748/3164/2574 2758/3163/2574
f 2756/3167/2572 2746/3168/2572 2747/3166/2573 2757/3165/2573
f 2755/3169/2571 2745/3170/2571 2746/3168/2572 2756/3167/2572
f 2754/3171/2570 2744/3172/2570 2745/3170/2571 2755/3169/2571
f 2753/3173/2569 2743/3174/2569 2744/3172/2570 2754/3171/2570
f 2752/3175/2568 2742/3176/2568 2743/3174/2569 2753/3173/2569
